{
  "mode": "neural",
  "seed": 57,
  "spawn_rate": 1.0,
  "duration_s": 180.00036000001444,
  "fixed_dt_s": 0.0166667,
  "rl": {
    "model_path": "models/rl_qtable.json",
    "training": false,
    "epsilon": null,
    "updates": 0
  },
  "neural": {
    "model_path": "models/neural_hybrid.pt",
    "collect_data": false,
    "data_path": "data/neural/greedy_data.csv",
    "teacher_policy": "greedy"
  },
  "intersections": [
    {
      "avg_wait": 8.21495895862141,
      "avg_wait_right": 8.283349900000715,
      "avg_wait_down": 10.622937912500936,
      "avg_wait_left": 6.91061988181882,
      "avg_wait_up": 8.625017250000724,
      "p95_wait": 20.650041300002243,
      "max_wait": 22.950045900002493,
      "throughput": 17.666631333402584,
      "avg_queue": 3.1083333333333334,
      "max_queue": 11,
      "queues": [
        0,
        1,
        4,
        0
      ],
      "crossed": 53,
      "spawned": 58,
      "external_spawned": 32,
      "transferred_in": 26,
      "exited_world": 40,
      "red_light_violations": 0,
      "fairness": 0.36764705882352944,
      "iid": 0
    },
    {
      "avg_wait": 7.120384611111796,
      "avg_wait_right": 5.137311861905268,
      "avg_wait_down": 7.163347660000629,
      "avg_wait_left": 5.047926762500413,
      "avg_wait_up": 10.828354990001134,
      "p95_wait": 19.016704700002066,
      "max_wait": 21.750043500002363,
      "throughput": 21.999956000086236,
      "avg_queue": 4.05,
      "max_queue": 9,
      "queues": [
        0,
        5,
        0,
        1
      ],
      "crossed": 66,
      "spawned": 72,
      "external_spawned": 57,
      "transferred_in": 15,
      "exited_world": 37,
      "red_light_violations": 0,
      "fairness": 0.34615384615384615,
      "iid": 1
    },
    {
      "avg_wait": 9.818630748334076,
      "avg_wait_right": 8.79029535833395,
      "avg_wait_down": 9.984230494737494,
      "avg_wait_left": 10.657428722223155,
      "avg_wait_up": 9.281836745455273,
      "p95_wait": 24.466715600002658,
      "max_wait": 29.300058600003183,
      "throughput": 19.33329466674245,
      "avg_queue": 3.688888888888889,
      "max_queue": 10,
      "queues": [
        1,
        0,
        0,
        1
      ],
      "crossed": 58,
      "spawned": 60,
      "external_spawned": 43,
      "transferred_in": 17,
      "exited_world": 34,
      "red_light_violations": 0,
      "fairness": 0.5,
      "iid": 2
    },
    {
      "avg_wait": 9.93629438235386,
      "avg_wait_right": 8.64401728800073,
      "avg_wait_down": 9.755019510000947,
      "avg_wait_left": 11.95899827692416,
      "avg_wait_up": 10.900021800001117,
      "p95_wait": 20.51670770000223,
      "max_wait": 31.21672910000339,
      "throughput": 19.999960000078396,
      "avg_queue": 4.55,
      "max_queue": 10,
      "queues": [
        3,
        1,
        3,
        1
      ],
      "crossed": 60,
      "spawned": 68,
      "external_spawned": 48,
      "transferred_in": 20,
      "exited_world": 41,
      "red_light_violations": 0,
      "fairness": 0.8,
      "iid": 3
    }
  ],
  "overall": {
    "avg_wait": 8.772567175105285,
    "avg_wait_right": 7.713743602060166,
    "avg_wait_down": 9.381383894310002,
    "avg_wait_left": 8.643743410866637,
    "avg_wait_up": 9.908807696364562,
    "p95_wait": 21.1625423250023,
    "throughput": 78.99984200030967,
    "avg_queue": 3.8493055555555555,
    "fairness": 0.5034502262443439,
    "crossed": 237,
    "spawned": 258,
    "external_spawned": 180,
    "transferred_in": 78,
    "exited_world": 152,
    "red_light_violations": 0
  }
}