{
  "mode": "rl",
  "seed": 52,
  "spawn_rate": 2.0,
  "duration_s": 180.00036000001444,
  "fixed_dt_s": 0.0166667,
  "rl": {
    "model_path": "models/rl_best_final_final_results.json",
    "training": false,
    "epsilon": 0.08207181587385382,
    "updates": 0,
    "state_profile": "fine",
    "state_table_size": 9216
  },
  "neural": {
    "model_path": "models/neural_hybrid.pt",
    "collect_data": false,
    "data_path": "data/neural/greedy_data.csv",
    "teacher_policy": "greedy"
  },
  "intersections": [
    {
      "avg_wait": 13.70091235752342,
      "avg_wait_right": 13.023214452175042,
      "avg_wait_down": 13.308693284001299,
      "avg_wait_left": 15.311935385715879,
      "avg_wait_up": 12.66780311333441,
      "p95_wait": 36.35007270000395,
      "max_wait": 43.33342000000471,
      "throughput": 32.66660133346138,
      "avg_queue": 9.988888888888889,
      "max_queue": 20,
      "queues": [
        5,
        2,
        2,
        6
      ],
      "crossed": 98,
      "spawned": 113,
      "external_spawned": 83,
      "transferred_in": 30,
      "exited_world": 57,
      "red_light_violations": 0,
      "fairness": 0.8152173913043478,
      "iid": 0
    },
    {
      "avg_wait": 14.057582071943775,
      "avg_wait_right": 15.706698080001402,
      "avg_wait_down": 11.897873258065726,
      "avg_wait_left": 15.57124326363794,
      "avg_wait_up": 13.355099173914269,
      "p95_wait": 41.283415900004485,
      "max_wait": 52.700105400005725,
      "throughput": 40.66658533349274,
      "avg_queue": 12.919444444444444,
      "max_queue": 21,
      "queues": [
        3,
        5,
        4,
        5
      ],
      "crossed": 122,
      "spawned": 139,
      "external_spawned": 105,
      "transferred_in": 34,
      "exited_world": 77,
      "red_light_violations": 0,
      "fairness": 0.9633333333333334,
      "iid": 1
    },
    {
      "avg_wait": 12.13295437338814,
      "avg_wait_right": 11.959872404546577,
      "avg_wait_down": 11.558888365958408,
      "avg_wait_left": 14.010992934211826,
      "avg_wait_up": 9.746097923530002,
      "p95_wait": 30.783394900003344,
      "max_wait": 39.85007970000433,
      "throughput": 35.33326266680517,
      "avg_queue": 8.863888888888889,
      "max_queue": 21,
      "queues": [
        3,
        8,
        2,
        5
      ],
      "crossed": 106,
      "spawned": 124,
      "external_spawned": 82,
      "transferred_in": 42,
      "exited_world": 72,
      "red_light_violations": 0,
      "fairness": 0.7941176470588235,
      "iid": 2
    },
    {
      "avg_wait": 15.078301761482935,
      "avg_wait_right": 16.32716443721091,
      "avg_wait_down": 15.40099234038615,
      "avg_wait_left": 11.605095673914123,
      "avg_wait_up": 15.63140381176603,
      "p95_wait": 37.93340920000412,
      "max_wait": 46.31675930000503,
      "throughput": 41.33325066682868,
      "avg_queue": 12.808333333333334,
      "max_queue": 24,
      "queues": [
        5,
        2,
        3,
        1
      ],
      "crossed": 124,
      "spawned": 135,
      "external_spawned": 90,
      "transferred_in": 45,
      "exited_world": 86,
      "red_light_violations": 0,
      "fairness": 0.7756410256410257,
      "iid": 3
    }
  ],
  "overall": {
    "avg_wait": 13.742437641084567,
    "avg_wait_right": 14.254237343483483,
    "avg_wait_down": 13.041611812102897,
    "avg_wait_left": 14.124816814369943,
    "avg_wait_up": 12.850101005636176,
    "p95_wait": 36.587573175003975,
    "throughput": 149.99970000058798,
    "avg_queue": 11.145138888888889,
    "fairness": 0.8370773493343826,
    "crossed": 450,
    "spawned": 511,
    "external_spawned": 360,
    "transferred_in": 151,
    "exited_world": 292,
    "red_light_violations": 0
  }
}