{
  "mode": "adaptive",
  "seed": 51,
  "spawn_rate": 2.0,
  "duration_s": 180.00036000001444,
  "fixed_dt_s": 0.0166667,
  "rl": {
    "model_path": "models/rl_qtable.json",
    "training": false,
    "epsilon": null,
    "updates": 0,
    "state_profile": "default",
    "state_table_size": 4096
  },
  "neural": {
    "model_path": "models/neural_hybrid.pt",
    "collect_data": false,
    "data_path": "data/neural/greedy_data.csv",
    "teacher_policy": "greedy"
  },
  "intersections": [
    {
      "avg_wait": 13.176878205556777,
      "avg_wait_right": 10.921896843750915,
      "avg_wait_down": 11.289705119048687,
      "avg_wait_left": 12.086928935715308,
      "avg_wait_up": 15.858201650981991,
      "p95_wait": 31.500063000003422,
      "max_wait": 41.66675000000453,
      "throughput": 41.99991600016463,
      "avg_queue": 12.566666666666666,
      "max_queue": 21,
      "queues": [
        0,
        1,
        12,
        5
      ],
      "crossed": 126,
      "spawned": 144,
      "external_spawned": 94,
      "transferred_in": 50,
      "exited_world": 90,
      "red_light_violations": 0,
      "fairness": 0.4764705882352941,
      "iid": 0
    },
    {
      "avg_wait": 11.585901034352268,
      "avg_wait_right": 14.392305207318508,
      "avg_wait_down": 9.578049459091815,
      "avg_wait_left": 8.170254435715025,
      "avg_wait_up": 12.204607742501192,
      "p95_wait": 30.783394900003344,
      "max_wait": 44.816756300004315,
      "throughput": 38.99992200015287,
      "avg_queue": 11.202777777777778,
      "max_queue": 19,
      "queues": [
        6,
        3,
        1,
        4
      ],
      "crossed": 117,
      "spawned": 131,
      "external_spawned": 96,
      "transferred_in": 35,
      "exited_world": 71,
      "red_light_violations": 0,
      "fairness": 0.7903225806451613,
      "iid": 1
    },
    {
      "avg_wait": 10.914004878814598,
      "avg_wait_right": 9.029184725000857,
      "avg_wait_down": 12.628358590001158,
      "avg_wait_left": 10.800021600001068,
      "avg_wait_up": 9.638908166667598,
      "p95_wait": 25.96671860000282,
      "max_wait": 30.93339520000336,
      "throughput": 34.33326466680124,
      "avg_queue": 9.102777777777778,
      "max_queue": 17,
      "queues": [
        1,
        8,
        3,
        3
      ],
      "crossed": 103,
      "spawned": 118,
      "external_spawned": 86,
      "transferred_in": 32,
      "exited_world": 63,
      "red_light_violations": 0,
      "fairness": 0.677710843373494,
      "iid": 2
    },
    {
      "avg_wait": 8.894989054311152,
      "avg_wait_right": 9.797882843590646,
      "avg_wait_down": 9.905853145000858,
      "avg_wait_left": 7.357792493333993,
      "avg_wait_up": 6.504558463637008,
      "p95_wait": 24.800049600002694,
      "max_wait": 29.71672610000323,
      "throughput": 34.99993000013719,
      "avg_queue": 7.6,
      "max_queue": 14,
      "queues": [
        2,
        3,
        3,
        3
      ],
      "crossed": 105,
      "spawned": 116,
      "external_spawned": 84,
      "transferred_in": 32,
      "exited_world": 69,
      "red_light_violations": 0,
      "fairness": 0.9758064516129032,
      "iid": 3
    }
  ],
  "overall": {
    "avg_wait": 11.1429432932587,
    "avg_wait_right": 11.035317404915231,
    "avg_wait_down": 10.850491578285629,
    "avg_wait_left": 9.603749366191348,
    "avg_wait_up": 11.051569005946947,
    "p95_wait": 28.26255652500307,
    "throughput": 150.33303266725594,
    "avg_queue": 10.118055555555555,
    "fairness": 0.7300776159667132,
    "crossed": 451,
    "spawned": 509,
    "external_spawned": 360,
    "transferred_in": 149,
    "exited_world": 293,
    "red_light_violations": 0
  }
}