{
  "mode": "rl",
  "seed": 45,
  "spawn_rate": 2.0,
  "duration_s": 300.00059999995244,
  "fixed_dt_s": 0.0166667,
  "rl": {
    "model_path": "models/studies/final_final_results_train10/shared_qtable.json",
    "training": true,
    "epsilon": 0.02,
    "updates": 213,
    "state_profile": "fine",
    "state_table_size": 9216
  },
  "neural": {
    "model_path": "models/neural_hybrid.pt",
    "collect_data": false,
    "data_path": "data/neural/greedy_data.csv",
    "teacher_policy": "greedy"
  },
  "intersections": [
    {
      "avg_wait": 15.992175890305683,
      "avg_wait_right": 14.574222696769906,
      "avg_wait_down": 7.020317070908076,
      "avg_wait_left": 19.334887154542912,
      "avg_wait_up": 20.367488651558975,
      "p95_wait": 40.266747200004374,
      "max_wait": 60.40012080000656,
      "throughput": 41.39991720017216,
      "avg_queue": 15.821666666666667,
      "max_queue": 27,
      "queues": [
        1,
        5,
        8,
        6
      ],
      "crossed": 207,
      "spawned": 227,
      "external_spawned": 168,
      "transferred_in": 59,
      "exited_world": 127,
      "red_light_violations": 0,
      "fairness": 0.7936507936507936,
      "iid": 0
    },
    {
      "avg_wait": 18.685029828503797,
      "avg_wait_right": 20.76939637741528,
      "avg_wait_down": 18.487980238295386,
      "avg_wait_left": 14.011694689998425,
      "avg_wait_up": 19.61508552638572,
      "p95_wait": 51.93343719997213,
      "max_wait": 67.65013530000735,
      "throughput": 38.99992200016218,
      "avg_queue": 16.545,
      "max_queue": 29,
      "queues": [
        2,
        7,
        6,
        11
      ],
      "crossed": 195,
      "spawned": 221,
      "external_spawned": 156,
      "transferred_in": 65,
      "exited_world": 116,
      "red_light_violations": 0,
      "fairness": 0.8047619047619048,
      "iid": 1
    },
    {
      "avg_wait": 13.885845079325417,
      "avg_wait_right": 13.08742454877824,
      "avg_wait_down": 13.021057788092264,
      "avg_wait_left": 16.80383477719357,
      "avg_wait_up": 11.541689749999822,
      "p95_wait": 36.950073900004014,
      "max_wait": 64.60012920000702,
      "throughput": 39.99992000016634,
      "avg_queue": 11.93,
      "max_queue": 25,
      "queues": [
        4,
        1,
        2,
        1
      ],
      "crossed": 200,
      "spawned": 208,
      "external_spawned": 133,
      "transferred_in": 75,
      "exited_world": 131,
      "red_light_violations": 0,
      "fairness": 0.7272727272727273,
      "iid": 2
    },
    {
      "avg_wait": 19.609660431359796,
      "avg_wait_right": 22.11671089999538,
      "avg_wait_down": 22.53090091756627,
      "avg_wait_left": 20.209936253113646,
      "avg_wait_up": 10.271611452271323,
      "p95_wait": 49.93343319993039,
      "max_wait": 69.90013980000418,
      "throughput": 39.99992000016634,
      "avg_queue": 15.313333333333333,
      "max_queue": 30,
      "queues": [
        7,
        4,
        7,
        2
      ],
      "crossed": 200,
      "spawned": 220,
      "external_spawned": 143,
      "transferred_in": 77,
      "exited_world": 132,
      "red_light_violations": 0,
      "fairness": 0.847457627118644,
      "iid": 3
    }
  ],
  "overall": {
    "avg_wait": 17.043177807373674,
    "avg_wait_right": 17.6369386307397,
    "avg_wait_down": 15.2650640037155,
    "avg_wait_left": 17.59008821871214,
    "avg_wait_up": 15.44896884505396,
    "p95_wait": 44.77092287497773,
    "throughput": 160.39967920066704,
    "avg_queue": 14.9025,
    "fairness": 0.7932857632010174,
    "crossed": 802,
    "spawned": 876,
    "external_spawned": 600,
    "transferred_in": 276,
    "exited_world": 506,
    "red_light_violations": 0
  }
}