{
  "mode": "rl",
  "seed": 43,
  "spawn_rate": 2.0,
  "duration_s": 300.00059999995244,
  "fixed_dt_s": 0.0166667,
  "rl": {
    "model_path": "models/studies/final_final_results_train10/shared_qtable.json",
    "training": true,
    "epsilon": 0.02,
    "updates": 208,
    "state_profile": "fine",
    "state_table_size": 9216
  },
  "neural": {
    "model_path": "models/neural_hybrid.pt",
    "collect_data": false,
    "data_path": "data/neural/greedy_data.csv",
    "teacher_policy": "greedy"
  },
  "intersections": [
    {
      "avg_wait": 16.843909656741065,
      "avg_wait_right": 12.12965388888152,
      "avg_wait_down": 10.393076341662551,
      "avg_wait_left": 18.355015064932992,
      "avg_wait_up": 21.171001937877307,
      "p95_wait": 47.01676069997785,
      "max_wait": 63.0667927999979,
      "throughput": 38.79992240016135,
      "avg_queue": 13.696666666666667,
      "max_queue": 28,
      "queues": [
        5,
        7,
        5,
        4
      ],
      "crossed": 194,
      "spawned": 215,
      "external_spawned": 145,
      "transferred_in": 70,
      "exited_world": 129,
      "red_light_violations": 0,
      "fairness": 0.9586956521739131,
      "iid": 0
    },
    {
      "avg_wait": 15.542263361987002,
      "avg_wait_right": 15.29825281866082,
      "avg_wait_down": 11.897708980554071,
      "avg_wait_left": 11.989454873169542,
      "avg_wait_up": 19.820087949270555,
      "p95_wait": 40.06674679994825,
      "max_wait": 62.98345929995122,
      "throughput": 38.99992200016218,
      "avg_queue": 13.465,
      "max_queue": 26,
      "queues": [
        13,
        6,
        4,
        3
      ],
      "crossed": 195,
      "spawned": 221,
      "external_spawned": 155,
      "transferred_in": 66,
      "exited_world": 122,
      "red_light_violations": 0,
      "fairness": 0.7347826086956522,
      "iid": 1
    },
    {
      "avg_wait": 17.097494512378553,
      "avg_wait_right": 13.29190692564017,
      "avg_wait_down": 13.497567978686853,
      "avg_wait_left": 20.730279555711665,
      "avg_wait_up": 19.940456547495366,
      "p95_wait": 46.68342670000507,
      "max_wait": 66.91680050000727,
      "throughput": 39.99992000016634,
      "avg_queue": 14.516666666666667,
      "max_queue": 27,
      "queues": [
        1,
        2,
        0,
        7
      ],
      "crossed": 200,
      "spawned": 210,
      "external_spawned": 143,
      "transferred_in": 67,
      "exited_world": 121,
      "red_light_violations": 0,
      "fairness": 0.46296296296296297,
      "iid": 2
    },
    {
      "avg_wait": 15.756994476886112,
      "avg_wait_right": 13.764819196248633,
      "avg_wait_down": 19.17593578769044,
      "avg_wait_left": 13.055184840473927,
      "avg_wait_up": 17.08906926578161,
      "p95_wait": 45.23342379995432,
      "max_wait": 59.366785399956996,
      "throughput": 40.399919200168,
      "avg_queue": 14.631666666666666,
      "max_queue": 31,
      "queues": [
        11,
        5,
        4,
        3
      ],
      "crossed": 202,
      "spawned": 225,
      "external_spawned": 157,
      "transferred_in": 68,
      "exited_world": 129,
      "red_light_violations": 0,
      "fairness": 0.7733918128654971,
      "iid": 3
    }
  ],
  "overall": {
    "avg_wait": 16.310165501998185,
    "avg_wait_right": 13.621158207357785,
    "avg_wait_down": 13.741072272148479,
    "avg_wait_left": 16.03248358357203,
    "avg_wait_up": 19.50515392510621,
    "p95_wait": 44.750089499971374,
    "throughput": 158.19968360065786,
    "avg_queue": 14.0775,
    "fairness": 0.7324582591745064,
    "crossed": 791,
    "spawned": 871,
    "external_spawned": 600,
    "transferred_in": 271,
    "exited_world": 501,
    "red_light_violations": 0
  }
}