{
  "mode": "rl",
  "seed": 43,
  "spawn_rate": 2.0,
  "duration_s": 300.00059999995244,
  "fixed_dt_s": 0.0166667,
  "rl": {
    "model_path": "models/studies/final_final_results_train10/shared_qtable.json",
    "training": true,
    "epsilon": 0.02,
    "updates": 212,
    "state_profile": "fine",
    "state_table_size": 9216
  },
  "neural": {
    "model_path": "models/neural_hybrid.pt",
    "collect_data": false,
    "data_path": "data/neural/greedy_data.csv",
    "teacher_policy": "greedy"
  },
  "intersections": [
    {
      "avg_wait": 15.633617125757233,
      "avg_wait_right": 9.235289788371478,
      "avg_wait_down": 18.275730995832586,
      "avg_wait_left": 15.164532493505806,
      "avg_wait_up": 20.223188594444988,
      "p95_wait": 41.08341550000446,
      "max_wait": 58.73345080000638,
      "throughput": 36.399927200151375,
      "avg_queue": 13.978333333333333,
      "max_queue": 28,
      "queues": [
        6,
        0,
        6,
        4
      ],
      "crossed": 182,
      "spawned": 198,
      "external_spawned": 148,
      "transferred_in": 50,
      "exited_world": 121,
      "red_light_violations": 0,
      "fairness": 0.7272727272727273,
      "iid": 0
    },
    {
      "avg_wait": 15.521236050232016,
      "avg_wait_right": 18.7532842597373,
      "avg_wait_down": 10.007266391302942,
      "avg_wait_left": 9.677470335291709,
      "avg_wait_up": 19.154502594639183,
      "p95_wait": 44.21675510000444,
      "max_wait": 64.450128900007,
      "throughput": 38.199923600158854,
      "avg_queue": 14.266666666666667,
      "max_queue": 25,
      "queues": [
        13,
        3,
        5,
        1
      ],
      "crossed": 191,
      "spawned": 213,
      "external_spawned": 157,
      "transferred_in": 56,
      "exited_world": 116,
      "red_light_violations": 0,
      "fairness": 0.5931372549019608,
      "iid": 1
    },
    {
      "avg_wait": 15.237309057485152,
      "avg_wait_right": 9.470449048387465,
      "avg_wait_down": 16.725855047886505,
      "avg_wait_left": 16.20003239999704,
      "avg_wait_up": 15.266697199989844,
      "p95_wait": 42.750085500004644,
      "max_wait": 57.90011579993126,
      "throughput": 37.19992560015469,
      "avg_queue": 12.753333333333334,
      "max_queue": 21,
      "queues": [
        1,
        3,
        8,
        9
      ],
      "crossed": 186,
      "spawned": 207,
      "external_spawned": 142,
      "transferred_in": 65,
      "exited_world": 133,
      "red_light_violations": 0,
      "fairness": 0.7112903225806452,
      "iid": 2
    },
    {
      "avg_wait": 15.77047598532784,
      "avg_wait_right": 12.112145436362805,
      "avg_wait_down": 21.12341181194552,
      "avg_wait_left": 10.275989544185189,
      "avg_wait_up": 15.15558586666115,
      "p95_wait": 43.966754600004776,
      "max_wait": 58.75011749995093,
      "throughput": 40.19991960016717,
      "avg_queue": 15.058333333333334,
      "max_queue": 35,
      "queues": [
        4,
        13,
        2,
        5
      ],
      "crossed": 201,
      "spawned": 225,
      "external_spawned": 153,
      "transferred_in": 72,
      "exited_world": 136,
      "red_light_violations": 0,
      "fairness": 0.6728971962616822,
      "iid": 3
    }
  ],
  "overall": {
    "avg_wait": 15.54065955470056,
    "avg_wait_right": 12.392792133214762,
    "avg_wait_down": 16.533066061741888,
    "avg_wait_left": 12.829506193244935,
    "avg_wait_up": 17.44999356393379,
    "p95_wait": 43.00425267500458,
    "throughput": 151.9996960006321,
    "avg_queue": 14.014166666666668,
    "fairness": 0.6761493752542539,
    "crossed": 760,
    "spawned": 843,
    "external_spawned": 600,
    "transferred_in": 243,
    "exited_world": 506,
    "red_light_violations": 0
  }
}