{
  "mode": "greedy",
  "seed": 29,
  "spawn_rate": 1.0,
  "duration_s": 300.0000000000558,
  "fixed_dt_s": 0.016666666666666666,
  "rl": {
    "model_path": "models/rl_qtable.json",
    "training": false,
    "epsilon": null,
    "updates": 0
  },
  "neural": {
    "model_path": "models/neural_greedy.pt",
    "collect_data": true,
    "data_path": "data/neural/greedy_train.csv"
  },
  "intersections": [
    {
      "avg_wait": 27.74304207120095,
      "avg_wait_right": 16.713888888895188,
      "avg_wait_down": 18.749275362323647,
      "avg_wait_left": 33.66439393939787,
      "avg_wait_up": 34.62083333333469,
      "p95_wait": 79.78333333335416,
      "max_wait": 196.1666666667332,
      "throughput": 18.199999999996614,
      "avg_queue": 8.541379310344828,
      "max_queue": 18,
      "queues": [
        1,
        2,
        0,
        9
      ],
      "crossed": 91,
      "spawned": 103,
      "external_spawned": 81,
      "transferred_in": 22,
      "exited_world": 47,
      "red_light_violations": 0,
      "fairness": 0.4186046511627907,
      "iid": 0
    },
    {
      "avg_wait": 25.66111111111812,
      "avg_wait_right": 27.580208333342107,
      "avg_wait_down": 14.887500000006465,
      "avg_wait_left": 32.097435897435005,
      "avg_wait_up": 27.56351351352207,
      "p95_wait": 70.36666666666557,
      "max_wait": 114.0500000000157,
      "throughput": 18.399999999996577,
      "avg_queue": 8.017241379310345,
      "max_queue": 18,
      "queues": [
        0,
        1,
        7,
        2
      ],
      "crossed": 92,
      "spawned": 102,
      "external_spawned": 67,
      "transferred_in": 35,
      "exited_world": 58,
      "red_light_violations": 0,
      "fairness": 0.46296296296296297,
      "iid": 1
    },
    {
      "avg_wait": 27.231039755357592,
      "avg_wait_right": 11.890740740740618,
      "avg_wait_down": 23.523255813959107,
      "avg_wait_left": 32.182812500009746,
      "avg_wait_up": 44.55000000000581,
      "p95_wait": 83.18333333338757,
      "max_wait": 189.33333333340607,
      "throughput": 19.599999999996353,
      "avg_queue": 8.870689655172415,
      "max_queue": 19,
      "queues": [
        3,
        6,
        2,
        0
      ],
      "crossed": 98,
      "spawned": 109,
      "external_spawned": 76,
      "transferred_in": 33,
      "exited_world": 67,
      "red_light_violations": 0,
      "fairness": 0.6173469387755102,
      "iid": 2
    },
    {
      "avg_wait": 24.421666666672955,
      "avg_wait_right": 23.18947368421225,
      "avg_wait_down": 21.241452991462477,
      "avg_wait_left": 38.47023809524807,
      "avg_wait_up": 23.06228070176051,
      "p95_wait": 67.11666666664644,
      "max_wait": 82.416666666662,
      "throughput": 19.999999999996277,
      "avg_queue": 9.527586206896551,
      "max_queue": 17,
      "queues": [
        5,
        2,
        2,
        1
      ],
      "crossed": 100,
      "spawned": 110,
      "external_spawned": 76,
      "transferred_in": 34,
      "exited_world": 68,
      "red_light_violations": 0,
      "fairness": 0.7352941176470589,
      "iid": 3
    }
  ],
  "overall": {
    "avg_wait": 26.264214901087406,
    "avg_wait_right": 19.84357791179754,
    "avg_wait_down": 19.600371041937926,
    "avg_wait_left": 34.10372010802267,
    "avg_wait_up": 32.449156887155766,
    "p95_wait": 75.11250000001343,
    "throughput": 76.19999999998582,
    "avg_queue": 8.739224137931036,
    "fairness": 0.5585521676370807,
    "crossed": 381,
    "spawned": 424,
    "external_spawned": 300,
    "transferred_in": 124,
    "exited_world": 240,
    "red_light_violations": 0
  }
}