{
  "mode": "rl",
  "seed": 48,
  "spawn_rate": 2.0,
  "duration_s": 180.00036000001444,
  "fixed_dt_s": 0.0166667,
  "rl": {
    "model_path": "models\\epoch_snapshots\\final_final_results_train10\\epoch_002.json",
    "training": false,
    "epsilon": 0.03420513723603964,
    "updates": 0,
    "state_profile": "fine",
    "state_table_size": 9216
  },
  "neural": {
    "model_path": "models/neural_hybrid.pt",
    "collect_data": false,
    "data_path": "data/neural/greedy_data.csv",
    "teacher_policy": "greedy"
  },
  "intersections": [
    {
      "avg_wait": 14.016440246566237,
      "avg_wait_right": 14.86854825555698,
      "avg_wait_down": 14.53086239500145,
      "avg_wait_left": 12.312743923685408,
      "avg_wait_up": 14.727605212728673,
      "p95_wait": 37.28340790000405,
      "max_wait": 54.51677570000592,
      "throughput": 41.33325066682868,
      "avg_queue": 11.002777777777778,
      "max_queue": 20,
      "queues": [
        4,
        3,
        0,
        0
      ],
      "crossed": 124,
      "spawned": 131,
      "external_spawned": 87,
      "transferred_in": 44,
      "exited_world": 88,
      "red_light_violations": 0,
      "fairness": 0.49,
      "iid": 0
    },
    {
      "avg_wait": 12.747247716667907,
      "avg_wait_right": 10.895550246342527,
      "avg_wait_down": 15.007437422223518,
      "avg_wait_left": 12.959829841177744,
      "avg_wait_up": 13.46593602272864,
      "p95_wait": 35.933405200003904,
      "max_wait": 45.36675740000493,
      "throughput": 35.33326266680517,
      "avg_queue": 9.280555555555555,
      "max_queue": 22,
      "queues": [
        6,
        4,
        2,
        2
      ],
      "crossed": 106,
      "spawned": 120,
      "external_spawned": 83,
      "transferred_in": 37,
      "exited_world": 74,
      "red_light_violations": 0,
      "fairness": 0.8166666666666667,
      "iid": 1
    },
    {
      "avg_wait": 13.022707749625257,
      "avg_wait_right": 12.1625243250013,
      "avg_wait_down": 10.905818913044515,
      "avg_wait_left": 17.095760687181023,
      "avg_wait_up": 11.601875055556556,
      "p95_wait": 37.050074100004025,
      "max_wait": 53.83344100000585,
      "throughput": 37.99992400014895,
      "avg_queue": 11.902777777777779,
      "max_queue": 24,
      "queues": [
        2,
        4,
        6,
        7
      ],
      "crossed": 114,
      "spawned": 133,
      "external_spawned": 98,
      "transferred_in": 35,
      "exited_world": 75,
      "red_light_violations": 0,
      "fairness": 0.8595238095238096,
      "iid": 2
    },
    {
      "avg_wait": 11.672580816380316,
      "avg_wait_right": 9.017694803031159,
      "avg_wait_down": 15.271747715152681,
      "avg_wait_left": 12.603358540001047,
      "avg_wait_up": 10.013353360000972,
      "p95_wait": 34.76673620000378,
      "max_wait": 48.15009630000523,
      "throughput": 36.33326066680909,
      "avg_queue": 9.802777777777777,
      "max_queue": 17,
      "queues": [
        2,
        2,
        2,
        1
      ],
      "crossed": 109,
      "spawned": 116,
      "external_spawned": 92,
      "transferred_in": 24,
      "exited_world": 62,
      "red_light_violations": 0,
      "fairness": 0.9423076923076923,
      "iid": 3
    }
  ],
  "overall": {
    "avg_wait": 12.86474413230993,
    "avg_wait_right": 11.736079407482991,
    "avg_wait_down": 13.928966611355541,
    "avg_wait_left": 13.742923248011305,
    "avg_wait_up": 12.45219241275371,
    "p95_wait": 36.25840585000394,
    "throughput": 150.99969800059188,
    "avg_queue": 10.497222222222222,
    "fairness": 0.7771245421245421,
    "crossed": 453,
    "spawned": 500,
    "external_spawned": 360,
    "transferred_in": 140,
    "exited_world": 299,
    "red_light_violations": 0
  }
}