{
  "mode": "rl",
  "seed": 41,
  "spawn_rate": 2.0,
  "duration_s": 300.00059999995244,
  "fixed_dt_s": 0.0166667,
  "rl": {
    "model_path": "models/studies/final_final_results_train10/shared_qtable.json",
    "training": true,
    "epsilon": 0.02,
    "updates": 213,
    "state_profile": "fine",
    "state_table_size": 9216
  },
  "neural": {
    "model_path": "models/neural_hybrid.pt",
    "collect_data": false,
    "data_path": "data/neural/greedy_data.csv",
    "teacher_policy": "greedy"
  },
  "intersections": [
    {
      "avg_wait": 18.168453384013368,
      "avg_wait_right": 22.65219584193317,
      "avg_wait_down": 12.723529720512026,
      "avg_wait_left": 16.641699949995427,
      "avg_wait_up": 20.878914997174466,
      "p95_wait": 55.08344349998211,
      "max_wait": 67.1501343000073,
      "throughput": 38.399923200159684,
      "avg_queue": 13.968333333333334,
      "max_queue": 30,
      "queues": [
        3,
        2,
        10,
        12
      ],
      "crossed": 192,
      "spawned": 219,
      "external_spawned": 140,
      "transferred_in": 79,
      "exited_world": 120,
      "red_light_violations": 0,
      "fairness": 0.7091439688715954,
      "iid": 0
    },
    {
      "avg_wait": 18.14450564618629,
      "avg_wait_right": 21.765617301635807,
      "avg_wait_down": 13.802659184210764,
      "avg_wait_left": 14.183028365995623,
      "avg_wait_up": 20.065805897296865,
      "p95_wait": 45.71675810000497,
      "max_wait": 71.30014259998975,
      "throughput": 41.19991760017133,
      "avg_queue": 16.423333333333332,
      "max_queue": 28,
      "queues": [
        4,
        4,
        4,
        5
      ],
      "crossed": 206,
      "spawned": 223,
      "external_spawned": 166,
      "transferred_in": 57,
      "exited_world": 122,
      "red_light_violations": 0,
      "fairness": 0.9897260273972602,
      "iid": 1
    },
    {
      "avg_wait": 21.34638772192641,
      "avg_wait_right": 9.525257145712782,
      "avg_wait_down": 26.347969362497032,
      "avg_wait_left": 23.75848907532042,
      "avg_wait_up": 16.56531090832885,
      "p95_wait": 52.333438000005685,
      "max_wait": 75.85015170000824,
      "throughput": 39.79992040016551,
      "avg_queue": 18.133333333333333,
      "max_queue": 34,
      "queues": [
        4,
        11,
        11,
        3
      ],
      "crossed": 199,
      "spawned": 228,
      "external_spawned": 148,
      "transferred_in": 80,
      "exited_world": 127,
      "red_light_violations": 0,
      "fairness": 0.7874531835205992,
      "iid": 2
    },
    {
      "avg_wait": 15.06740770189309,
      "avg_wait_right": 13.157986514921834,
      "avg_wait_down": 20.570439150742203,
      "avg_wait_left": 14.306846795453458,
      "avg_wait_up": 8.78537110606059,
      "p95_wait": 41.50008300000451,
      "max_wait": 58.8834511000064,
      "throughput": 37.39992520015553,
      "avg_queue": 13.063333333333333,
      "max_queue": 27,
      "queues": [
        8,
        12,
        1,
        3
      ],
      "crossed": 187,
      "spawned": 211,
      "external_spawned": 146,
      "transferred_in": 65,
      "exited_world": 114,
      "red_light_violations": 0,
      "fairness": 0.6605504587155964,
      "iid": 3
    }
  ],
  "overall": {
    "avg_wait": 18.18168861350479,
    "avg_wait_right": 16.7752642010509,
    "avg_wait_down": 18.361149354490507,
    "avg_wait_left": 17.222516046691233,
    "avg_wait_up": 16.57385072721519,
    "p95_wait": 48.65843064999932,
    "throughput": 156.79968640065206,
    "avg_queue": 15.397083333333333,
    "fairness": 0.7867184096262628,
    "crossed": 784,
    "spawned": 881,
    "external_spawned": 600,
    "transferred_in": 281,
    "exited_world": 483,
    "red_light_violations": 0
  }
}