{
  "mode": "rl",
  "seed": 49,
  "spawn_rate": 2.0,
  "duration_s": 180.00036000001444,
  "fixed_dt_s": 0.0166667,
  "rl": {
    "model_path": "models\\epoch_snapshots\\final_final_results_train10\\epoch_007.json",
    "training": false,
    "epsilon": 0.02,
    "updates": 0,
    "state_profile": "fine",
    "state_table_size": 9216
  },
  "neural": {
    "model_path": "models/neural_hybrid.pt",
    "collect_data": false,
    "data_path": "data/neural/greedy_data.csv",
    "teacher_policy": "greedy"
  },
  "intersections": [
    {
      "avg_wait": 15.658306374826594,
      "avg_wait_right": 20.13615138333515,
      "avg_wait_down": 12.867734068751398,
      "avg_wait_left": 16.859008076924514,
      "avg_wait_up": 12.27780233333447,
      "p95_wait": 43.56675380000473,
      "max_wait": 59.783452900006495,
      "throughput": 41.33325066682868,
      "avg_queue": 14.905555555555555,
      "max_queue": 29,
      "queues": [
        4,
        4,
        11,
        0
      ],
      "crossed": 124,
      "spawned": 143,
      "external_spawned": 97,
      "transferred_in": 46,
      "exited_world": 83,
      "red_light_violations": 0,
      "fairness": 0.5898692810457516,
      "iid": 0
    },
    {
      "avg_wait": 14.24377848750134,
      "avg_wait_right": 17.515283257448466,
      "avg_wait_down": 14.652633471876483,
      "avg_wait_left": 12.043127534483812,
      "avg_wait_up": 11.902296531819264,
      "p95_wait": 38.31674330000416,
      "max_wait": 60.08345350000653,
      "throughput": 44.666577333508414,
      "avg_queue": 14.197222222222223,
      "max_queue": 27,
      "queues": [
        9,
        3,
        0,
        6
      ],
      "crossed": 134,
      "spawned": 152,
      "external_spawned": 113,
      "transferred_in": 39,
      "exited_world": 76,
      "red_light_violations": 0,
      "fairness": 0.6428571428571429,
      "iid": 1
    },
    {
      "avg_wait": 17.43924122762083,
      "avg_wait_right": 9.450018900000599,
      "avg_wait_down": 20.696277951615105,
      "avg_wait_left": 24.747019190911754,
      "avg_wait_up": 8.787896363637252,
      "p95_wait": 51.233435800005566,
      "max_wait": 76.66682000000833,
      "throughput": 30.99993800012151,
      "avg_queue": 11.666666666666666,
      "max_queue": 23,
      "queues": [
        3,
        1,
        5,
        3
      ],
      "crossed": 93,
      "spawned": 105,
      "external_spawned": 82,
      "transferred_in": 23,
      "exited_world": 54,
      "red_light_violations": 0,
      "fairness": 0.8181818181818182,
      "iid": 2
    },
    {
      "avg_wait": 14.916549007081105,
      "avg_wait_right": 14.218123674286952,
      "avg_wait_down": 18.86596365777968,
      "avg_wait_left": 13.945265985715801,
      "avg_wait_up": 7.564927410527105,
      "p95_wait": 38.91674450000423,
      "max_wait": 54.2834419000059,
      "throughput": 31.999936000125434,
      "avg_queue": 9.144444444444444,
      "max_queue": 18,
      "queues": [
        5,
        5,
        3,
        4
      ],
      "crossed": 96,
      "spawned": 113,
      "external_spawned": 68,
      "transferred_in": 45,
      "exited_world": 69,
      "red_light_violations": 0,
      "fairness": 0.9633333333333334,
      "iid": 3
    }
  ],
  "overall": {
    "avg_wait": 15.564468774257467,
    "avg_wait_right": 15.32989430376779,
    "avg_wait_down": 16.770652287505666,
    "avg_wait_left": 16.89860519700897,
    "avg_wait_up": 10.133230659829522,
    "p95_wait": 43.00841935000467,
    "throughput": 148.99970200058405,
    "avg_queue": 12.478472222222223,
    "fairness": 0.7535603938545116,
    "crossed": 447,
    "spawned": 513,
    "external_spawned": 360,
    "transferred_in": 153,
    "exited_world": 282,
    "red_light_violations": 0
  }
}