{
  "mode": "rl",
  "seed": 44,
  "spawn_rate": 2.0,
  "duration_s": 300.00059999995244,
  "fixed_dt_s": 0.0166667,
  "rl": {
    "model_path": "models/studies/final_final_results_train10/shared_qtable.json",
    "training": true,
    "epsilon": 0.02,
    "updates": 211,
    "state_profile": "fine",
    "state_table_size": 9216
  },
  "neural": {
    "model_path": "models/neural_hybrid.pt",
    "collect_data": false,
    "data_path": "data/neural/greedy_data.csv",
    "teacher_policy": "greedy"
  },
  "intersections": [
    {
      "avg_wait": 17.58431636918959,
      "avg_wait_right": 14.3910856926794,
      "avg_wait_down": 12.701779789471834,
      "avg_wait_left": 19.48928629031652,
      "avg_wait_up": 20.417897978565627,
      "p95_wait": 40.15008030000436,
      "max_wait": 66.66680000000724,
      "throughput": 37.39992520015553,
      "avg_queue": 15.176666666666666,
      "max_queue": 32,
      "queues": [
        9,
        3,
        6,
        6
      ],
      "crossed": 187,
      "spawned": 211,
      "external_spawned": 154,
      "transferred_in": 57,
      "exited_world": 120,
      "red_light_violations": 0,
      "fairness": 0.8888888888888888,
      "iid": 0
    },
    {
      "avg_wait": 15.483447633498658,
      "avg_wait_right": 17.972535944999226,
      "avg_wait_down": 12.714982694868057,
      "avg_wait_left": 13.197338222578923,
      "avg_wait_up": 15.904793714285393,
      "p95_wait": 42.50008500000462,
      "max_wait": 52.60010519996649,
      "throughput": 37.999924000158025,
      "avg_queue": 12.441666666666666,
      "max_queue": 27,
      "queues": [
        0,
        5,
        2,
        3
      ],
      "crossed": 190,
      "spawned": 200,
      "external_spawned": 142,
      "transferred_in": 58,
      "exited_world": 127,
      "red_light_violations": 0,
      "fairness": 0.6578947368421053,
      "iid": 1
    },
    {
      "avg_wait": 16.276211797638222,
      "avg_wait_right": 14.791965067742522,
      "avg_wait_down": 17.908489923184398,
      "avg_wait_left": 17.28607060810317,
      "avg_wait_up": 12.556604060524387,
      "p95_wait": 44.73342280000486,
      "max_wait": 63.2834599000051,
      "throughput": 38.199923600158854,
      "avg_queue": 13.036666666666667,
      "max_queue": 27,
      "queues": [
        1,
        10,
        5,
        5
      ],
      "crossed": 191,
      "spawned": 212,
      "external_spawned": 135,
      "transferred_in": 77,
      "exited_world": 120,
      "red_light_violations": 0,
      "fairness": 0.7301324503311258,
      "iid": 2
    },
    {
      "avg_wait": 17.443525587980144,
      "avg_wait_right": 14.775248848682173,
      "avg_wait_down": 24.780391441022005,
      "avg_wait_left": 11.804371434782524,
      "avg_wait_up": 14.107603972721686,
      "p95_wait": 51.1334355999862,
      "max_wait": 91.0668488000099,
      "throughput": 41.59991680017299,
      "avg_queue": 16.755,
      "max_queue": 37,
      "queues": [
        7,
        7,
        4,
        7
      ],
      "crossed": 208,
      "spawned": 233,
      "external_spawned": 169,
      "transferred_in": 64,
      "exited_world": 139,
      "red_light_violations": 0,
      "fairness": 0.9585889570552147,
      "iid": 3
    }
  ],
  "overall": {
    "avg_wait": 16.696875347076652,
    "avg_wait_right": 15.482708888525831,
    "avg_wait_down": 17.026410962136573,
    "avg_wait_left": 15.444266638945285,
    "avg_wait_up": 15.746724931524273,
    "p95_wait": 44.62925592500001,
    "throughput": 155.1996896006454,
    "avg_queue": 14.3525,
    "fairness": 0.8088762582793336,
    "crossed": 776,
    "spawned": 856,
    "external_spawned": 600,
    "transferred_in": 256,
    "exited_world": 506,
    "red_light_violations": 0
  }
}