{
  "mode": "rl",
  "seed": 46,
  "spawn_rate": 2.0,
  "duration_s": 300.00059999995244,
  "fixed_dt_s": 0.0166667,
  "rl": {
    "model_path": "models/studies/final_final_results_train10/shared_qtable.json",
    "training": true,
    "epsilon": 0.09189282264863848,
    "updates": 217,
    "state_profile": "fine",
    "state_table_size": 9216
  },
  "neural": {
    "model_path": "models/neural_hybrid.pt",
    "collect_data": false,
    "data_path": "data/neural/greedy_data.csv",
    "teacher_policy": "greedy"
  },
  "intersections": [
    {
      "avg_wait": 17.71121963289173,
      "avg_wait_right": 15.618682030952444,
      "avg_wait_down": 11.861651630230096,
      "avg_wait_left": 18.208369749998003,
      "avg_wait_up": 21.987602660557204,
      "p95_wait": 51.26676919994085,
      "max_wait": 71.51680970000777,
      "throughput": 39.99992000016634,
      "avg_queue": 14.753333333333334,
      "max_queue": 28,
      "queues": [
        4,
        7,
        5,
        12
      ],
      "crossed": 200,
      "spawned": 228,
      "external_spawned": 151,
      "transferred_in": 77,
      "exited_world": 124,
      "red_light_violations": 0,
      "fairness": 0.8376068376068376,
      "iid": 0
    },
    {
      "avg_wait": 18.96766153971007,
      "avg_wait_right": 19.435546117389386,
      "avg_wait_down": 8.88598268420684,
      "avg_wait_left": 14.068778137500592,
      "avg_wait_up": 27.786614712897638,
      "p95_wait": 58.9334512000064,
      "max_wait": 71.08347549996338,
      "throughput": 37.39992520015553,
      "avg_queue": 15.331666666666667,
      "max_queue": 28,
      "queues": [
        5,
        5,
        4,
        8
      ],
      "crossed": 187,
      "spawned": 209,
      "external_spawned": 144,
      "transferred_in": 65,
      "exited_world": 111,
      "red_light_violations": 0,
      "fairness": 0.9307692307692308,
      "iid": 1
    },
    {
      "avg_wait": 19.173492343889823,
      "avg_wait_right": 8.732035007891358,
      "avg_wait_down": 22.058491605476803,
      "avg_wait_left": 24.21176717343707,
      "avg_wait_up": 16.210901986956518,
      "p95_wait": 49.00009800000532,
      "max_wait": 73.3668134000066,
      "throughput": 40.59991880016883,
      "avg_queue": 16.95,
      "max_queue": 32,
      "queues": [
        7,
        4,
        2,
        5
      ],
      "crossed": 203,
      "spawned": 221,
      "external_spawned": 160,
      "transferred_in": 61,
      "exited_world": 130,
      "red_light_violations": 0,
      "fairness": 0.8617021276595744,
      "iid": 2
    },
    {
      "avg_wait": 16.446683611001955,
      "avg_wait_right": 16.868128974283916,
      "avg_wait_down": 17.57028830505984,
      "avg_wait_left": 17.810973121868955,
      "avg_wait_up": 10.663711803571433,
      "p95_wait": 38.6667440000042,
      "max_wait": 59.85011970000406,
      "throughput": 37.999924000158025,
      "avg_queue": 14.856666666666667,
      "max_queue": 28,
      "queues": [
        10,
        7,
        1,
        1
      ],
      "crossed": 190,
      "spawned": 209,
      "external_spawned": 145,
      "transferred_in": 64,
      "exited_world": 132,
      "red_light_violations": 0,
      "fairness": 0.597682119205298,
      "iid": 3
    }
  ],
  "overall": {
    "avg_wait": 18.074764281873392,
    "avg_wait_right": 15.163598032629276,
    "avg_wait_down": 15.094103556243395,
    "avg_wait_left": 18.574972045701156,
    "avg_wait_up": 19.162207790995698,
    "p95_wait": 49.466765599989195,
    "throughput": 155.99968800064872,
    "avg_queue": 15.472916666666666,
    "fairness": 0.8069400788102352,
    "crossed": 780,
    "spawned": 867,
    "external_spawned": 600,
    "transferred_in": 267,
    "exited_world": 497,
    "red_light_violations": 0
  }
}