{
  "mode": "rl",
  "seed": 50,
  "spawn_rate": 2.0,
  "duration_s": 180.00036000001444,
  "fixed_dt_s": 0.0166667,
  "rl": {
    "model_path": "models\\epoch_snapshots\\final_final_results_train10\\epoch_008.json",
    "training": false,
    "epsilon": 0.02,
    "updates": 0,
    "state_profile": "fine",
    "state_table_size": 9216
  },
  "neural": {
    "model_path": "models/neural_hybrid.pt",
    "collect_data": false,
    "data_path": "data/neural/greedy_data.csv",
    "teacher_policy": "greedy"
  },
  "intersections": [
    {
      "avg_wait": 14.648053987408709,
      "avg_wait_right": 13.211831979167881,
      "avg_wait_down": 8.311510875862627,
      "avg_wait_left": 12.903126581396442,
      "avg_wait_up": 22.16756570256624,
      "p95_wait": 42.13341760000458,
      "max_wait": 62.100124200006746,
      "throughput": 35.99992800014111,
      "avg_queue": 12.272222222222222,
      "max_queue": 27,
      "queues": [
        4,
        2,
        12,
        9
      ],
      "crossed": 108,
      "spawned": 135,
      "external_spawned": 98,
      "transferred_in": 37,
      "exited_world": 61,
      "red_light_violations": 0,
      "fairness": 0.7438775510204082,
      "iid": 0
    },
    {
      "avg_wait": 14.659532242983772,
      "avg_wait_right": 16.667600902704354,
      "avg_wait_down": 10.027292781819149,
      "avg_wait_left": 9.267442777273336,
      "avg_wait_up": 19.090947272728915,
      "p95_wait": 36.500073000003965,
      "max_wait": 46.56675980000506,
      "throughput": 33.33326666679732,
      "avg_queue": 9.791666666666666,
      "max_queue": 19,
      "queues": [
        6,
        3,
        4,
        1
      ],
      "crossed": 100,
      "spawned": 114,
      "external_spawned": 79,
      "transferred_in": 35,
      "exited_world": 60,
      "red_light_violations": 0,
      "fairness": 0.7903225806451613,
      "iid": 1
    },
    {
      "avg_wait": 17.661479767335052,
      "avg_wait_right": 12.521039534783801,
      "avg_wait_down": 17.596424081668324,
      "avg_wait_left": 18.182612122729118,
      "avg_wait_up": 21.97468163043694,
      "p95_wait": 44.216755100004804,
      "max_wait": 59.883453100006506,
      "throughput": 44.666577333508414,
      "avg_queue": 17.108333333333334,
      "max_queue": 35,
      "queues": [
        3,
        9,
        2,
        2
      ],
      "crossed": 134,
      "spawned": 150,
      "external_spawned": 100,
      "transferred_in": 50,
      "exited_world": 93,
      "red_light_violations": 0,
      "fairness": 0.6530612244897959,
      "iid": 2
    },
    {
      "avg_wait": 14.481722952460444,
      "avg_wait_right": 17.37120591351526,
      "avg_wait_down": 12.709427128206345,
      "avg_wait_left": 12.783914456667974,
      "avg_wait_up": 15.303155606251428,
      "p95_wait": 36.51673970000397,
      "max_wait": 43.78342090000476,
      "throughput": 36.66659333347705,
      "avg_queue": 11.469444444444445,
      "max_queue": 22,
      "queues": [
        3,
        6,
        2,
        1
      ],
      "crossed": 110,
      "spawned": 122,
      "external_spawned": 83,
      "transferred_in": 39,
      "exited_world": 65,
      "red_light_violations": 0,
      "fairness": 0.72,
      "iid": 3
    }
  ],
  "overall": {
    "avg_wait": 15.362697237546994,
    "avg_wait_right": 14.942919582542824,
    "avg_wait_down": 12.161163716889112,
    "avg_wait_left": 13.284273984516718,
    "avg_wait_up": 19.63408755299588,
    "p95_wait": 39.84174635000433,
    "throughput": 150.6663653339239,
    "avg_queue": 12.660416666666666,
    "fairness": 0.7268153390388413,
    "crossed": 452,
    "spawned": 521,
    "external_spawned": 360,
    "transferred_in": 161,
    "exited_world": 279,
    "red_light_violations": 0
  }
}