{
  "mode": "rl",
  "seed": 44,
  "spawn_rate": 2.0,
  "duration_s": 300.00059999995244,
  "fixed_dt_s": 0.0166667,
  "rl": {
    "model_path": "models/studies/final_final_results_train10/shared_qtable.json",
    "training": true,
    "epsilon": 0.02,
    "updates": 216,
    "state_profile": "fine",
    "state_table_size": 9216
  },
  "neural": {
    "model_path": "models/neural_hybrid.pt",
    "collect_data": false,
    "data_path": "data/neural/greedy_data.csv",
    "teacher_policy": "greedy"
  },
  "intersections": [
    {
      "avg_wait": 17.92503584999709,
      "avg_wait_right": 17.556600769695354,
      "avg_wait_down": 16.96312916428417,
      "avg_wait_left": 16.36242011216035,
      "avg_wait_up": 20.10426556055819,
      "p95_wait": 46.800093600005084,
      "max_wait": 62.30012460000677,
      "throughput": 38.199923600158854,
      "avg_queue": 13.465,
      "max_queue": 23,
      "queues": [
        7,
        2,
        3,
        3
      ],
      "crossed": 191,
      "spawned": 206,
      "external_spawned": 141,
      "transferred_in": 65,
      "exited_world": 130,
      "red_light_violations": 0,
      "fairness": 0.7922535211267606,
      "iid": 0
    },
    {
      "avg_wait": 17.82776554051612,
      "avg_wait_right": 18.528132294284042,
      "avg_wait_down": 14.313361960000687,
      "avg_wait_left": 12.916692499998723,
      "avg_wait_up": 21.357655883949036,
      "p95_wait": 49.116764900005336,
      "max_wait": 73.05014610000794,
      "throughput": 41.99991600017466,
      "avg_queue": 16.791666666666668,
      "max_queue": 31,
      "queues": [
        3,
        6,
        4,
        9
      ],
      "crossed": 210,
      "spawned": 232,
      "external_spawned": 162,
      "transferred_in": 70,
      "exited_world": 134,
      "red_light_violations": 0,
      "fairness": 0.852112676056338,
      "iid": 1
    },
    {
      "avg_wait": 19.160613617256978,
      "avg_wait_right": 13.548401080482895,
      "avg_wait_down": 19.43195976779498,
      "avg_wait_left": 22.093959531744837,
      "avg_wait_up": 20.022098867646985,
      "p95_wait": 53.333440000005794,
      "max_wait": 62.5834585000068,
      "throughput": 36.79992640015303,
      "avg_queue": 14.518333333333333,
      "max_queue": 26,
      "queues": [
        1,
        6,
        5,
        1
      ],
      "crossed": 184,
      "spawned": 197,
      "external_spawned": 140,
      "transferred_in": 57,
      "exited_world": 111,
      "red_light_violations": 0,
      "fairness": 0.6706349206349206,
      "iid": 2
    },
    {
      "avg_wait": 18.383653788506766,
      "avg_wait_right": 21.373507659207775,
      "avg_wait_down": 21.656800070264843,
      "avg_wait_left": 18.044202754992977,
      "avg_wait_up": 8.253349839999583,
      "p95_wait": 48.050096099939225,
      "max_wait": 74.00014799999306,
      "throughput": 40.9999180001705,
      "avg_queue": 16.418333333333333,
      "max_queue": 31,
      "queues": [
        7,
        13,
        9,
        1
      ],
      "crossed": 205,
      "spawned": 235,
      "external_spawned": 157,
      "transferred_in": 78,
      "exited_world": 125,
      "red_light_violations": 0,
      "fairness": 0.75,
      "iid": 3
    }
  ],
  "overall": {
    "avg_wait": 18.32426719906924,
    "avg_wait_right": 17.751660450917516,
    "avg_wait_down": 18.09131274058617,
    "avg_wait_left": 17.354318724724223,
    "avg_wait_up": 17.43434253803845,
    "p95_wait": 49.32509864998886,
    "throughput": 157.99968400065706,
    "avg_queue": 15.298333333333334,
    "fairness": 0.7662502794545047,
    "crossed": 790,
    "spawned": 870,
    "external_spawned": 600,
    "transferred_in": 270,
    "exited_world": 500,
    "red_light_violations": 0
  }
}