{
  "mode": "rl",
  "seed": 47,
  "spawn_rate": 2.0,
  "duration_s": 300.00059999995244,
  "fixed_dt_s": 0.0166667,
  "rl": {
    "model_path": "models/studies/final_final_results_train10/shared_qtable.json",
    "training": true,
    "epsilon": 0.02,
    "updates": 217,
    "state_profile": "fine",
    "state_table_size": 9216
  },
  "neural": {
    "model_path": "models/neural_hybrid.pt",
    "collect_data": false,
    "data_path": "data/neural/greedy_data.csv",
    "teacher_policy": "greedy"
  },
  "intersections": [
    {
      "avg_wait": 16.067584470046153,
      "avg_wait_right": 8.844591332556705,
      "avg_wait_down": 13.717311385183086,
      "avg_wait_left": 18.1944086831131,
      "avg_wait_up": 19.572261366666062,
      "p95_wait": 43.216753100004695,
      "max_wait": 64.15012829999677,
      "throughput": 38.79992240016135,
      "avg_queue": 12.991666666666667,
      "max_queue": 25,
      "queues": [
        2,
        2,
        9,
        0
      ],
      "crossed": 194,
      "spawned": 207,
      "external_spawned": 143,
      "transferred_in": 64,
      "exited_world": 126,
      "red_light_violations": 0,
      "fairness": 0.4747191011235955,
      "iid": 0
    },
    {
      "avg_wait": 14.002854092606682,
      "avg_wait_right": 14.721487776249182,
      "avg_wait_down": 13.68986477804679,
      "avg_wait_left": 14.37627875249819,
      "avg_wait_up": 13.13915671303995,
      "p95_wait": 33.71673410000366,
      "max_wait": 39.36674540000428,
      "throughput": 41.99991600017466,
      "avg_queue": 14.025,
      "max_queue": 24,
      "queues": [
        9,
        6,
        3,
        2
      ],
      "crossed": 210,
      "spawned": 230,
      "external_spawned": 158,
      "transferred_in": 72,
      "exited_world": 138,
      "red_light_violations": 0,
      "fairness": 0.7692307692307693,
      "iid": 1
    },
    {
      "avg_wait": 14.714773019228955,
      "avg_wait_right": 10.343880336842023,
      "avg_wait_down": 16.78557278676162,
      "avg_wait_left": 15.158736785073208,
      "avg_wait_up": 14.587172031426592,
      "p95_wait": 42.300084600001156,
      "max_wait": 63.23345979996074,
      "throughput": 38.199923600158854,
      "avg_queue": 13.403333333333334,
      "max_queue": 23,
      "queues": [
        1,
        3,
        5,
        8
      ],
      "crossed": 191,
      "spawned": 208,
      "external_spawned": 159,
      "transferred_in": 49,
      "exited_world": 126,
      "red_light_violations": 0,
      "fairness": 0.7297979797979798,
      "iid": 2
    },
    {
      "avg_wait": 15.973795902866637,
      "avg_wait_right": 16.72503344999429,
      "avg_wait_down": 16.95993730144576,
      "avg_wait_left": 16.94041849615197,
      "avg_wait_up": 11.465709205878687,
      "p95_wait": 40.85008170000444,
      "max_wait": 62.1667909999359,
      "throughput": 35.9999280001497,
      "avg_queue": 12.991666666666667,
      "max_queue": 30,
      "queues": [
        14,
        11,
        1,
        3
      ],
      "crossed": 180,
      "spawned": 209,
      "external_spawned": 140,
      "transferred_in": 69,
      "exited_world": 124,
      "red_light_violations": 0,
      "fairness": 0.6429663608562691,
      "iid": 3
    }
  ],
  "overall": {
    "avg_wait": 15.189751871187108,
    "avg_wait_right": 12.65874822391055,
    "avg_wait_down": 15.288171562859313,
    "avg_wait_left": 16.167460679209118,
    "avg_wait_up": 14.691074829252823,
    "p95_wait": 40.02091337500349,
    "throughput": 154.99969000064456,
    "avg_queue": 13.352916666666667,
    "fairness": 0.6541785527521534,
    "crossed": 775,
    "spawned": 854,
    "external_spawned": 600,
    "transferred_in": 254,
    "exited_world": 514,
    "red_light_violations": 0
  }
}