{
  "mode": "rl",
  "seed": 41,
  "spawn_rate": 2.0,
  "duration_s": 300.00059999995244,
  "fixed_dt_s": 0.0166667,
  "rl": {
    "model_path": "models/studies/final_final_results_train10/shared_qtable.json",
    "training": true,
    "epsilon": 0.02,
    "updates": 215,
    "state_profile": "fine",
    "state_table_size": 9216
  },
  "neural": {
    "model_path": "models/neural_hybrid.pt",
    "collect_data": false,
    "data_path": "data/neural/greedy_data.csv",
    "teacher_policy": "greedy"
  },
  "intersections": [
    {
      "avg_wait": 15.628015752090263,
      "avg_wait_right": 10.772521545000146,
      "avg_wait_down": 14.703918296662684,
      "avg_wait_left": 16.700814651559742,
      "avg_wait_up": 17.52040541110737,
      "p95_wait": 38.88341109997012,
      "max_wait": 59.65011930000648,
      "throughput": 38.79992240016135,
      "avg_queue": 12.878333333333334,
      "max_queue": 28,
      "queues": [
        2,
        2,
        8,
        9
      ],
      "crossed": 194,
      "spawned": 215,
      "external_spawned": 144,
      "transferred_in": 71,
      "exited_world": 121,
      "red_light_violations": 0,
      "fairness": 0.7205882352941176,
      "iid": 0
    },
    {
      "avg_wait": 16.405115022420468,
      "avg_wait_right": 13.828686193899939,
      "avg_wait_down": 17.57995940227183,
      "avg_wait_left": 15.16024537419378,
      "avg_wait_up": 19.407614572727294,
      "p95_wait": 41.23341580000448,
      "max_wait": 75.65015129999068,
      "throughput": 42.199915600175494,
      "avg_queue": 14.198333333333334,
      "max_queue": 27,
      "queues": [
        5,
        4,
        1,
        2
      ],
      "crossed": 211,
      "spawned": 223,
      "external_spawned": 154,
      "transferred_in": 69,
      "exited_world": 141,
      "red_light_violations": 0,
      "fairness": 0.782608695652174,
      "iid": 1
    },
    {
      "avg_wait": 16.90261596478471,
      "avg_wait_right": 15.203060709090732,
      "avg_wait_down": 21.551558254538666,
      "avg_wait_left": 14.892283305629475,
      "avg_wait_up": 14.39072645581173,
      "p95_wait": 40.43341420000439,
      "max_wait": 63.16679300000686,
      "throughput": 38.199923600158854,
      "avg_queue": 14.786666666666667,
      "max_queue": 30,
      "queues": [
        3,
        11,
        6,
        2
      ],
      "crossed": 191,
      "spawned": 213,
      "external_spawned": 151,
      "transferred_in": 62,
      "exited_world": 113,
      "red_light_violations": 0,
      "fairness": 0.711764705882353,
      "iid": 2
    },
    {
      "avg_wait": 18.793067889087666,
      "avg_wait_right": 22.429211524993143,
      "avg_wait_down": 19.277538554997424,
      "avg_wait_left": 10.316224336111517,
      "avg_wait_up": 19.325038649998433,
      "p95_wait": 44.416755500004825,
      "max_wait": 67.55013509994254,
      "throughput": 40.59991880016883,
      "avg_queue": 15.208333333333334,
      "max_queue": 33,
      "queues": [
        2,
        8,
        2,
        5
      ],
      "crossed": 203,
      "spawned": 220,
      "external_spawned": 151,
      "transferred_in": 69,
      "exited_world": 125,
      "red_light_violations": 0,
      "fairness": 0.7448453608247423,
      "iid": 3
    }
  ],
  "overall": {
    "avg_wait": 16.932203657095776,
    "avg_wait_right": 15.55836999324599,
    "avg_wait_down": 18.27824362711765,
    "avg_wait_left": 14.267391916873628,
    "avg_wait_up": 17.660946272411206,
    "p95_wait": 41.241749149995954,
    "throughput": 159.79968040066453,
    "avg_queue": 14.267916666666668,
    "fairness": 0.7399517494133467,
    "crossed": 799,
    "spawned": 871,
    "external_spawned": 600,
    "transferred_in": 271,
    "exited_world": 500,
    "red_light_violations": 0
  }
}