{
  "mode": "rl",
  "seed": 51,
  "spawn_rate": 2.0,
  "duration_s": 180.00036000001444,
  "fixed_dt_s": 0.0166667,
  "rl": {
    "model_path": "models/rl_best_final_final_results.json",
    "training": false,
    "epsilon": 0.08207181587385382,
    "updates": 0,
    "state_profile": "fine",
    "state_table_size": 9216
  },
  "neural": {
    "model_path": "models/neural_hybrid.pt",
    "collect_data": false,
    "data_path": "data/neural/greedy_data.csv",
    "teacher_policy": "greedy"
  },
  "intersections": [
    {
      "avg_wait": 13.182935970340148,
      "avg_wait_right": 6.114406168182376,
      "avg_wait_down": 17.224637623810764,
      "avg_wait_left": 13.862990688890237,
      "avg_wait_up": 14.366268048719247,
      "p95_wait": 36.51673970000397,
      "max_wait": 48.28342990000303,
      "throughput": 36.33326066680909,
      "avg_queue": 10.152777777777779,
      "max_queue": 18,
      "queues": [
        0,
        2,
        2,
        5
      ],
      "crossed": 109,
      "spawned": 118,
      "external_spawned": 86,
      "transferred_in": 32,
      "exited_world": 68,
      "red_light_violations": 0,
      "fairness": 0.6136363636363636,
      "iid": 0
    },
    {
      "avg_wait": 13.231243393652084,
      "avg_wait_right": 9.991019982000967,
      "avg_wait_down": 12.993676780953646,
      "avg_wait_left": 16.29503259000166,
      "avg_wait_up": 16.25193726571584,
      "p95_wait": 30.816728300001692,
      "max_wait": 43.83342100000476,
      "throughput": 37.33325866681301,
      "avg_queue": 11.725,
      "max_queue": 20,
      "queues": [
        5,
        5,
        3,
        1
      ],
      "crossed": 112,
      "spawned": 126,
      "external_spawned": 85,
      "transferred_in": 41,
      "exited_world": 78,
      "red_light_violations": 0,
      "fairness": 0.8166666666666667,
      "iid": 1
    },
    {
      "avg_wait": 13.062467439437818,
      "avg_wait_right": 12.69637955937614,
      "avg_wait_down": 17.870452407501507,
      "avg_wait_left": 9.546472993618012,
      "avg_wait_up": 12.394952326088118,
      "p95_wait": 32.60006520000238,
      "max_wait": 52.20010440000142,
      "throughput": 42.3332486668326,
      "avg_queue": 12.458333333333334,
      "max_queue": 21,
      "queues": [
        2,
        8,
        5,
        0
      ],
      "crossed": 127,
      "spawned": 142,
      "external_spawned": 104,
      "transferred_in": 38,
      "exited_world": 74,
      "red_light_violations": 0,
      "fairness": 0.6048387096774194,
      "iid": 2
    },
    {
      "avg_wait": 13.145191684734078,
      "avg_wait_right": 15.827809433334815,
      "avg_wait_down": 14.325445317501387,
      "avg_wait_left": 9.325659676924042,
      "avg_wait_up": 9.714186095000846,
      "p95_wait": 36.43340620000396,
      "max_wait": 62.70012540000681,
      "throughput": 39.66658733348882,
      "avg_queue": 10.508333333333333,
      "max_queue": 25,
      "queues": [
        5,
        3,
        3,
        1
      ],
      "crossed": 119,
      "spawned": 131,
      "external_spawned": 85,
      "transferred_in": 46,
      "exited_world": 77,
      "red_light_violations": 0,
      "fairness": 0.8181818181818182,
      "iid": 3
    }
  ],
  "overall": {
    "avg_wait": 13.155459622041032,
    "avg_wait_right": 11.157403785723575,
    "avg_wait_down": 15.603553032441827,
    "avg_wait_left": 12.257538987358489,
    "avg_wait_up": 13.181835933881013,
    "p95_wait": 34.091734850003,
    "throughput": 155.66635533394353,
    "avg_queue": 11.211111111111112,
    "fairness": 0.713330889540567,
    "crossed": 467,
    "spawned": 517,
    "external_spawned": 360,
    "transferred_in": 157,
    "exited_world": 297,
    "red_light_violations": 0
  }
}