{
  "mode": "rl",
  "seed": 40,
  "spawn_rate": 2.0,
  "duration_s": 300.00059999995244,
  "fixed_dt_s": 0.0166667,
  "rl": {
    "model_path": "models/studies/final_final_results_train10/shared_qtable.json",
    "training": true,
    "epsilon": 0.02,
    "updates": 213,
    "state_profile": "fine",
    "state_table_size": 9216
  },
  "neural": {
    "model_path": "models/neural_hybrid.pt",
    "collect_data": false,
    "data_path": "data/neural/greedy_data.csv",
    "teacher_policy": "greedy"
  },
  "intersections": [
    {
      "avg_wait": 18.288098591626138,
      "avg_wait_right": 12.29169124999983,
      "avg_wait_down": 11.27257156470486,
      "avg_wait_left": 20.891245486108485,
      "avg_wait_up": 22.80974711193807,
      "p95_wait": 50.10010020000544,
      "max_wait": 72.7834789000079,
      "throughput": 38.199923600158854,
      "avg_queue": 14.891666666666667,
      "max_queue": 36,
      "queues": [
        3,
        2,
        11,
        8
      ],
      "crossed": 191,
      "spawned": 215,
      "external_spawned": 151,
      "transferred_in": 64,
      "exited_world": 120,
      "red_light_violations": 0,
      "fairness": 0.7272727272727273,
      "iid": 0
    },
    {
      "avg_wait": 17.13066489188888,
      "avg_wait_right": 19.906752776387442,
      "avg_wait_down": 11.323552058823216,
      "avg_wait_left": 10.205425816212673,
      "avg_wait_up": 20.343289631640218,
      "p95_wait": 49.43343220000537,
      "max_wait": 68.90013780000749,
      "throughput": 40.19991960016717,
      "avg_queue": 14.905,
      "max_queue": 26,
      "queues": [
        5,
        2,
        5,
        9
      ],
      "crossed": 201,
      "spawned": 222,
      "external_spawned": 150,
      "transferred_in": 72,
      "exited_world": 132,
      "red_light_violations": 0,
      "fairness": 0.8166666666666667,
      "iid": 1
    },
    {
      "avg_wait": 15.552691512203925,
      "avg_wait_right": 10.429695656093797,
      "avg_wait_down": 16.86804448870698,
      "avg_wait_left": 15.25573827397106,
      "avg_wait_up": 19.61130048378028,
      "p95_wait": 44.95008989999471,
      "max_wait": 57.26678119998235,
      "throughput": 38.59992280016052,
      "avg_queue": 13.721666666666666,
      "max_queue": 28,
      "queues": [
        9,
        5,
        1,
        5
      ],
      "crossed": 193,
      "spawned": 213,
      "external_spawned": 147,
      "transferred_in": 66,
      "exited_world": 127,
      "red_light_violations": 0,
      "fairness": 0.7575757575757576,
      "iid": 2
    },
    {
      "avg_wait": 14.604041553701878,
      "avg_wait_right": 15.605430271829016,
      "avg_wait_down": 15.528271797220732,
      "avg_wait_left": 12.08164809487083,
      "avg_wait_up": 13.44904650587913,
      "p95_wait": 36.45007290000396,
      "max_wait": 49.116764900005336,
      "throughput": 39.99992000016634,
      "avg_queue": 13.616666666666667,
      "max_queue": 24,
      "queues": [
        2,
        8,
        5,
        1
      ],
      "crossed": 200,
      "spawned": 216,
      "external_spawned": 152,
      "transferred_in": 64,
      "exited_world": 133,
      "red_light_violations": 0,
      "fairness": 0.6808510638297872,
      "iid": 3
    }
  ],
  "overall": {
    "avg_wait": 16.393874137355205,
    "avg_wait_right": 14.558392488577521,
    "avg_wait_down": 13.748109977363946,
    "avg_wait_left": 14.608514417790762,
    "avg_wait_up": 19.053345933309423,
    "p95_wait": 45.23342380000237,
    "throughput": 156.9996860006529,
    "avg_queue": 14.28375,
    "fairness": 0.7455915538362347,
    "crossed": 785,
    "spawned": 866,
    "external_spawned": 600,
    "transferred_in": 266,
    "exited_world": 512,
    "red_light_violations": 0
  }
}