{
  "mode": "rl",
  "seed": 40,
  "spawn_rate": 2.0,
  "duration_s": 300.00059999995244,
  "fixed_dt_s": 0.0166667,
  "rl": {
    "model_path": "models/studies/final_final_results_train10/shared_qtable.json",
    "training": true,
    "epsilon": 0.17871444133123582,
    "updates": 225,
    "state_profile": "fine",
    "state_table_size": 9216
  },
  "neural": {
    "model_path": "models/neural_hybrid.pt",
    "collect_data": false,
    "data_path": "data/neural/greedy_data.csv",
    "teacher_policy": "greedy"
  },
  "intersections": [
    {
      "avg_wait": 20.67387468099706,
      "avg_wait_right": 12.364376580549953,
      "avg_wait_down": 11.404977764865544,
      "avg_wait_left": 24.956560329686944,
      "avg_wait_up": 26.515132395232133,
      "p95_wait": 59.26678520000644,
      "max_wait": 73.666814000008,
      "throughput": 36.79992640015303,
      "avg_queue": 15.19,
      "max_queue": 33,
      "queues": [
        7,
        2,
        4,
        3
      ],
      "crossed": 184,
      "spawned": 200,
      "external_spawned": 139,
      "transferred_in": 61,
      "exited_world": 120,
      "red_light_violations": 0,
      "fairness": 0.8205128205128205,
      "iid": 0
    },
    {
      "avg_wait": 22.890157422965533,
      "avg_wait_right": 18.088477037095753,
      "avg_wait_down": 16.302889748568145,
      "avg_wait_left": 10.71128268378326,
      "avg_wait_up": 35.94184966133325,
      "p95_wait": 62.93345920000684,
      "max_wait": 84.7668362000083,
      "throughput": 37.599924800156366,
      "avg_queue": 18.515,
      "max_queue": 29,
      "queues": [
        6,
        3,
        4,
        8
      ],
      "crossed": 188,
      "spawned": 209,
      "external_spawned": 152,
      "transferred_in": 57,
      "exited_world": 123,
      "red_light_violations": 0,
      "fairness": 0.882,
      "iid": 1
    },
    {
      "avg_wait": 24.655654030970915,
      "avg_wait_right": 17.8206238764708,
      "avg_wait_down": 35.56736280125246,
      "avg_wait_left": 18.31259370273599,
      "avg_wait_up": 20.104313712807578,
      "p95_wait": 64.80012960000704,
      "max_wait": 88.55017710000492,
      "throughput": 41.99991600017466,
      "avg_queue": 21.303333333333335,
      "max_queue": 37,
      "queues": [
        1,
        3,
        4,
        8
      ],
      "crossed": 210,
      "spawned": 226,
      "external_spawned": 152,
      "transferred_in": 74,
      "exited_world": 140,
      "red_light_violations": 0,
      "fairness": 0.7111111111111111,
      "iid": 2
    },
    {
      "avg_wait": 23.811759335131622,
      "avg_wait_right": 33.285982064787625,
      "avg_wait_down": 26.543340123603052,
      "avg_wait_left": 11.460022919997988,
      "avg_wait_up": 14.590715455881446,
      "p95_wait": 67.35013470000601,
      "max_wait": 89.00017800000967,
      "throughput": 40.19991960016717,
      "avg_queue": 19.73,
      "max_queue": 35,
      "queues": [
        5,
        8,
        6,
        2
      ],
      "crossed": 201,
      "spawned": 222,
      "external_spawned": 157,
      "transferred_in": 65,
      "exited_world": 130,
      "red_light_violations": 0,
      "fairness": 0.8546511627906976,
      "iid": 3
    }
  ],
  "overall": {
    "avg_wait": 23.007861367516284,
    "avg_wait_right": 20.389864889726034,
    "avg_wait_down": 22.4546426095723,
    "avg_wait_left": 16.360114909051045,
    "avg_wait_up": 24.288002806313603,
    "p95_wait": 63.58762717500658,
    "throughput": 156.59968680065123,
    "avg_queue": 18.684583333333332,
    "fairness": 0.8170687736036573,
    "crossed": 783,
    "spawned": 857,
    "external_spawned": 600,
    "transferred_in": 257,
    "exited_world": 513,
    "red_light_violations": 0
  }
}