{
  "mode": "rl",
  "seed": 42,
  "spawn_rate": 2.0,
  "duration_s": 300.00059999995244,
  "fixed_dt_s": 0.0166667,
  "rl": {
    "model_path": "models/studies/final_final_results_train10/shared_qtable.json",
    "training": true,
    "epsilon": 0.02,
    "updates": 211,
    "state_profile": "fine",
    "state_table_size": 9216
  },
  "neural": {
    "model_path": "models/neural_hybrid.pt",
    "collect_data": false,
    "data_path": "data/neural/greedy_data.csv",
    "teacher_policy": "greedy"
  },
  "intersections": [
    {
      "avg_wait": 16.97138810937197,
      "avg_wait_right": 18.500574635483957,
      "avg_wait_down": 12.356781470268736,
      "avg_wait_left": 16.464135492303203,
      "avg_wait_up": 19.620660710165485,
      "p95_wait": 53.23343980000578,
      "max_wait": 84.66683599997137,
      "throughput": 35.39992920014721,
      "avg_queue": 12.328333333333333,
      "max_queue": 25,
      "queues": [
        1,
        0,
        12,
        2
      ],
      "crossed": 177,
      "spawned": 192,
      "external_spawned": 138,
      "transferred_in": 54,
      "exited_world": 110,
      "red_light_violations": 0,
      "fairness": 0.3775167785234899,
      "iid": 0
    },
    {
      "avg_wait": 15.521650540092368,
      "avg_wait_right": 22.70533641587022,
      "avg_wait_down": 12.907683472970291,
      "avg_wait_left": 12.030579616663834,
      "avg_wait_up": 12.493007442104727,
      "p95_wait": 40.23341380000437,
      "max_wait": 89.61684590000974,
      "throughput": 38.399923200159684,
      "avg_queue": 13.325,
      "max_queue": 25,
      "queues": [
        6,
        6,
        7,
        1
      ],
      "crossed": 192,
      "spawned": 212,
      "external_spawned": 147,
      "transferred_in": 65,
      "exited_world": 132,
      "red_light_violations": 0,
      "fairness": 0.819672131147541,
      "iid": 1
    },
    {
      "avg_wait": 15.98206094956244,
      "avg_wait_right": 8.808350949998248,
      "avg_wait_down": 15.411072488746337,
      "avg_wait_left": 17.625451917499095,
      "avg_wait_up": 21.819835306243537,
      "p95_wait": 41.850083699966916,
      "max_wait": 76.48348629998443,
      "throughput": 42.39991520017632,
      "avg_queue": 15.163333333333334,
      "max_queue": 29,
      "queues": [
        3,
        5,
        3,
        7
      ],
      "crossed": 212,
      "spawned": 230,
      "external_spawned": 165,
      "transferred_in": 65,
      "exited_world": 148,
      "red_light_violations": 0,
      "fairness": 0.8804347826086957,
      "iid": 2
    },
    {
      "avg_wait": 14.404041153699595,
      "avg_wait_right": 16.660930757685264,
      "avg_wait_down": 15.21259873114385,
      "avg_wait_left": 15.587068211107939,
      "avg_wait_up": 7.868714924390271,
      "p95_wait": 37.30007460000405,
      "max_wait": 52.85010569994185,
      "throughput": 36.399927200151375,
      "avg_queue": 13.345,
      "max_queue": 34,
      "queues": [
        19,
        2,
        7,
        6
      ],
      "crossed": 182,
      "spawned": 216,
      "external_spawned": 150,
      "transferred_in": 66,
      "exited_world": 118,
      "red_light_violations": 0,
      "fairness": 0.6422222222222222,
      "iid": 3
    }
  ],
  "overall": {
    "avg_wait": 15.719785188181593,
    "avg_wait_right": 16.66879818975942,
    "avg_wait_down": 13.972034040782303,
    "avg_wait_left": 15.426808809393517,
    "avg_wait_up": 15.450554595726004,
    "p95_wait": 43.15425297499528,
    "throughput": 152.5996948006346,
    "avg_queue": 13.540416666666667,
    "fairness": 0.6799614786254872,
    "crossed": 763,
    "spawned": 850,
    "external_spawned": 600,
    "transferred_in": 250,
    "exited_world": 508,
    "red_light_violations": 0
  }
}