{
  "mode": "rl",
  "seed": 40,
  "spawn_rate": 2.0,
  "duration_s": 300.00059999995244,
  "fixed_dt_s": 0.0166667,
  "rl": {
    "model_path": "models/studies/final_final_results_train10/shared_qtable.json",
    "training": true,
    "epsilon": 0.02,
    "updates": 214,
    "state_profile": "fine",
    "state_table_size": 9216
  },
  "neural": {
    "model_path": "models/neural_hybrid.pt",
    "collect_data": false,
    "data_path": "data/neural/greedy_data.csv",
    "teacher_policy": "greedy"
  },
  "intersections": [
    {
      "avg_wait": 16.278399560098958,
      "avg_wait_right": 11.392757828205287,
      "avg_wait_down": 13.59739561578852,
      "avg_wait_left": 20.85155685454164,
      "avg_wait_up": 16.107304941815915,
      "p95_wait": 45.58342450000106,
      "max_wait": 66.06679880000718,
      "throughput": 37.19992560015469,
      "avg_queue": 13.451666666666666,
      "max_queue": 27,
      "queues": [
        2,
        1,
        7,
        2
      ],
      "crossed": 186,
      "spawned": 198,
      "external_spawned": 149,
      "transferred_in": 49,
      "exited_world": 109,
      "red_light_violations": 0,
      "fairness": 0.6206896551724138,
      "iid": 0
    },
    {
      "avg_wait": 19.70514451531435,
      "avg_wait_right": 23.933976439285665,
      "avg_wait_down": 15.348178844444128,
      "avg_wait_left": 11.146590920584629,
      "avg_wait_up": 21.067198997057705,
      "p95_wait": 53.3834401000058,
      "max_wait": 64.91679650000705,
      "throughput": 40.9999180001705,
      "avg_queue": 17.11,
      "max_queue": 28,
      "queues": [
        6,
        4,
        4,
        3
      ],
      "crossed": 205,
      "spawned": 222,
      "external_spawned": 159,
      "transferred_in": 63,
      "exited_world": 135,
      "red_light_violations": 0,
      "fairness": 0.9383116883116883,
      "iid": 1
    },
    {
      "avg_wait": 19.593610615710514,
      "avg_wait_right": 14.452013030948855,
      "avg_wait_down": 20.748775674681088,
      "avg_wait_left": 22.212670687871864,
      "avg_wait_up": 17.499310360869888,
      "p95_wait": 43.35008670000471,
      "max_wait": 66.93346719994759,
      "throughput": 35.59992880014804,
      "avg_queue": 14.97,
      "max_queue": 32,
      "queues": [
        8,
        12,
        9,
        3
      ],
      "crossed": 178,
      "spawned": 210,
      "external_spawned": 139,
      "transferred_in": 71,
      "exited_world": 122,
      "red_light_violations": 0,
      "fairness": 0.8590604026845637,
      "iid": 2
    },
    {
      "avg_wait": 20.579417110043078,
      "avg_wait_right": 21.721665064863103,
      "avg_wait_down": 22.194561932890554,
      "avg_wait_left": 16.218500905402482,
      "avg_wait_up": 19.14430912187472,
      "p95_wait": 49.28343190000462,
      "max_wait": 87.96684260000956,
      "throughput": 40.399919200168,
      "avg_queue": 17.051666666666666,
      "max_queue": 30,
      "queues": [
        2,
        6,
        3,
        6
      ],
      "crossed": 202,
      "spawned": 219,
      "external_spawned": 153,
      "transferred_in": 66,
      "exited_world": 139,
      "red_light_violations": 0,
      "fairness": 0.85,
      "iid": 3
    }
  ],
  "overall": {
    "avg_wait": 19.039142950291726,
    "avg_wait_right": 17.87510309082573,
    "avg_wait_down": 17.97222801695107,
    "avg_wait_left": 17.607329842100153,
    "avg_wait_up": 18.454530855404556,
    "p95_wait": 47.900095800004046,
    "throughput": 154.19969160064124,
    "avg_queue": 15.645833333333332,
    "fairness": 0.8170154365421665,
    "crossed": 771,
    "spawned": 849,
    "external_spawned": 600,
    "transferred_in": 249,
    "exited_world": 505,
    "red_light_violations": 0
  }
}