{
  "mode": "greedy",
  "seed": 52,
  "spawn_rate": 2.0,
  "duration_s": 180.00036000001444,
  "fixed_dt_s": 0.0166667,
  "rl": {
    "model_path": "models/rl_qtable.json",
    "training": false,
    "epsilon": null,
    "updates": 0,
    "state_profile": "default",
    "state_table_size": 4096
  },
  "neural": {
    "model_path": "models/neural_hybrid.pt",
    "collect_data": false,
    "data_path": "data/neural/greedy_data.csv",
    "teacher_policy": "greedy"
  },
  "intersections": [
    {
      "avg_wait": 10.6013497050735,
      "avg_wait_right": 7.988904866667342,
      "avg_wait_down": 11.700640685186356,
      "avg_wait_left": 10.481028713954492,
      "avg_wait_up": 11.051688770001121,
      "p95_wait": 31.983397300003475,
      "max_wait": 53.983441300005865,
      "throughput": 38.99992200015287,
      "avg_queue": 10.927777777777777,
      "max_queue": 21,
      "queues": [
        4,
        4,
        6,
        7
      ],
      "crossed": 117,
      "spawned": 138,
      "external_spawned": 104,
      "transferred_in": 34,
      "exited_world": 75,
      "red_light_violations": 0,
      "fairness": 0.9423076923076923,
      "iid": 0
    },
    {
      "avg_wait": 10.101495129204434,
      "avg_wait_right": 8.387821653659314,
      "avg_wait_down": 11.97039431111208,
      "avg_wait_left": 10.022520045000899,
      "avg_wait_up": 11.225022450000994,
      "p95_wait": 31.550063100003428,
      "max_wait": 66.866800400006,
      "throughput": 36.66659333347705,
      "avg_queue": 8.197222222222223,
      "max_queue": 20,
      "queues": [
        1,
        1,
        0,
        1
      ],
      "crossed": 110,
      "spawned": 113,
      "external_spawned": 84,
      "transferred_in": 29,
      "exited_world": 69,
      "red_light_violations": 0,
      "fairness": 0.75,
      "iid": 1
    },
    {
      "avg_wait": 10.550424326613909,
      "avg_wait_right": 6.835520917391848,
      "avg_wait_down": 13.01281672325714,
      "avg_wait_left": 8.584125695349574,
      "avg_wait_up": 14.824474093334908,
      "p95_wait": 28.583390500003105,
      "max_wait": 56.90011380000618,
      "throughput": 37.33325866681301,
      "avg_queue": 8.747222222222222,
      "max_queue": 19,
      "queues": [
        2,
        5,
        5,
        0
      ],
      "crossed": 112,
      "spawned": 124,
      "external_spawned": 84,
      "transferred_in": 40,
      "exited_world": 76,
      "red_light_violations": 0,
      "fairness": 0.6666666666666666,
      "iid": 2
    },
    {
      "avg_wait": 10.063512190477107,
      "avg_wait_right": 8.061610326087692,
      "avg_wait_down": 11.61939260810915,
      "avg_wait_left": 8.31668330000065,
      "avg_wait_up": 13.083359500001311,
      "p95_wait": 28.066722799999305,
      "max_wait": 72.51681170000788,
      "throughput": 35.66659533347314,
      "avg_queue": 9.116666666666667,
      "max_queue": 23,
      "queues": [
        7,
        1,
        3,
        8
      ],
      "crossed": 107,
      "spawned": 126,
      "external_spawned": 88,
      "transferred_in": 38,
      "exited_world": 73,
      "red_light_violations": 0,
      "fairness": 0.733739837398374,
      "iid": 3
    }
  ],
  "overall": {
    "avg_wait": 10.329195337842238,
    "avg_wait_right": 7.818464440951549,
    "avg_wait_down": 12.075811081916182,
    "avg_wait_left": 9.351089438576404,
    "avg_wait_up": 12.546136203334584,
    "p95_wait": 30.045893425002326,
    "throughput": 148.66636933391607,
    "avg_queue": 9.247222222222222,
    "fairness": 0.7731785490931833,
    "crossed": 446,
    "spawned": 501,
    "external_spawned": 360,
    "transferred_in": 141,
    "exited_world": 293,
    "red_light_violations": 0
  }
}