{
  "mode": "rl",
  "seed": 50,
  "spawn_rate": 2.0,
  "duration_s": 180.00036000001444,
  "fixed_dt_s": 0.0166667,
  "rl": {
    "model_path": "models\\epoch_snapshots\\final_final_results_train10\\epoch_009.json",
    "training": false,
    "epsilon": 0.02,
    "updates": 0,
    "state_profile": "fine",
    "state_table_size": 9216
  },
  "neural": {
    "model_path": "models/neural_hybrid.pt",
    "collect_data": false,
    "data_path": "data/neural/greedy_data.csv",
    "teacher_policy": "greedy"
  },
  "intersections": [
    {
      "avg_wait": 18.868291704763642,
      "avg_wait_right": 16.822700312001615,
      "avg_wait_down": 18.76587086500154,
      "avg_wait_left": 21.985188897828188,
      "avg_wait_up": 16.29146115428718,
      "p95_wait": 48.266763200005244,
      "max_wait": 60.83345500000661,
      "throughput": 36.66659333347705,
      "avg_queue": 13.027777777777779,
      "max_queue": 21,
      "queues": [
        3,
        6,
        5,
        2
      ],
      "crossed": 110,
      "spawned": 126,
      "external_spawned": 85,
      "transferred_in": 41,
      "exited_world": 74,
      "red_light_violations": 0,
      "fairness": 0.8648648648648649,
      "iid": 0
    },
    {
      "avg_wait": 17.73336880000168,
      "avg_wait_right": 16.104536713515103,
      "avg_wait_down": 19.546070838097233,
      "avg_wait_left": 21.148931186668673,
      "avg_wait_up": 15.726698120001354,
      "p95_wait": 49.76676620000541,
      "max_wait": 69.73347280000758,
      "throughput": 37.66659133348098,
      "avg_queue": 12.75,
      "max_queue": 28,
      "queues": [
        7,
        1,
        4,
        3
      ],
      "crossed": 113,
      "spawned": 128,
      "external_spawned": 89,
      "transferred_in": 39,
      "exited_world": 67,
      "red_light_violations": 0,
      "fairness": 0.75,
      "iid": 1
    },
    {
      "avg_wait": 13.20117144045922,
      "avg_wait_right": 12.445262985715456,
      "avg_wait_down": 11.578991411905655,
      "avg_wait_left": 15.325956577779316,
      "avg_wait_up": 12.696402204348976,
      "p95_wait": 39.70007940000431,
      "max_wait": 54.11677490000588,
      "throughput": 39.99992000015679,
      "avg_queue": 11.697222222222223,
      "max_queue": 22,
      "queues": [
        1,
        3,
        5,
        2
      ],
      "crossed": 120,
      "spawned": 131,
      "external_spawned": 99,
      "transferred_in": 32,
      "exited_world": 79,
      "red_light_violations": 0,
      "fairness": 0.7756410256410257,
      "iid": 2
    },
    {
      "avg_wait": 15.797612240324154,
      "avg_wait_right": 11.26849100540649,
      "avg_wait_down": 19.253985876317714,
      "avg_wait_left": 16.20796892381117,
      "avg_wait_up": 16.783962139287404,
      "p95_wait": 37.30007460000405,
      "max_wait": 74.20014840000806,
      "throughput": 35.33326266680517,
      "avg_queue": 11.344444444444445,
      "max_queue": 24,
      "queues": [
        5,
        2,
        3,
        8
      ],
      "crossed": 106,
      "spawned": 124,
      "external_spawned": 87,
      "transferred_in": 37,
      "exited_world": 65,
      "red_light_violations": 0,
      "fairness": 0.7941176470588235,
      "iid": 3
    }
  ],
  "overall": {
    "avg_wait": 16.400111046387174,
    "avg_wait_right": 14.160247754159666,
    "avg_wait_down": 17.286229747830536,
    "avg_wait_left": 18.667011396521836,
    "avg_wait_up": 15.37463090448123,
    "p95_wait": 43.758420850004754,
    "throughput": 149.66636733392,
    "avg_queue": 12.20486111111111,
    "fairness": 0.7961558843911785,
    "crossed": 449,
    "spawned": 509,
    "external_spawned": 360,
    "transferred_in": 149,
    "exited_world": 285,
    "red_light_violations": 0
  }
}