{
  "mode": "fixed",
  "seed": 44,
  "spawn_rate": 1.0,
  "duration_s": 180.00036000001444,
  "fixed_dt_s": 0.0166667,
  "rl": {
    "model_path": "models/rl_qtable.json",
    "training": false,
    "epsilon": null,
    "updates": 0
  },
  "neural": {
    "model_path": "models/neural_greedy.pt",
    "collect_data": false,
    "data_path": "data/neural/greedy_data.csv",
    "teacher_policy": "greedy"
  },
  "intersections": [
    {
      "avg_wait": 29.9374867754416,
      "avg_wait_right": 22.86671240000177,
      "avg_wait_down": 29.65244025714608,
      "avg_wait_left": 35.160070320003555,
      "avg_wait_up": 29.448776846156907,
      "p95_wait": 69.0001380000075,
      "max_wait": 80.83349500000878,
      "throughput": 17.33329866673461,
      "avg_queue": 7.794444444444444,
      "max_queue": 18,
      "queues": [
        0,
        1,
        3,
        1
      ],
      "crossed": 52,
      "spawned": 57,
      "external_spawned": 34,
      "transferred_in": 23,
      "exited_world": 37,
      "red_light_violations": 0,
      "fairness": 0.5681818181818182,
      "iid": 0
    },
    {
      "avg_wait": 29.11851977538744,
      "avg_wait_right": 48.036060984215105,
      "avg_wait_down": 23.362867238463927,
      "avg_wait_left": 13.461138033334697,
      "avg_wait_up": 26.354682338891408,
      "p95_wait": 87.00017400000688,
      "max_wait": 95.00019000000648,
      "throughput": 17.33329866673461,
      "avg_queue": 9.35,
      "max_queue": 18,
      "queues": [
        8,
        1,
        4,
        0
      ],
      "crossed": 52,
      "spawned": 65,
      "external_spawned": 45,
      "transferred_in": 20,
      "exited_world": 29,
      "red_light_violations": 0,
      "fairness": 0.5216049382716049,
      "iid": 1
    },
    {
      "avg_wait": 25.834178652383386,
      "avg_wait_right": 33.3137029909124,
      "avg_wait_down": 20.256562252176,
      "avg_wait_left": 24.065734405884154,
      "avg_wait_up": 32.173675458336525,
      "p95_wait": 49.95009990000395,
      "max_wait": 65.33346400000364,
      "throughput": 15.999968000062717,
      "avg_queue": 9.427777777777777,
      "max_queue": 15,
      "queues": [
        5,
        8,
        2,
        0
      ],
      "crossed": 48,
      "spawned": 63,
      "external_spawned": 50,
      "transferred_in": 13,
      "exited_world": 30,
      "red_light_violations": 0,
      "fairness": 0.6048387096774194,
      "iid": 2
    },
    {
      "avg_wait": 25.781694075364744,
      "avg_wait_right": 35.189653712503365,
      "avg_wait_down": 22.954907020835666,
      "avg_wait_left": 6.524087122222407,
      "avg_wait_up": 27.062554125002425,
      "p95_wait": 66.13346560000718,
      "max_wait": 95.01685670001032,
      "throughput": 16.33330066673069,
      "avg_queue": 8.866666666666667,
      "max_queue": 20,
      "queues": [
        10,
        7,
        2,
        1
      ],
      "crossed": 49,
      "spawned": 69,
      "external_spawned": 51,
      "transferred_in": 18,
      "exited_world": 31,
      "red_light_violations": 0,
      "fairness": 0.6493506493506493,
      "iid": 3
    }
  ],
  "overall": {
    "avg_wait": 27.66796981964429,
    "avg_wait_right": 34.85153252190816,
    "avg_wait_down": 24.05669419215542,
    "avg_wait_left": 19.802757470361204,
    "avg_wait_up": 28.759922192096816,
    "p95_wait": 68.02096937500637,
    "throughput": 66.99986600026263,
    "avg_queue": 8.859722222222222,
    "fairness": 0.585994028870373,
    "crossed": 201,
    "spawned": 254,
    "external_spawned": 180,
    "transferred_in": 74,
    "exited_world": 127,
    "red_light_violations": 0
  }
}