{
  "mode": "rl",
  "seed": 47,
  "spawn_rate": 2.0,
  "duration_s": 300.00059999995244,
  "fixed_dt_s": 0.0166667,
  "rl": {
    "model_path": "models/studies/pres2_sw010_ws12_20260313/shared_qtable.json",
    "training": true,
    "epsilon": 0.06420575614574676,
    "updates": 214
  },
  "neural": {
    "model_path": "models/neural_hybrid.pt",
    "collect_data": false,
    "data_path": "data/neural/greedy_data.csv",
    "teacher_policy": "greedy"
  },
  "intersections": [
    {
      "avg_wait": 13.533215472171095,
      "avg_wait_right": 10.700021399998622,
      "avg_wait_down": 12.376768939531742,
      "avg_wait_left": 17.38679947940619,
      "avg_wait_up": 12.321236763635374,
      "p95_wait": 36.200072400003464,
      "max_wait": 63.76679419994986,
      "throughput": 41.79991640017383,
      "avg_queue": 12.43,
      "max_queue": 22,
      "queues": [
        3,
        2,
        6,
        10
      ],
      "crossed": 209,
      "spawned": 230,
      "external_spawned": 155,
      "transferred_in": 75,
      "exited_world": 129,
      "red_light_violations": 0,
      "fairness": 0.7399328859060402,
      "iid": 0
    },
    {
      "avg_wait": 15.782438972218692,
      "avg_wait_right": 15.014748644152538,
      "avg_wait_down": 12.975859284998473,
      "avg_wait_left": 18.278740261106392,
      "avg_wait_up": 17.076224628567033,
      "p95_wait": 39.900079800004335,
      "max_wait": 56.11677889997199,
      "throughput": 39.399921200163845,
      "avg_queue": 13.776666666666667,
      "max_queue": 26,
      "queues": [
        5,
        3,
        3,
        8
      ],
      "crossed": 197,
      "spawned": 216,
      "external_spawned": 144,
      "transferred_in": 72,
      "exited_world": 120,
      "red_light_violations": 0,
      "fairness": 0.8434579439252337,
      "iid": 1
    },
    {
      "avg_wait": 19.52511279645435,
      "avg_wait_right": 16.776994338224043,
      "avg_wait_down": 26.517386367991467,
      "avg_wait_left": 19.365563845201997,
      "avg_wait_up": 9.994716959089997,
      "p95_wait": 54.45010889993088,
      "max_wait": 75.06681679997371,
      "throughput": 39.59992080016468,
      "avg_queue": 17.911666666666665,
      "max_queue": 40,
      "queues": [
        11,
        12,
        4,
        1
      ],
      "crossed": 198,
      "spawned": 226,
      "external_spawned": 158,
      "transferred_in": 68,
      "exited_world": 132,
      "red_light_violations": 0,
      "fairness": 0.6950354609929078,
      "iid": 2
    },
    {
      "avg_wait": 12.744606769949323,
      "avg_wait_right": 14.277040048275525,
      "avg_wait_down": 14.193989740577056,
      "avg_wait_left": 10.164494013156917,
      "avg_wait_up": 10.353968076314539,
      "p95_wait": 35.800071600003776,
      "max_wait": 46.23342580000502,
      "throughput": 36.599926800152204,
      "avg_queue": 10.893333333333333,
      "max_queue": 22,
      "queues": [
        4,
        6,
        5,
        5
      ],
      "crossed": 183,
      "spawned": 203,
      "external_spawned": 143,
      "transferred_in": 60,
      "exited_world": 117,
      "red_light_violations": 0,
      "fairness": 0.9803921568627451,
      "iid": 3
    }
  ],
  "overall": {
    "avg_wait": 15.396343502698365,
    "avg_wait_right": 14.192201107662683,
    "avg_wait_down": 16.516001083274684,
    "avg_wait_left": 16.298899399717875,
    "avg_wait_up": 12.436536606901736,
    "p95_wait": 41.58758317498561,
    "throughput": 157.39968520065457,
    "avg_queue": 13.752916666666666,
    "fairness": 0.8147046119217317,
    "crossed": 787,
    "spawned": 875,
    "external_spawned": 600,
    "transferred_in": 275,
    "exited_world": 498,
    "red_light_violations": 0
  }
}