{
  "mode": "random",
  "seed": 53,
  "spawn_rate": 2.0,
  "duration_s": 180.00036000001444,
  "fixed_dt_s": 0.0166667,
  "rl": {
    "model_path": "models/rl_qtable.json",
    "training": false,
    "epsilon": null,
    "updates": 0,
    "state_profile": "default",
    "state_table_size": 4096
  },
  "neural": {
    "model_path": "models/neural_hybrid.pt",
    "collect_data": false,
    "data_path": "data/neural/greedy_data.csv",
    "teacher_policy": "greedy"
  },
  "intersections": [
    {
      "avg_wait": 18.855097233930433,
      "avg_wait_right": 18.01307950434963,
      "avg_wait_down": 15.638920166667932,
      "avg_wait_left": 25.707829193335844,
      "avg_wait_up": 15.7193496204562,
      "p95_wait": 54.98344330000597,
      "max_wait": 66.86680040000726,
      "throughput": 31.666603333457456,
      "avg_queue": 13.088888888888889,
      "max_queue": 27,
      "queues": [
        4,
        1,
        0,
        12
      ],
      "crossed": 95,
      "spawned": 112,
      "external_spawned": 79,
      "transferred_in": 33,
      "exited_world": 62,
      "red_light_violations": 0,
      "fairness": 0.44875776397515527,
      "iid": 0
    },
    {
      "avg_wait": 21.25127707037239,
      "avg_wait_right": 25.09423623488628,
      "avg_wait_down": 6.758743676190521,
      "avg_wait_left": 11.202522405001217,
      "avg_wait_up": 27.91933688431642,
      "p95_wait": 63.86679440000694,
      "max_wait": 90.76684820000825,
      "throughput": 36.33326066680909,
      "avg_queue": 16.86111111111111,
      "max_queue": 32,
      "queues": [
        11,
        2,
        2,
        11
      ],
      "crossed": 109,
      "spawned": 135,
      "external_spawned": 94,
      "transferred_in": 41,
      "exited_world": 72,
      "red_light_violations": 0,
      "fairness": 0.676,
      "iid": 1
    },
    {
      "avg_wait": 20.746708160001962,
      "avg_wait_right": 6.823823171429145,
      "avg_wait_down": 36.2195846341501,
      "avg_wait_left": 20.18863686842258,
      "avg_wait_up": 11.036253956522922,
      "p95_wait": 63.43346020000689,
      "max_wait": 85.80017160000627,
      "throughput": 37.66659133348098,
      "avg_queue": 17.741666666666667,
      "max_queue": 35,
      "queues": [
        2,
        7,
        6,
        2
      ],
      "crossed": 113,
      "spawned": 130,
      "external_spawned": 103,
      "transferred_in": 27,
      "exited_world": 66,
      "red_light_violations": 0,
      "fairness": 0.7768817204301075,
      "iid": 2
    },
    {
      "avg_wait": 13.699630573810644,
      "avg_wait_right": 14.325337292593808,
      "avg_wait_down": 16.117219734376288,
      "avg_wait_left": 9.551979888236318,
      "avg_wait_up": 11.932632560870305,
      "p95_wait": 35.116736900003815,
      "max_wait": 41.58341650000452,
      "throughput": 36.99992600014503,
      "avg_queue": 12.275,
      "max_queue": 25,
      "queues": [
        9,
        1,
        4,
        1
      ],
      "crossed": 111,
      "spawned": 126,
      "external_spawned": 84,
      "transferred_in": 42,
      "exited_world": 75,
      "red_light_violations": 0,
      "fairness": 0.5681818181818182,
      "iid": 3
    }
  ],
  "overall": {
    "avg_wait": 18.638178259528857,
    "avg_wait_right": 16.064119050814718,
    "avg_wait_down": 18.68361705284621,
    "avg_wait_left": 16.66274208874899,
    "avg_wait_up": 16.65189325554146,
    "p95_wait": 54.350108700005904,
    "throughput": 142.66638133389256,
    "avg_queue": 14.991666666666667,
    "fairness": 0.6174553256467703,
    "crossed": 428,
    "spawned": 503,
    "external_spawned": 360,
    "transferred_in": 143,
    "exited_world": 275,
    "red_light_violations": 0
  }
}