{
  "mode": "rl",
  "seed": 41,
  "spawn_rate": 2.0,
  "duration_s": 300.00059999995244,
  "fixed_dt_s": 0.0166667,
  "rl": {
    "model_path": "models/studies/pres2_sw020_ws12_20260313/shared_qtable.json",
    "training": true,
    "epsilon": 0.03,
    "updates": 205
  },
  "neural": {
    "model_path": "models/neural_hybrid.pt",
    "collect_data": false,
    "data_path": "data/neural/greedy_data.csv",
    "teacher_policy": "greedy"
  },
  "intersections": [
    {
      "avg_wait": 13.254904558532932,
      "avg_wait_right": 10.075223402436162,
      "avg_wait_down": 13.43393491379188,
      "avg_wait_left": 13.844573143632417,
      "avg_wait_up": 14.41419549499526,
      "p95_wait": 32.98339930000358,
      "max_wait": 83.5335003999588,
      "throughput": 35.39992920014721,
      "avg_queue": 11.785,
      "max_queue": 28,
      "queues": [
        2,
        1,
        10,
        15
      ],
      "crossed": 177,
      "spawned": 205,
      "external_spawned": 150,
      "transferred_in": 55,
      "exited_world": 110,
      "red_light_violations": 0,
      "fairness": 0.593939393939394,
      "iid": 0
    },
    {
      "avg_wait": 12.56029368293707,
      "avg_wait_right": 13.012638637836107,
      "avg_wait_down": 9.617772858694348,
      "avg_wait_left": 9.816686299997258,
      "avg_wait_up": 15.7751727932203,
      "p95_wait": 30.83339500000335,
      "max_wait": 43.2667532000047,
      "throughput": 39.79992040016551,
      "avg_queue": 11.201666666666666,
      "max_queue": 24,
      "queues": [
        2,
        0,
        7,
        3
      ],
      "crossed": 199,
      "spawned": 211,
      "external_spawned": 145,
      "transferred_in": 66,
      "exited_world": 128,
      "red_light_violations": 0,
      "fairness": 0.5806451612903226,
      "iid": 1
    },
    {
      "avg_wait": 12.616932285094919,
      "avg_wait_right": 9.131310779590317,
      "avg_wait_down": 13.76113863333231,
      "avg_wait_left": 13.471282981158307,
      "avg_wait_up": 14.029826039392502,
      "p95_wait": 38.11674290000414,
      "max_wait": 57.083447500002514,
      "throughput": 38.99992200016218,
      "avg_queue": 11.636666666666667,
      "max_queue": 23,
      "queues": [
        5,
        0,
        6,
        2
      ],
      "crossed": 195,
      "spawned": 208,
      "external_spawned": 156,
      "transferred_in": 52,
      "exited_world": 120,
      "red_light_violations": 0,
      "fairness": 0.65,
      "iid": 2
    },
    {
      "avg_wait": 14.244519423428907,
      "avg_wait_right": 12.852109037498588,
      "avg_wait_down": 12.843997319147746,
      "avg_wait_left": 18.17359956551436,
      "avg_wait_up": 17.830591216661585,
      "p95_wait": 31.783396899949253,
      "max_wait": 50.05010009993552,
      "throughput": 44.99991000018713,
      "avg_queue": 14.2,
      "max_queue": 26,
      "queues": [
        2,
        6,
        5,
        1
      ],
      "crossed": 225,
      "spawned": 239,
      "external_spawned": 149,
      "transferred_in": 90,
      "exited_world": 166,
      "red_light_violations": 0,
      "fairness": 0.7424242424242424,
      "iid": 3
    }
  ],
  "overall": {
    "avg_wait": 13.169162487498458,
    "avg_wait_right": 11.267820464340293,
    "avg_wait_down": 12.414210931241572,
    "avg_wait_left": 13.826535497575584,
    "avg_wait_up": 15.512446386067412,
    "p95_wait": 33.42923352499008,
    "throughput": 159.19968160066202,
    "avg_queue": 12.205833333333333,
    "fairness": 0.6417521994134898,
    "crossed": 796,
    "spawned": 863,
    "external_spawned": 600,
    "transferred_in": 263,
    "exited_world": 524,
    "red_light_violations": 0
  }
}