{
  "mode": "rl",
  "seed": 27,
  "spawn_rate": 1.0,
  "duration_s": 600.0011999994734,
  "fixed_dt_s": 0.0166667,
  "rl": {
    "model_path": "models/rl_boost_shared_v1.json",
    "training": true,
    "epsilon": 0.2515809665466743,
    "updates": 122
  },
  "neural": {
    "model_path": "models/neural_greedy.pt",
    "collect_data": false,
    "data_path": "data/neural/greedy_data.csv"
  },
  "intersections": [
    {
      "avg_wait": 49.09646782965636,
      "avg_wait_right": 31.538951966635942,
      "avg_wait_down": 59.09614993801845,
      "avg_wait_left": 44.05542144398031,
      "avg_wait_up": 59.33596342047518,
      "p95_wait": 143.01695269977165,
      "max_wait": 221.41710950002334,
      "throughput": 17.199965600083896,
      "avg_queue": 13.113333333333333,
      "max_queue": 31,
      "queues": [
        4,
        0,
        10,
        16
      ],
      "crossed": 172,
      "spawned": 202,
      "external_spawned": 137,
      "transferred_in": 65,
      "exited_world": 122,
      "red_light_violations": 0,
      "fairness": 0.6048387096774194,
      "iid": 0
    },
    {
      "avg_wait": 54.94603923128641,
      "avg_wait_right": 49.883685625706505,
      "avg_wait_down": 60.7514286920817,
      "avg_wait_left": 68.8423251843568,
      "avg_wait_up": 48.96602930436673,
      "p95_wait": 160.90032180001748,
      "max_wait": 221.41710950002334,
      "throughput": 20.399959200099502,
      "avg_queue": 20.151666666666667,
      "max_queue": 33,
      "queues": [
        8,
        3,
        2,
        0
      ],
      "crossed": 204,
      "spawned": 217,
      "external_spawned": 164,
      "transferred_in": 53,
      "exited_world": 126,
      "red_light_violations": 0,
      "fairness": 0.5487012987012987,
      "iid": 1
    },
    {
      "avg_wait": 47.342631998453264,
      "avg_wait_right": 43.55184148942147,
      "avg_wait_down": 53.15116450311937,
      "avg_wait_left": 49.85244345462999,
      "avg_wait_up": 36.717203063840294,
      "p95_wait": 144.78362289976883,
      "max_wait": 278.13388959981717,
      "throughput": 18.099963800088283,
      "avg_queue": 14.1875,
      "max_queue": 31,
      "queues": [
        6,
        1,
        12,
        1
      ],
      "crossed": 181,
      "spawned": 201,
      "external_spawned": 155,
      "transferred_in": 46,
      "exited_world": 106,
      "red_light_violations": 0,
      "fairness": 0.5494505494505495,
      "iid": 2
    },
    {
      "avg_wait": 57.64081468609711,
      "avg_wait_right": 26.494622277498543,
      "avg_wait_down": 105.92301886303979,
      "avg_wait_left": 49.103074396376726,
      "avg_wait_up": 36.40276097738097,
      "p95_wait": 182.83369899970808,
      "max_wait": 268.18386969964024,
      "throughput": 19.799960400096573,
      "avg_queue": 17.06833333333333,
      "max_queue": 51,
      "queues": [
        5,
        11,
        3,
        7
      ],
      "crossed": 198,
      "spawned": 224,
      "external_spawned": 144,
      "transferred_in": 80,
      "exited_world": 149,
      "red_light_violations": 0,
      "fairness": 0.8284313725490197,
      "iid": 3
    }
  ],
  "overall": {
    "avg_wait": 52.25648843637329,
    "avg_wait_right": 37.86727533981561,
    "avg_wait_down": 69.73044049906483,
    "avg_wait_left": 52.96331611983595,
    "avg_wait_up": 45.355489191515794,
    "p95_wait": 157.88364909981652,
    "throughput": 75.49984900036826,
    "avg_queue": 16.130208333333332,
    "fairness": 0.6328554825945718,
    "crossed": 755,
    "spawned": 844,
    "external_spawned": 600,
    "transferred_in": 244,
    "exited_world": 503,
    "red_light_violations": 0
  }
}