{
  "mode": "rl",
  "seed": 47,
  "spawn_rate": 2.0,
  "duration_s": 300.00059999995244,
  "fixed_dt_s": 0.0166667,
  "rl": {
    "model_path": "models/studies/pres2_sw010_ws12_20260313/shared_qtable.json",
    "training": true,
    "epsilon": 0.03,
    "updates": 212
  },
  "neural": {
    "model_path": "models/neural_hybrid.pt",
    "collect_data": false,
    "data_path": "data/neural/greedy_data.csv",
    "teacher_policy": "greedy"
  },
  "intersections": [
    {
      "avg_wait": 13.411434230218942,
      "avg_wait_right": 12.118253403121859,
      "avg_wait_down": 12.76127552249703,
      "avg_wait_left": 14.638653615871194,
      "avg_wait_up": 13.301137713328849,
      "p95_wait": 34.70006940000377,
      "max_wait": 47.61676190000517,
      "throughput": 40.19991960016717,
      "avg_queue": 12.781666666666666,
      "max_queue": 28,
      "queues": [
        0,
        5,
        6,
        13
      ],
      "crossed": 201,
      "spawned": 225,
      "external_spawned": 152,
      "transferred_in": 73,
      "exited_world": 134,
      "red_light_violations": 0,
      "fairness": 0.6260869565217392,
      "iid": 0
    },
    {
      "avg_wait": 12.50358056266511,
      "avg_wait_right": 13.10933994411481,
      "avg_wait_down": 11.499282257776448,
      "avg_wait_left": 9.657162171427096,
      "avg_wait_up": 13.84937834805135,
      "p95_wait": 32.533398400003534,
      "max_wait": 47.66676200000322,
      "throughput": 41.99991600017466,
      "avg_queue": 12.325,
      "max_queue": 23,
      "queues": [
        3,
        4,
        5,
        3
      ],
      "crossed": 210,
      "spawned": 225,
      "external_spawned": 150,
      "transferred_in": 75,
      "exited_world": 134,
      "red_light_violations": 0,
      "fairness": 0.9533898305084746,
      "iid": 1
    },
    {
      "avg_wait": 13.39082280149075,
      "avg_wait_right": 11.483951539284714,
      "avg_wait_down": 15.608488928354667,
      "avg_wait_left": 13.28362871774242,
      "avg_wait_up": 11.378431847724448,
      "p95_wait": 33.41673350000363,
      "max_wait": 56.35011270000612,
      "throughput": 38.79992240016135,
      "avg_queue": 11.293333333333333,
      "max_queue": 24,
      "queues": [
        4,
        1,
        1,
        1
      ],
      "crossed": 194,
      "spawned": 201,
      "external_spawned": 140,
      "transferred_in": 61,
      "exited_world": 127,
      "red_light_violations": 0,
      "fairness": 0.6447368421052632,
      "iid": 2
    },
    {
      "avg_wait": 12.461086207620795,
      "avg_wait_right": 14.969726909088685,
      "avg_wait_down": 12.490638008043472,
      "avg_wait_left": 13.921596470584214,
      "avg_wait_up": 8.4142012255301,
      "p95_wait": 29.4667256000032,
      "max_wait": 45.350090699988016,
      "throughput": 40.79991840016967,
      "avg_queue": 12.2,
      "max_queue": 23,
      "queues": [
        5,
        4,
        8,
        2
      ],
      "crossed": 204,
      "spawned": 223,
      "external_spawned": 158,
      "transferred_in": 65,
      "exited_world": 133,
      "red_light_violations": 0,
      "fairness": 0.8279816513761468,
      "iid": 3
    }
  ],
  "overall": {
    "avg_wait": 12.941730950498899,
    "avg_wait_right": 12.920317948902516,
    "avg_wait_down": 13.089921179167904,
    "avg_wait_left": 12.875260243906231,
    "avg_wait_up": 11.735787283658686,
    "p95_wait": 32.529231725003534,
    "throughput": 161.79967640067287,
    "avg_queue": 12.149999999999999,
    "fairness": 0.763048820127906,
    "crossed": 809,
    "spawned": 874,
    "external_spawned": 600,
    "transferred_in": 274,
    "exited_world": 528,
    "red_light_violations": 0
  }
}