{
  "mode": "rl",
  "seed": 41,
  "spawn_rate": 2.0,
  "duration_s": 300.00059999995244,
  "fixed_dt_s": 0.0166667,
  "rl": {
    "model_path": "models/studies/final_final_results_train10/shared_qtable.json",
    "training": true,
    "epsilon": 0.15937510864782456,
    "updates": 229,
    "state_profile": "fine",
    "state_table_size": 9216
  },
  "neural": {
    "model_path": "models/neural_hybrid.pt",
    "collect_data": false,
    "data_path": "data/neural/greedy_data.csv",
    "teacher_policy": "greedy"
  },
  "intersections": [
    {
      "avg_wait": 25.101175378055753,
      "avg_wait_right": 6.501917765714047,
      "avg_wait_down": 20.302897748570704,
      "avg_wait_left": 31.55080384221664,
      "avg_wait_up": 28.19789189350324,
      "p95_wait": 60.26678720000655,
      "max_wait": 86.4835063000094,
      "throughput": 42.39991520017632,
      "avg_queue": 22.315,
      "max_queue": 39,
      "queues": [
        1,
        2,
        17,
        5
      ],
      "crossed": 212,
      "spawned": 237,
      "external_spawned": 160,
      "transferred_in": 77,
      "exited_world": 145,
      "red_light_violations": 0,
      "fairness": 0.4898119122257053,
      "iid": 0
    },
    {
      "avg_wait": 18.403074189246414,
      "avg_wait_right": 19.736944235706552,
      "avg_wait_down": 12.2916912499977,
      "avg_wait_left": 14.46584089743481,
      "avg_wait_up": 22.17727440139993,
      "p95_wait": 62.366791400006775,
      "max_wait": 92.51685169994522,
      "throughput": 34.79993040014472,
      "avg_queue": 14.946666666666667,
      "max_queue": 41,
      "queues": [
        10,
        9,
        2,
        19
      ],
      "crossed": 174,
      "spawned": 214,
      "external_spawned": 141,
      "transferred_in": 73,
      "exited_world": 103,
      "red_light_violations": 0,
      "fairness": 0.7326007326007326,
      "iid": 1
    },
    {
      "avg_wait": 25.132611993515845,
      "avg_wait_right": 28.277139887497697,
      "avg_wait_down": 24.105176415383635,
      "avg_wait_left": 30.900061799994905,
      "avg_wait_up": 13.753202109522674,
      "p95_wait": 63.95012790000695,
      "max_wait": 82.61683190000716,
      "throughput": 39.399921200163845,
      "avg_queue": 19.373333333333335,
      "max_queue": 41,
      "queues": [
        1,
        2,
        14,
        2
      ],
      "crossed": 197,
      "spawned": 216,
      "external_spawned": 147,
      "transferred_in": 69,
      "exited_world": 122,
      "red_light_violations": 0,
      "fairness": 0.4402439024390244,
      "iid": 2
    },
    {
      "avg_wait": 20.527605157687972,
      "avg_wait_right": 24.22773662741592,
      "avg_wait_down": 21.148676177048145,
      "avg_wait_left": 16.951196693018247,
      "avg_wait_up": 17.825035649990234,
      "p95_wait": 57.86678239996195,
      "max_wait": 74.20014840000806,
      "throughput": 37.39992520015553,
      "avg_queue": 15.505,
      "max_queue": 32,
      "queues": [
        7,
        4,
        7,
        3
      ],
      "crossed": 187,
      "spawned": 208,
      "external_spawned": 152,
      "transferred_in": 56,
      "exited_world": 106,
      "red_light_violations": 0,
      "fairness": 0.8963414634146342,
      "iid": 3
    }
  ],
  "overall": {
    "avg_wait": 22.291116679626498,
    "avg_wait_right": 19.685934629083555,
    "avg_wait_down": 19.462110397750045,
    "avg_wait_left": 23.46697580816615,
    "avg_wait_up": 20.48835101360402,
    "p95_wait": 61.112622224995555,
    "throughput": 153.9996920006404,
    "avg_queue": 18.035,
    "fairness": 0.6397495026700241,
    "crossed": 770,
    "spawned": 875,
    "external_spawned": 600,
    "transferred_in": 275,
    "exited_world": 476,
    "red_light_violations": 0
  }
}