{
  "mode": "rl",
  "seed": 40,
  "spawn_rate": 2.0,
  "duration_s": 300.00059999995244,
  "fixed_dt_s": 0.0166667,
  "rl": {
    "model_path": "models/studies/final_final_results_train10/shared_qtable.json",
    "training": true,
    "epsilon": 0.07366793709309757,
    "updates": 216,
    "state_profile": "fine",
    "state_table_size": 9216
  },
  "neural": {
    "model_path": "models/neural_hybrid.pt",
    "collect_data": false,
    "data_path": "data/neural/greedy_data.csv",
    "teacher_policy": "greedy"
  },
  "intersections": [
    {
      "avg_wait": 18.03192708942228,
      "avg_wait_right": 20.139255964702727,
      "avg_wait_down": 14.450519097056473,
      "avg_wait_left": 19.279092612163,
      "avg_wait_up": 17.39296407878726,
      "p95_wait": 48.650097300005285,
      "max_wait": 60.08345350000653,
      "throughput": 38.199923600158854,
      "avg_queue": 15.06,
      "max_queue": 26,
      "queues": [
        4,
        2,
        6,
        5
      ],
      "crossed": 191,
      "spawned": 208,
      "external_spawned": 149,
      "transferred_in": 59,
      "exited_world": 129,
      "red_light_violations": 0,
      "fairness": 0.8919753086419753,
      "iid": 0
    },
    {
      "avg_wait": 18.823825526361887,
      "avg_wait_right": 19.956810746874254,
      "avg_wait_down": 13.755860844996027,
      "avg_wait_left": 10.991941175756086,
      "avg_wait_up": 23.50647271566109,
      "p95_wait": 63.15012630000686,
      "max_wait": 88.3668434000096,
      "throughput": 40.79991840016967,
      "avg_queue": 12.995,
      "max_queue": 23,
      "queues": [
        2,
        6,
        4,
        4
      ],
      "crossed": 204,
      "spawned": 220,
      "external_spawned": 145,
      "transferred_in": 75,
      "exited_world": 140,
      "red_light_violations": 0,
      "fairness": 0.8888888888888888,
      "iid": 1
    },
    {
      "avg_wait": 15.348793073758904,
      "avg_wait_right": 10.694615983784287,
      "avg_wait_down": 18.367966028780483,
      "avg_wait_left": 14.530584616663726,
      "avg_wait_up": 16.165183845453395,
      "p95_wait": 42.11675090000188,
      "max_wait": 59.550119099953264,
      "throughput": 37.39992520015553,
      "avg_queue": 12.528333333333334,
      "max_queue": 28,
      "queues": [
        3,
        8,
        1,
        3
      ],
      "crossed": 187,
      "spawned": 202,
      "external_spawned": 136,
      "transferred_in": 66,
      "exited_world": 121,
      "red_light_violations": 0,
      "fairness": 0.677710843373494,
      "iid": 2
    },
    {
      "avg_wait": 18.681409911762675,
      "avg_wait_right": 16.892742118747655,
      "avg_wait_down": 20.987941519176236,
      "avg_wait_left": 9.597102527496366,
      "avg_wait_up": 26.19449683333298,
      "p95_wait": 47.633428600005175,
      "max_wait": 84.35016870000916,
      "throughput": 43.999912000182974,
      "avg_queue": 18.168333333333333,
      "max_queue": 31,
      "queues": [
        10,
        7,
        1,
        0
      ],
      "crossed": 220,
      "spawned": 238,
      "external_spawned": 170,
      "transferred_in": 68,
      "exited_world": 136,
      "red_light_violations": 0,
      "fairness": 0.54,
      "iid": 3
    }
  ],
  "overall": {
    "avg_wait": 17.721488900326435,
    "avg_wait_right": 16.92085620352723,
    "avg_wait_down": 16.890571872502306,
    "avg_wait_left": 13.599680233019795,
    "avg_wait_up": 20.81477936830868,
    "p95_wait": 50.3876007750048,
    "throughput": 160.39967920066704,
    "avg_queue": 14.687916666666666,
    "fairness": 0.7496437602260895,
    "crossed": 802,
    "spawned": 868,
    "external_spawned": 600,
    "transferred_in": 268,
    "exited_world": 526,
    "red_light_violations": 0
  }
}