{
  "mode": "rl",
  "seed": 50,
  "spawn_rate": 2.0,
  "duration_s": 180.00036000001444,
  "fixed_dt_s": 0.0166667,
  "rl": {
    "model_path": "models\\epoch_snapshots\\final_final_results_train10\\epoch_007.json",
    "training": false,
    "epsilon": 0.02,
    "updates": 0,
    "state_profile": "fine",
    "state_table_size": 9216
  },
  "neural": {
    "model_path": "models/neural_hybrid.pt",
    "collect_data": false,
    "data_path": "data/neural/greedy_data.csv",
    "teacher_policy": "greedy"
  },
  "intersections": [
    {
      "avg_wait": 13.14155854113015,
      "avg_wait_right": 12.707076696154992,
      "avg_wait_down": 10.87123386363709,
      "avg_wait_left": 14.996220468572723,
      "avg_wait_up": 13.052058624391407,
      "p95_wait": 32.61673190000354,
      "max_wait": 57.70011540000627,
      "throughput": 35.33326266680517,
      "avg_queue": 10.269444444444444,
      "max_queue": 23,
      "queues": [
        3,
        3,
        10,
        2
      ],
      "crossed": 106,
      "spawned": 124,
      "external_spawned": 89,
      "transferred_in": 35,
      "exited_world": 61,
      "red_light_violations": 0,
      "fairness": 0.6639344262295082,
      "iid": 0
    },
    {
      "avg_wait": 11.885811885272362,
      "avg_wait_right": 12.833359000001229,
      "avg_wait_down": 7.415232221739616,
      "avg_wait_left": 11.669190005000928,
      "avg_wait_up": 13.403730511112323,
      "p95_wait": 36.26673920000394,
      "max_wait": 48.40009680000526,
      "throughput": 38.6665893334849,
      "avg_queue": 10.072222222222223,
      "max_queue": 25,
      "queues": [
        2,
        4,
        5,
        2
      ],
      "crossed": 116,
      "spawned": 129,
      "external_spawned": 87,
      "transferred_in": 42,
      "exited_world": 82,
      "red_light_violations": 0,
      "fairness": 0.8622448979591837,
      "iid": 1
    },
    {
      "avg_wait": 15.78797195528602,
      "avg_wait_right": 15.152113637501406,
      "avg_wait_down": 15.583364500001315,
      "avg_wait_left": 17.514717569049406,
      "avg_wait_up": 13.353814586364836,
      "p95_wait": 41.53341640000451,
      "max_wait": 57.70011540000627,
      "throughput": 37.66659133348098,
      "avg_queue": 12.033333333333333,
      "max_queue": 23,
      "queues": [
        1,
        3,
        4,
        2
      ],
      "crossed": 113,
      "spawned": 123,
      "external_spawned": 85,
      "transferred_in": 38,
      "exited_world": 75,
      "red_light_violations": 0,
      "fairness": 0.8333333333333334,
      "iid": 2
    },
    {
      "avg_wait": 12.674325603054632,
      "avg_wait_right": 12.985486963831042,
      "avg_wait_down": 13.150026300001162,
      "avg_wait_left": 14.57336248000147,
      "avg_wait_up": 9.689602712500918,
      "p95_wait": 34.31673530000373,
      "max_wait": 54.450108900002085,
      "throughput": 38.99992200015287,
      "avg_queue": 11.755555555555556,
      "max_queue": 21,
      "queues": [
        4,
        4,
        1,
        5
      ],
      "crossed": 117,
      "spawned": 131,
      "external_spawned": 99,
      "transferred_in": 32,
      "exited_world": 77,
      "red_light_violations": 0,
      "fairness": 0.8448275862068966,
      "iid": 3
    }
  ],
  "overall": {
    "avg_wait": 13.372416996185791,
    "avg_wait_right": 13.419509074372167,
    "avg_wait_down": 11.754964221344796,
    "avg_wait_left": 14.688372630656131,
    "avg_wait_up": 12.37480160859237,
    "p95_wait": 36.18340570000393,
    "throughput": 150.66636533392392,
    "avg_queue": 11.03263888888889,
    "fairness": 0.8010850609322304,
    "crossed": 452,
    "spawned": 507,
    "external_spawned": 360,
    "transferred_in": 147,
    "exited_world": 295,
    "red_light_violations": 0
  }
}