{
  "mode": "neural",
  "seed": 51,
  "spawn_rate": 2.0,
  "duration_s": 180.00036000001444,
  "fixed_dt_s": 0.0166667,
  "rl": {
    "model_path": "models/rl_qtable.json",
    "training": false,
    "epsilon": null,
    "updates": 0,
    "state_profile": "default",
    "state_table_size": 4096
  },
  "neural": {
    "model_path": "models/neural_hybrid.pt",
    "collect_data": false,
    "data_path": "data/neural/greedy_data.csv",
    "teacher_policy": "greedy"
  },
  "intersections": [
    {
      "avg_wait": 10.366432946565814,
      "avg_wait_right": 8.116682900000674,
      "avg_wait_down": 10.842178547059717,
      "avg_wait_left": 10.5034932291676,
      "avg_wait_up": 12.052475085295296,
      "p95_wait": 26.366719400001703,
      "max_wait": 39.983413300004344,
      "throughput": 38.6665893334849,
      "avg_queue": 10.327777777777778,
      "max_queue": 17,
      "queues": [
        6,
        1,
        6,
        2
      ],
      "crossed": 116,
      "spawned": 131,
      "external_spawned": 102,
      "transferred_in": 29,
      "exited_world": 72,
      "red_light_violations": 0,
      "fairness": 0.7305194805194806,
      "iid": 0
    },
    {
      "avg_wait": 12.063893591609462,
      "avg_wait_right": 10.508033836539301,
      "avg_wait_down": 13.180795592309059,
      "avg_wait_left": 14.045398461112256,
      "avg_wait_up": 12.408535455320282,
      "p95_wait": 27.833389000003024,
      "max_wait": 34.40006880000374,
      "throughput": 41.99991600016463,
      "avg_queue": 12.044444444444444,
      "max_queue": 24,
      "queues": [
        8,
        3,
        2,
        4
      ],
      "crossed": 126,
      "spawned": 143,
      "external_spawned": 98,
      "transferred_in": 45,
      "exited_world": 81,
      "red_light_violations": 0,
      "fairness": 0.7768817204301075,
      "iid": 1
    },
    {
      "avg_wait": 10.931142806195714,
      "avg_wait_right": 9.880322790910105,
      "avg_wait_down": 12.023553458824669,
      "avg_wait_left": 10.673098269231687,
      "avg_wait_up": 10.711132533334371,
      "p95_wait": 22.516711700002446,
      "max_wait": 30.133393600003274,
      "throughput": 34.66659733346922,
      "avg_queue": 8.241666666666667,
      "max_queue": 17,
      "queues": [
        2,
        2,
        5,
        0
      ],
      "crossed": 104,
      "spawned": 113,
      "external_spawned": 79,
      "transferred_in": 34,
      "exited_world": 66,
      "red_light_violations": 0,
      "fairness": 0.6136363636363636,
      "iid": 2
    },
    {
      "avg_wait": 11.384431370968782,
      "avg_wait_right": 9.864884594595537,
      "avg_wait_down": 12.768630188373344,
      "avg_wait_left": 11.440022880000868,
      "avg_wait_up": 11.137741573685188,
      "p95_wait": 22.883379100002486,
      "max_wait": 38.233409800004154,
      "throughput": 37.66659133348098,
      "avg_queue": 8.775,
      "max_queue": 17,
      "queues": [
        4,
        5,
        2,
        0
      ],
      "crossed": 113,
      "spawned": 124,
      "external_spawned": 81,
      "transferred_in": 43,
      "exited_world": 71,
      "red_light_violations": 0,
      "fairness": 0.6722222222222223,
      "iid": 3
    }
  ],
  "overall": {
    "avg_wait": 11.186475178834943,
    "avg_wait_right": 9.592481030511404,
    "avg_wait_down": 12.203789446641697,
    "avg_wait_left": 11.665503209878104,
    "avg_wait_up": 11.577471161908784,
    "p95_wait": 24.900049800002414,
    "throughput": 152.99969400059973,
    "avg_queue": 9.847222222222221,
    "fairness": 0.6983149467020435,
    "crossed": 459,
    "spawned": 511,
    "external_spawned": 360,
    "transferred_in": 151,
    "exited_world": 290,
    "red_light_violations": 0
  }
}