{
  "mode": "rl",
  "seed": 48,
  "spawn_rate": 2.0,
  "duration_s": 180.00036000001444,
  "fixed_dt_s": 0.0166667,
  "rl": {
    "model_path": "models\\epoch_snapshots\\final_final_results_train10\\epoch_005.json",
    "training": false,
    "epsilon": 0.02,
    "updates": 0,
    "state_profile": "fine",
    "state_table_size": 9216
  },
  "neural": {
    "model_path": "models/neural_hybrid.pt",
    "collect_data": false,
    "data_path": "data/neural/greedy_data.csv",
    "teacher_policy": "greedy"
  },
  "intersections": [
    {
      "avg_wait": 15.978463329413287,
      "avg_wait_right": 16.411143933334706,
      "avg_wait_down": 12.842618277779014,
      "avg_wait_left": 13.88118718261007,
      "avg_wait_up": 20.075040150001943,
      "p95_wait": 42.05008410000457,
      "max_wait": 67.91680250000738,
      "throughput": 39.99992000015679,
      "avg_queue": 12.880555555555556,
      "max_queue": 24,
      "queues": [
        8,
        2,
        4,
        2
      ],
      "crossed": 120,
      "spawned": 136,
      "external_spawned": 93,
      "transferred_in": 43,
      "exited_world": 82,
      "red_light_violations": 0,
      "fairness": 0.7272727272727273,
      "iid": 0
    },
    {
      "avg_wait": 15.159610371654942,
      "avg_wait_right": 16.888759267648542,
      "avg_wait_down": 11.394719759091878,
      "avg_wait_left": 13.982720273078398,
      "avg_wait_up": 16.373736451112613,
      "p95_wait": 41.283415900004485,
      "max_wait": 58.16678300000632,
      "throughput": 36.33326066680909,
      "avg_queue": 12.2,
      "max_queue": 25,
      "queues": [
        0,
        8,
        7,
        3
      ],
      "crossed": 109,
      "spawned": 127,
      "external_spawned": 96,
      "transferred_in": 31,
      "exited_world": 75,
      "red_light_violations": 0,
      "fairness": 0.6639344262295082,
      "iid": 1
    },
    {
      "avg_wait": 15.919252268549922,
      "avg_wait_right": 14.7722517666681,
      "avg_wait_down": 19.026353842107202,
      "avg_wait_left": 12.444210934884886,
      "avg_wait_up": 17.99936933200163,
      "p95_wait": 40.20008040000437,
      "max_wait": 52.800105600005736,
      "throughput": 37.99992400014895,
      "avg_queue": 12.386111111111111,
      "max_queue": 23,
      "queues": [
        0,
        3,
        6,
        1
      ],
      "crossed": 114,
      "spawned": 124,
      "external_spawned": 83,
      "transferred_in": 41,
      "exited_world": 72,
      "red_light_violations": 0,
      "fairness": 0.5434782608695652,
      "iid": 2
    },
    {
      "avg_wait": 11.826193242983472,
      "avg_wait_right": 13.492956278789219,
      "avg_wait_down": 11.526149178379233,
      "avg_wait_left": 8.87350259545547,
      "avg_wait_up": 12.783358900000888,
      "p95_wait": 31.10006220000338,
      "max_wait": 51.316769300005575,
      "throughput": 33.6665993334653,
      "avg_queue": 9.511111111111111,
      "max_queue": 16,
      "queues": [
        1,
        6,
        2,
        4
      ],
      "crossed": 101,
      "spawned": 114,
      "external_spawned": 88,
      "transferred_in": 26,
      "exited_world": 63,
      "red_light_violations": 0,
      "fairness": 0.7412280701754386,
      "iid": 3
    }
  ],
  "overall": {
    "avg_wait": 14.720879803150407,
    "avg_wait_right": 15.391277811610141,
    "avg_wait_down": 13.697460264339332,
    "avg_wait_left": 12.295405246507206,
    "avg_wait_up": 16.807876208279268,
    "p95_wait": 38.6584106500042,
    "throughput": 147.99970400058012,
    "avg_queue": 11.744444444444444,
    "fairness": 0.6689783711368098,
    "crossed": 444,
    "spawned": 501,
    "external_spawned": 360,
    "transferred_in": 141,
    "exited_world": 292,
    "red_light_violations": 0
  }
}