{
  "mode": "rl",
  "seed": 49,
  "spawn_rate": 2.0,
  "duration_s": 180.00036000001444,
  "fixed_dt_s": 0.0166667,
  "rl": {
    "model_path": "models\\epoch_snapshots\\final_final_results_train10\\epoch_008.json",
    "training": false,
    "epsilon": 0.02,
    "updates": 0,
    "state_profile": "fine",
    "state_table_size": 9216
  },
  "neural": {
    "model_path": "models/neural_hybrid.pt",
    "collect_data": false,
    "data_path": "data/neural/greedy_data.csv",
    "teacher_policy": "greedy"
  },
  "intersections": [
    {
      "avg_wait": 13.371635938621864,
      "avg_wait_right": 15.06267380344953,
      "avg_wait_down": 12.432167721429922,
      "avg_wait_left": 13.300632661819254,
      "avg_wait_up": 12.691160134043745,
      "p95_wait": 32.46673160000353,
      "max_wait": 37.35007470000406,
      "throughput": 43.666579333504494,
      "avg_queue": 14.022222222222222,
      "max_queue": 23,
      "queues": [
        1,
        2,
        8,
        3
      ],
      "crossed": 131,
      "spawned": 145,
      "external_spawned": 102,
      "transferred_in": 43,
      "exited_world": 88,
      "red_light_violations": 0,
      "fairness": 0.6282051282051282,
      "iid": 0
    },
    {
      "avg_wait": 13.736672064901944,
      "avg_wait_right": 16.320711653705263,
      "avg_wait_down": 13.441693550001325,
      "avg_wait_left": 10.75359293571519,
      "avg_wait_up": 12.61242832558255,
      "p95_wait": 33.1500663000036,
      "max_wait": 41.50008300000451,
      "throughput": 45.66657533351234,
      "avg_queue": 13.780555555555555,
      "max_queue": 27,
      "queues": [
        8,
        1,
        2,
        3
      ],
      "crossed": 137,
      "spawned": 151,
      "external_spawned": 106,
      "transferred_in": 45,
      "exited_world": 81,
      "red_light_violations": 0,
      "fairness": 0.6282051282051282,
      "iid": 1
    },
    {
      "avg_wait": 20.192524045100118,
      "avg_wait_right": 11.671075973685051,
      "avg_wait_down": 27.60898378928866,
      "avg_wait_left": 27.449013231252955,
      "avg_wait_up": 8.107262591305165,
      "p95_wait": 61.33345600000666,
      "max_wait": 82.66683200000898,
      "throughput": 29.999940000117594,
      "avg_queue": 13.194444444444445,
      "max_queue": 23,
      "queues": [
        0,
        5,
        1,
        6
      ],
      "crossed": 90,
      "spawned": 102,
      "external_spawned": 81,
      "transferred_in": 21,
      "exited_world": 49,
      "red_light_violations": 0,
      "fairness": 0.5806451612903226,
      "iid": 2
    },
    {
      "avg_wait": 13.799447888696996,
      "avg_wait_right": 12.347887943590809,
      "avg_wait_down": 17.120867575001707,
      "avg_wait_left": 14.616695900001588,
      "avg_wait_up": 8.832517665000926,
      "p95_wait": 40.85008170000444,
      "max_wait": 54.2834419000059,
      "throughput": 32.33326866679341,
      "avg_queue": 8.98611111111111,
      "max_queue": 18,
      "queues": [
        3,
        9,
        3,
        3
      ],
      "crossed": 97,
      "spawned": 115,
      "external_spawned": 71,
      "transferred_in": 44,
      "exited_world": 68,
      "red_light_violations": 0,
      "fairness": 0.75,
      "iid": 3
    }
  ],
  "overall": {
    "avg_wait": 15.27506998433023,
    "avg_wait_right": 13.850587343607664,
    "avg_wait_down": 17.650928158930405,
    "avg_wait_left": 16.529983682197248,
    "avg_wait_up": 10.560842178983098,
    "p95_wait": 41.95008390000456,
    "throughput": 151.66636333392785,
    "avg_queue": 12.495833333333334,
    "fairness": 0.6467638544251447,
    "crossed": 455,
    "spawned": 513,
    "external_spawned": 360,
    "transferred_in": 153,
    "exited_world": 286,
    "red_light_violations": 0
  }
}