{
  "mode": "rl",
  "seed": 46,
  "spawn_rate": 2.0,
  "duration_s": 300.00059999995244,
  "fixed_dt_s": 0.0166667,
  "rl": {
    "model_path": "models/studies/final_final_results_train10/shared_qtable.json",
    "training": true,
    "epsilon": 0.02,
    "updates": 216,
    "state_profile": "fine",
    "state_table_size": 9216
  },
  "neural": {
    "model_path": "models/neural_hybrid.pt",
    "collect_data": false,
    "data_path": "data/neural/greedy_data.csv",
    "teacher_policy": "greedy"
  },
  "intersections": [
    {
      "avg_wait": 17.224227996771592,
      "avg_wait_right": 17.413998791889686,
      "avg_wait_down": 9.330574216666726,
      "avg_wait_left": 17.773074761759837,
      "avg_wait_up": 20.37986532105061,
      "p95_wait": 44.21675509993901,
      "max_wait": 59.76678619995823,
      "throughput": 39.99992000016634,
      "avg_queue": 15.495,
      "max_queue": 30,
      "queues": [
        2,
        1,
        7,
        7
      ],
      "crossed": 200,
      "spawned": 217,
      "external_spawned": 160,
      "transferred_in": 57,
      "exited_world": 130,
      "red_light_violations": 0,
      "fairness": 0.7014563106796117,
      "iid": 0
    },
    {
      "avg_wait": 16.82920032499785,
      "avg_wait_right": 21.031060580552175,
      "avg_wait_down": 7.887650183870469,
      "avg_wait_left": 13.551751241377815,
      "avg_wait_up": 17.700452067498077,
      "p95_wait": 45.90009180000499,
      "max_wait": 58.63345059996854,
      "throughput": 39.199921600163016,
      "avg_queue": 12.56,
      "max_queue": 27,
      "queues": [
        8,
        2,
        5,
        1
      ],
      "crossed": 196,
      "spawned": 212,
      "external_spawned": 138,
      "transferred_in": 74,
      "exited_world": 136,
      "red_light_violations": 0,
      "fairness": 0.6808510638297872,
      "iid": 1
    },
    {
      "avg_wait": 14.254118014347911,
      "avg_wait_right": 13.2256674769215,
      "avg_wait_down": 15.099795457739566,
      "avg_wait_left": 13.812346465214683,
      "avg_wait_up": 14.539218267564546,
      "p95_wait": 34.150068299945474,
      "max_wait": 65.63346459994756,
      "throughput": 38.99992200016218,
      "avg_queue": 13.526666666666667,
      "max_queue": 32,
      "queues": [
        5,
        3,
        9,
        4
      ],
      "crossed": 195,
      "spawned": 216,
      "external_spawned": 153,
      "transferred_in": 63,
      "exited_world": 126,
      "red_light_violations": 0,
      "fairness": 0.8416030534351145,
      "iid": 2
    },
    {
      "avg_wait": 13.340749951886007,
      "avg_wait_right": 13.878731461110062,
      "avg_wait_down": 12.50874296615279,
      "avg_wait_left": 9.586209648571986,
      "avg_wait_up": 17.009617352498957,
      "p95_wait": 35.35007070000384,
      "max_wait": 50.6501013000055,
      "throughput": 38.99992200016218,
      "avg_queue": 12.383333333333333,
      "max_queue": 20,
      "queues": [
        5,
        4,
        7,
        1
      ],
      "crossed": 195,
      "spawned": 212,
      "external_spawned": 149,
      "transferred_in": 63,
      "exited_world": 128,
      "red_light_violations": 0,
      "fairness": 0.7939560439560439,
      "iid": 3
    }
  ],
  "overall": {
    "avg_wait": 15.41207407200084,
    "avg_wait_right": 16.387364577618357,
    "avg_wait_down": 11.206690706107388,
    "avg_wait_left": 13.68084552923108,
    "avg_wait_up": 17.407288252153048,
    "p95_wait": 39.90424647497333,
    "throughput": 157.1996856006537,
    "avg_queue": 13.49125,
    "fairness": 0.7544666179751394,
    "crossed": 786,
    "spawned": 857,
    "external_spawned": 600,
    "transferred_in": 257,
    "exited_world": 520,
    "red_light_violations": 0
  }
}