{
  "mode": "rl",
  "seed": 42,
  "spawn_rate": 1.0,
  "duration_s": 180.00036000001444,
  "fixed_dt_s": 0.0166667,
  "rl": {
    "model_path": "models/rl_budget_3m.json",
    "training": false,
    "epsilon": 0.1531342864538936,
    "updates": 0
  },
  "neural": {
    "model_path": "models/neural_greedy.pt",
    "collect_data": false,
    "data_path": "data/neural/greedy_data.csv",
    "teacher_policy": "greedy"
  },
  "intersections": [
    {
      "avg_wait": 28.643967544233558,
      "avg_wait_right": 41.1617489900044,
      "avg_wait_down": 19.851428591668398,
      "avg_wait_left": 29.21553462143142,
      "avg_wait_up": 26.91463716250254,
      "p95_wait": 62.716792100006025,
      "max_wait": 92.88351910001009,
      "throughput": 13.333306666718931,
      "avg_queue": 7.808333333333334,
      "max_queue": 17,
      "queues": [
        6,
        3,
        3,
        0
      ],
      "crossed": 40,
      "spawned": 52,
      "external_spawned": 39,
      "transferred_in": 13,
      "exited_world": 27,
      "red_light_violations": 0,
      "fairness": 0.6666666666666666,
      "iid": 0
    },
    {
      "avg_wait": 37.40130029265097,
      "avg_wait_right": 30.111171333336422,
      "avg_wait_down": 57.282257421434466,
      "avg_wait_left": 33.315451246157465,
      "avg_wait_up": 33.314559382612224,
      "p95_wait": 87.91684250000876,
      "max_wait": 110.61688790001202,
      "throughput": 15.333302666726771,
      "avg_queue": 13.661111111111111,
      "max_queue": 26,
      "queues": [
        4,
        1,
        7,
        10
      ],
      "crossed": 46,
      "spawned": 68,
      "external_spawned": 54,
      "transferred_in": 14,
      "exited_world": 27,
      "red_light_violations": 0,
      "fairness": 0.7289156626506024,
      "iid": 1
    },
    {
      "avg_wait": 26.034987967310244,
      "avg_wait_right": 25.83933739285974,
      "avg_wait_down": 27.506917758826205,
      "avg_wait_left": 22.708378750002282,
      "avg_wait_up": 29.504820914288423,
      "p95_wait": 74.65014930000589,
      "max_wait": 92.88351910001009,
      "throughput": 15.666635333394744,
      "avg_queue": 7.252777777777778,
      "max_queue": 13,
      "queues": [
        1,
        3,
        1,
        0
      ],
      "crossed": 47,
      "spawned": 52,
      "external_spawned": 39,
      "transferred_in": 13,
      "exited_world": 27,
      "red_light_violations": 0,
      "fairness": 0.5681818181818182,
      "iid": 2
    },
    {
      "avg_wait": 32.57972202206214,
      "avg_wait_right": 17.485368304001746,
      "avg_wait_down": 50.322322866671755,
      "avg_wait_left": 48.00287378333818,
      "avg_wait_up": 21.73337680000236,
      "p95_wait": 97.30019460001057,
      "max_wait": 123.3002466000134,
      "throughput": 17.999964000070555,
      "avg_queue": 8.894444444444444,
      "max_queue": 25,
      "queues": [
        5,
        4,
        2,
        3
      ],
      "crossed": 54,
      "spawned": 68,
      "external_spawned": 48,
      "transferred_in": 20,
      "exited_world": 28,
      "red_light_violations": 0,
      "fairness": 0.9074074074074074,
      "iid": 3
    }
  ],
  "overall": {
    "avg_wait": 31.16499445656423,
    "avg_wait_right": 28.649406505050578,
    "avg_wait_down": 38.74073165965021,
    "avg_wait_left": 33.31055960023234,
    "avg_wait_up": 27.866848564851388,
    "p95_wait": 80.64599462500782,
    "throughput": 62.333208666911005,
    "avg_queue": 9.404166666666667,
    "fairness": 0.7177928887266236,
    "crossed": 187,
    "spawned": 240,
    "external_spawned": 180,
    "transferred_in": 60,
    "exited_world": 109,
    "red_light_violations": 0
  }
}