{
  "mode": "rl",
  "seed": 48,
  "spawn_rate": 2.0,
  "duration_s": 180.00036000001444,
  "fixed_dt_s": 0.0166667,
  "rl": {
    "model_path": "models\\epoch_snapshots\\final_final_results_train10\\epoch_006.json",
    "training": false,
    "epsilon": 0.02,
    "updates": 0,
    "state_profile": "fine",
    "state_table_size": 9216
  },
  "neural": {
    "model_path": "models/neural_hybrid.pt",
    "collect_data": false,
    "data_path": "data/neural/greedy_data.csv",
    "teacher_policy": "greedy"
  },
  "intersections": [
    {
      "avg_wait": 14.706101763567265,
      "avg_wait_right": 17.3654668296312,
      "avg_wait_down": 16.577810933334778,
      "avg_wait_left": 16.1350322700016,
      "avg_wait_up": 11.677690022001068,
      "p95_wait": 38.36674340000417,
      "max_wait": 49.90009980000542,
      "throughput": 37.66659133348098,
      "avg_queue": 11.5,
      "max_queue": 22,
      "queues": [
        9,
        3,
        1,
        3
      ],
      "crossed": 113,
      "spawned": 129,
      "external_spawned": 87,
      "transferred_in": 42,
      "exited_world": 82,
      "red_light_violations": 0,
      "fairness": 0.64,
      "iid": 0
    },
    {
      "avg_wait": 16.158715790757793,
      "avg_wait_right": 14.912820523257155,
      "avg_wait_down": 12.40899917692397,
      "avg_wait_left": 16.14050847143027,
      "avg_wait_up": 18.604005461906485,
      "p95_wait": 41.11674890000447,
      "max_wait": 52.16677100000567,
      "throughput": 34.66659733346922,
      "avg_queue": 10.752777777777778,
      "max_queue": 23,
      "queues": [
        7,
        1,
        1,
        6
      ],
      "crossed": 104,
      "spawned": 119,
      "external_spawned": 83,
      "transferred_in": 36,
      "exited_world": 72,
      "red_light_violations": 0,
      "fairness": 0.646551724137931,
      "iid": 1
    },
    {
      "avg_wait": 14.365882390245266,
      "avg_wait_right": 13.515178545455875,
      "avg_wait_down": 16.778604985715933,
      "avg_wait_left": 16.40938241219671,
      "avg_wait_up": 10.221374609375857,
      "p95_wait": 40.76674820000443,
      "max_wait": 60.63345460000659,
      "throughput": 35.33326266680517,
      "avg_queue": 12.216666666666667,
      "max_queue": 23,
      "queues": [
        0,
        0,
        10,
        7
      ],
      "crossed": 106,
      "spawned": 123,
      "external_spawned": 96,
      "transferred_in": 27,
      "exited_world": 57,
      "red_light_violations": 0,
      "fairness": 0.4848993288590604,
      "iid": 2
    },
    {
      "avg_wait": 11.895075873438552,
      "avg_wait_right": 12.826414541667972,
      "avg_wait_down": 11.15187415555636,
      "avg_wait_left": 9.326105608696627,
      "avg_wait_up": 13.853995961905742,
      "p95_wait": 29.050058100003156,
      "max_wait": 45.63342460000225,
      "throughput": 37.33325866681301,
      "avg_queue": 10.466666666666667,
      "max_queue": 17,
      "queues": [
        7,
        1,
        5,
        3
      ],
      "crossed": 112,
      "spawned": 128,
      "external_spawned": 94,
      "transferred_in": 34,
      "exited_world": 72,
      "red_light_violations": 0,
      "fairness": 0.7619047619047619,
      "iid": 3
    }
  ],
  "overall": {
    "avg_wait": 14.281443954502219,
    "avg_wait_right": 14.65497011000305,
    "avg_wait_down": 14.229322312882761,
    "avg_wait_left": 14.5027571905813,
    "avg_wait_up": 13.589266513797288,
    "p95_wait": 37.325074650004055,
    "throughput": 144.99971000056837,
    "avg_queue": 11.234027777777778,
    "fairness": 0.6333389537254384,
    "crossed": 435,
    "spawned": 499,
    "external_spawned": 360,
    "transferred_in": 139,
    "exited_world": 283,
    "red_light_violations": 0
  }
}