{
  "mode": "rl",
  "seed": 48,
  "spawn_rate": 2.0,
  "duration_s": 180.00036000001444,
  "fixed_dt_s": 0.0166667,
  "rl": {
    "model_path": "models\\epoch_snapshots\\final_final_results_train10\\epoch_004.json",
    "training": false,
    "epsilon": 0.02,
    "updates": 0,
    "state_profile": "fine",
    "state_table_size": 9216
  },
  "neural": {
    "model_path": "models/neural_hybrid.pt",
    "collect_data": false,
    "data_path": "data/neural/greedy_data.csv",
    "teacher_policy": "greedy"
  },
  "intersections": [
    {
      "avg_wait": 13.43109829071554,
      "avg_wait_right": 10.410338280953102,
      "avg_wait_down": 19.149343854168567,
      "avg_wait_left": 13.929279559185062,
      "avg_wait_up": 11.296037084783618,
      "p95_wait": 37.93340920000412,
      "max_wait": 61.86679040000672,
      "throughput": 42.3332486668326,
      "avg_queue": 12.9,
      "max_queue": 28,
      "queues": [
        6,
        4,
        2,
        1
      ],
      "crossed": 127,
      "spawned": 140,
      "external_spawned": 97,
      "transferred_in": 43,
      "exited_world": 79,
      "red_light_violations": 0,
      "fairness": 0.7412280701754386,
      "iid": 0
    },
    {
      "avg_wait": 14.549892487706236,
      "avg_wait_right": 15.923769221213513,
      "avg_wait_down": 7.703638595652699,
      "avg_wait_left": 12.565302908334651,
      "avg_wait_up": 18.353608135715984,
      "p95_wait": 41.80008360000454,
      "max_wait": 50.400100800005475,
      "throughput": 35.66659533347314,
      "avg_queue": 11.580555555555556,
      "max_queue": 24,
      "queues": [
        1,
        7,
        4,
        3
      ],
      "crossed": 107,
      "spawned": 122,
      "external_spawned": 89,
      "transferred_in": 33,
      "exited_world": 66,
      "red_light_violations": 0,
      "fairness": 0.75,
      "iid": 1
    },
    {
      "avg_wait": 13.855361044001313,
      "avg_wait_right": 20.057934852633597,
      "avg_wait_down": 15.175824002382482,
      "avg_wait_left": 13.331605610527554,
      "avg_wait_up": 7.955144115385167,
      "p95_wait": 41.03341540000446,
      "max_wait": 65.55013110000712,
      "throughput": 38.33325666681692,
      "avg_queue": 10.5,
      "max_queue": 21,
      "queues": [
        3,
        2,
        2,
        3
      ],
      "crossed": 115,
      "spawned": 125,
      "external_spawned": 88,
      "transferred_in": 37,
      "exited_world": 70,
      "red_light_violations": 0,
      "fairness": 0.9615384615384616,
      "iid": 2
    },
    {
      "avg_wait": 12.518245375424819,
      "avg_wait_right": 16.744477933335027,
      "avg_wait_down": 10.47319167804953,
      "avg_wait_left": 9.967444177273771,
      "avg_wait_up": 12.540934172728134,
      "p95_wait": 37.516741700004076,
      "max_wait": 70.15014030000762,
      "throughput": 35.99992800014111,
      "avg_queue": 9.466666666666667,
      "max_queue": 17,
      "queues": [
        3,
        2,
        1,
        4
      ],
      "crossed": 108,
      "spawned": 118,
      "external_spawned": 86,
      "transferred_in": 32,
      "exited_world": 67,
      "red_light_violations": 0,
      "fairness": 0.8333333333333334,
      "iid": 3
    }
  ],
  "overall": {
    "avg_wait": 13.588649299461977,
    "avg_wait_right": 15.78413007203381,
    "avg_wait_down": 13.12549953256332,
    "avg_wait_left": 12.448408063830259,
    "avg_wait_up": 12.536430877153226,
    "p95_wait": 39.5709124750043,
    "throughput": 152.33302866726376,
    "avg_queue": 11.111805555555556,
    "fairness": 0.8215249662618084,
    "crossed": 457,
    "spawned": 505,
    "external_spawned": 360,
    "transferred_in": 145,
    "exited_world": 282,
    "red_light_violations": 0
  }
}