{
  "mode": "random",
  "seed": 51,
  "spawn_rate": 2.0,
  "duration_s": 180.00036000001444,
  "fixed_dt_s": 0.0166667,
  "rl": {
    "model_path": "models/rl_qtable.json",
    "training": false,
    "epsilon": null,
    "updates": 0,
    "state_profile": "default",
    "state_table_size": 4096
  },
  "neural": {
    "model_path": "models/neural_hybrid.pt",
    "collect_data": false,
    "data_path": "data/neural/greedy_data.csv",
    "teacher_policy": "greedy"
  },
  "intersections": [
    {
      "avg_wait": 19.06323944653644,
      "avg_wait_right": 9.862140936364584,
      "avg_wait_down": 28.235473137502705,
      "avg_wait_left": 19.491974467743912,
      "avg_wait_up": 20.387540775001714,
      "p95_wait": 44.1834217000048,
      "max_wait": 74.5001490000081,
      "throughput": 30.666605333453543,
      "avg_queue": 12.1,
      "max_queue": 22,
      "queues": [
        7,
        0,
        0,
        2
      ],
      "crossed": 92,
      "spawned": 101,
      "external_spawned": 71,
      "transferred_in": 30,
      "exited_world": 61,
      "red_light_violations": 0,
      "fairness": 0.38207547169811323,
      "iid": 0
    },
    {
      "avg_wait": 16.709102045589805,
      "avg_wait_right": 15.511413136586938,
      "avg_wait_down": 17.26015356785855,
      "avg_wait_left": 17.125034250001782,
      "avg_wait_up": 17.266701200001542,
      "p95_wait": 41.88341710000455,
      "max_wait": 66.00013200000524,
      "throughput": 37.99992400014895,
      "avg_queue": 15.313888888888888,
      "max_queue": 26,
      "queues": [
        3,
        8,
        10,
        1
      ],
      "crossed": 114,
      "spawned": 136,
      "external_spawned": 101,
      "transferred_in": 35,
      "exited_world": 78,
      "red_light_violations": 0,
      "fairness": 0.6954022988505747,
      "iid": 1
    },
    {
      "avg_wait": 21.976275836523893,
      "avg_wait_right": 12.50269167200088,
      "avg_wait_down": 18.684996719514015,
      "avg_wait_left": 41.63771768387531,
      "avg_wait_up": 8.769461983334239,
      "p95_wait": 75.4334842000082,
      "max_wait": 102.96687260001067,
      "throughput": 31.33327066678949,
      "avg_queue": 14.433333333333334,
      "max_queue": 38,
      "queues": [
        2,
        6,
        9,
        4
      ],
      "crossed": 94,
      "spawned": 115,
      "external_spawned": 84,
      "transferred_in": 31,
      "exited_world": 57,
      "red_light_violations": 0,
      "fairness": 0.8047445255474452,
      "iid": 2
    },
    {
      "avg_wait": 22.43636671172623,
      "avg_wait_right": 32.95406590800325,
      "avg_wait_down": 19.50982162826241,
      "avg_wait_left": 17.13409223913208,
      "avg_wait_up": 12.078229284616615,
      "p95_wait": 66.28346590000567,
      "max_wait": 91.41684950000993,
      "throughput": 39.33325466682084,
      "avg_queue": 19.68888888888889,
      "max_queue": 36,
      "queues": [
        12,
        1,
        8,
        6
      ],
      "crossed": 118,
      "spawned": 145,
      "external_spawned": 104,
      "transferred_in": 41,
      "exited_world": 83,
      "red_light_violations": 0,
      "fairness": 0.7438775510204082,
      "iid": 3
    }
  ],
  "overall": {
    "avg_wait": 20.04624601009409,
    "avg_wait_right": 17.707577913238914,
    "avg_wait_down": 20.92261126328442,
    "avg_wait_left": 23.84720466018827,
    "avg_wait_up": 14.625483310738527,
    "p95_wait": 56.9459472250058,
    "throughput": 139.33305466721282,
    "avg_queue": 15.384027777777778,
    "fairness": 0.6565249617791353,
    "crossed": 418,
    "spawned": 497,
    "external_spawned": 360,
    "transferred_in": 137,
    "exited_world": 279,
    "red_light_violations": 0
  }
}