{
  "mode": "greedy",
  "seed": 53,
  "spawn_rate": 2.0,
  "duration_s": 180.00036000001444,
  "fixed_dt_s": 0.0166667,
  "rl": {
    "model_path": "models/rl_qtable.json",
    "training": false,
    "epsilon": null,
    "updates": 0,
    "state_profile": "default",
    "state_table_size": 4096
  },
  "neural": {
    "model_path": "models/neural_hybrid.pt",
    "collect_data": false,
    "data_path": "data/neural/greedy_data.csv",
    "teacher_policy": "greedy"
  },
  "intersections": [
    {
      "avg_wait": 11.338626665813056,
      "avg_wait_right": 6.081171582609291,
      "avg_wait_down": 13.384340494119009,
      "avg_wait_left": 9.694290221875978,
      "avg_wait_up": 14.422251066667984,
      "p95_wait": 30.883395100003355,
      "max_wait": 53.700107400005834,
      "throughput": 34.33326466680124,
      "avg_queue": 7.819444444444445,
      "max_queue": 18,
      "queues": [
        2,
        2,
        5,
        5
      ],
      "crossed": 103,
      "spawned": 117,
      "external_spawned": 75,
      "transferred_in": 42,
      "exited_world": 66,
      "red_light_violations": 0,
      "fairness": 0.8448275862068966,
      "iid": 0
    },
    {
      "avg_wait": 11.76835687000117,
      "avg_wait_right": 8.636063783721788,
      "avg_wait_down": 10.397044603572535,
      "avg_wait_left": 10.979007465218567,
      "avg_wait_up": 17.080589716668257,
      "p95_wait": 36.38340610000395,
      "max_wait": 65.08346350000707,
      "throughput": 36.33326066680909,
      "avg_queue": 10.847222222222221,
      "max_queue": 24,
      "queues": [
        7,
        7,
        7,
        0
      ],
      "crossed": 109,
      "spawned": 130,
      "external_spawned": 93,
      "transferred_in": 37,
      "exited_world": 69,
      "red_light_violations": 0,
      "fairness": 0.75,
      "iid": 1
    },
    {
      "avg_wait": 11.207879558572486,
      "avg_wait_right": 11.440856215001066,
      "avg_wait_down": 11.330578216667826,
      "avg_wait_left": 9.681019362000876,
      "avg_wait_up": 13.583955739286939,
      "p95_wait": 33.01673270000359,
      "max_wait": 45.40009080000493,
      "throughput": 41.66658333349666,
      "avg_queue": 11.358333333333333,
      "max_queue": 19,
      "queues": [
        4,
        7,
        3,
        1
      ],
      "crossed": 125,
      "spawned": 140,
      "external_spawned": 101,
      "transferred_in": 39,
      "exited_world": 82,
      "red_light_violations": 0,
      "fairness": 0.75,
      "iid": 2
    },
    {
      "avg_wait": 11.676455644532359,
      "avg_wait_right": 12.169844159460558,
      "avg_wait_down": 11.928885646342714,
      "avg_wait_left": 9.583947739286632,
      "avg_wait_up": 13.039420018182927,
      "p95_wait": 33.633400600003654,
      "max_wait": 57.61678190000626,
      "throughput": 38.99992200015287,
      "avg_queue": 10.58611111111111,
      "max_queue": 20,
      "queues": [
        1,
        3,
        1,
        6
      ],
      "crossed": 117,
      "spawned": 128,
      "external_spawned": 91,
      "transferred_in": 37,
      "exited_world": 71,
      "red_light_violations": 0,
      "fairness": 0.6436170212765957,
      "iid": 3
    }
  ],
  "overall": {
    "avg_wait": 11.497829684729767,
    "avg_wait_right": 9.581983935198176,
    "avg_wait_down": 11.760212240175521,
    "avg_wait_left": 9.984566197095514,
    "avg_wait_up": 14.531554135201526,
    "p95_wait": 33.47923362500364,
    "throughput": 151.33303066725986,
    "avg_queue": 10.152777777777777,
    "fairness": 0.7471111518708731,
    "crossed": 454,
    "spawned": 515,
    "external_spawned": 360,
    "transferred_in": 155,
    "exited_world": 288,
    "red_light_violations": 0
  }
}