{
  "mode": "rl",
  "seed": 50,
  "spawn_rate": 2.0,
  "duration_s": 180.00036000001444,
  "fixed_dt_s": 0.0166667,
  "rl": {
    "model_path": "models\\epoch_snapshots\\final_final_results_train10\\epoch_010.json",
    "training": false,
    "epsilon": 0.02,
    "updates": 0,
    "state_profile": "fine",
    "state_table_size": 9216
  },
  "neural": {
    "model_path": "models/neural_hybrid.pt",
    "collect_data": false,
    "data_path": "data/neural/greedy_data.csv",
    "teacher_policy": "greedy"
  },
  "intersections": [
    {
      "avg_wait": 18.060283034075745,
      "avg_wait_right": 18.97087127500184,
      "avg_wait_down": 11.249228847619795,
      "avg_wait_left": 22.28677926734909,
      "avg_wait_up": 15.964666075611232,
      "p95_wait": 46.9167605000051,
      "max_wait": 61.73345680000671,
      "throughput": 38.33325666681692,
      "avg_queue": 12.991666666666667,
      "max_queue": 22,
      "queues": [
        1,
        3,
        12,
        4
      ],
      "crossed": 115,
      "spawned": 135,
      "external_spawned": 90,
      "transferred_in": 45,
      "exited_world": 74,
      "red_light_violations": 0,
      "fairness": 0.5882352941176471,
      "iid": 0
    },
    {
      "avg_wait": 19.180807592309534,
      "avg_wait_right": 16.87873746111278,
      "avg_wait_down": 25.143232104548066,
      "avg_wait_left": 23.47361016551949,
      "avg_wait_up": 15.162433425582712,
      "p95_wait": 49.76676620000541,
      "max_wait": 81.73349680000888,
      "throughput": 38.99992200015287,
      "avg_queue": 13.922222222222222,
      "max_queue": 28,
      "queues": [
        5,
        5,
        2,
        1
      ],
      "crossed": 117,
      "spawned": 130,
      "external_spawned": 89,
      "transferred_in": 41,
      "exited_world": 66,
      "red_light_violations": 0,
      "fairness": 0.7681818181818182,
      "iid": 1
    },
    {
      "avg_wait": 13.70271971307818,
      "avg_wait_right": 12.346691360001149,
      "avg_wait_down": 13.148132356819263,
      "avg_wait_left": 16.455588466668328,
      "avg_wait_up": 10.257163371429437,
      "p95_wait": 39.51674570000429,
      "max_wait": 54.11677490000588,
      "throughput": 40.33325266682476,
      "avg_queue": 11.441666666666666,
      "max_queue": 22,
      "queues": [
        3,
        1,
        3,
        2
      ],
      "crossed": 121,
      "spawned": 130,
      "external_spawned": 93,
      "transferred_in": 37,
      "exited_world": 80,
      "red_light_violations": 0,
      "fairness": 0.8804347826086957,
      "iid": 2
    },
    {
      "avg_wait": 15.92393895164093,
      "avg_wait_right": 12.364839544445644,
      "avg_wait_down": 21.9996054026338,
      "avg_wait_left": 12.531275062501258,
      "avg_wait_up": 15.035446737501475,
      "p95_wait": 39.73341280000432,
      "max_wait": 89.20017840000969,
      "throughput": 33.99993200013328,
      "avg_queue": 10.708333333333334,
      "max_queue": 22,
      "queues": [
        3,
        12,
        3,
        2
      ],
      "crossed": 102,
      "spawned": 122,
      "external_spawned": 88,
      "transferred_in": 34,
      "exited_world": 59,
      "red_light_violations": 0,
      "fairness": 0.6024096385542169,
      "iid": 3
    }
  ],
  "overall": {
    "avg_wait": 16.716937322776097,
    "avg_wait_right": 15.140284910140354,
    "avg_wait_down": 17.88504967790523,
    "avg_wait_left": 18.68681324050954,
    "avg_wait_up": 14.104927402531214,
    "p95_wait": 43.98342130000478,
    "throughput": 151.66636333392785,
    "avg_queue": 12.265972222222222,
    "fairness": 0.7098153833655945,
    "crossed": 455,
    "spawned": 517,
    "external_spawned": 360,
    "transferred_in": 157,
    "exited_world": 279,
    "red_light_violations": 0
  }
}