{
  "mode": "rl",
  "seed": 42,
  "spawn_rate": 2.0,
  "duration_s": 300.00059999995244,
  "fixed_dt_s": 0.0166667,
  "rl": {
    "model_path": "models/studies/final_final_results_train10/shared_qtable.json",
    "training": true,
    "epsilon": 0.024712138675688958,
    "updates": 218,
    "state_profile": "fine",
    "state_table_size": 9216
  },
  "neural": {
    "model_path": "models/neural_hybrid.pt",
    "collect_data": false,
    "data_path": "data/neural/greedy_data.csv",
    "teacher_policy": "greedy"
  },
  "intersections": [
    {
      "avg_wait": 16.633056521856947,
      "avg_wait_right": 14.900787377270479,
      "avg_wait_down": 16.605724268279026,
      "avg_wait_left": 20.32081689725987,
      "avg_wait_up": 13.266985598244418,
      "p95_wait": 48.016762700005216,
      "max_wait": 70.75014150000769,
      "throughput": 38.99992200016218,
      "avg_queue": 14.75,
      "max_queue": 29,
      "queues": [
        2,
        13,
        4,
        1
      ],
      "crossed": 195,
      "spawned": 215,
      "external_spawned": 151,
      "transferred_in": 64,
      "exited_world": 125,
      "red_light_violations": 0,
      "fairness": 0.5263157894736842,
      "iid": 0
    },
    {
      "avg_wait": 19.367627387657834,
      "avg_wait_right": 22.073883810124947,
      "avg_wait_down": 9.825852984999484,
      "avg_wait_left": 17.73377530487208,
      "avg_wait_up": 22.49915610933314,
      "p95_wait": 49.96676660000543,
      "max_wait": 76.31681930000829,
      "throughput": 42.39991520017632,
      "avg_queue": 16.748333333333335,
      "max_queue": 31,
      "queues": [
        9,
        2,
        9,
        3
      ],
      "crossed": 212,
      "spawned": 235,
      "external_spawned": 155,
      "transferred_in": 80,
      "exited_world": 142,
      "red_light_violations": 0,
      "fairness": 0.7557142857142857,
      "iid": 1
    },
    {
      "avg_wait": 17.01061603174365,
      "avg_wait_right": 11.64607592368064,
      "avg_wait_down": 17.037912863636954,
      "avg_wait_left": 24.98818556948698,
      "avg_wait_up": 9.758578075673535,
      "p95_wait": 50.41676750000548,
      "max_wait": 75.75015150000823,
      "throughput": 33.999932000141385,
      "avg_queue": 12.6,
      "max_queue": 23,
      "queues": [
        6,
        1,
        7,
        5
      ],
      "crossed": 170,
      "spawned": 189,
      "external_spawned": 127,
      "transferred_in": 62,
      "exited_world": 102,
      "red_light_violations": 0,
      "fairness": 0.8130630630630631,
      "iid": 2
    },
    {
      "avg_wait": 19.538810263980285,
      "avg_wait_right": 22.836427786581265,
      "avg_wait_down": 20.772263766665276,
      "avg_wait_left": 13.21541104615023,
      "avg_wait_up": 17.17141115434609,
      "p95_wait": 52.4667716000057,
      "max_wait": 69.30013860000484,
      "throughput": 42.59991480017715,
      "avg_queue": 19.095,
      "max_queue": 29,
      "queues": [
        7,
        6,
        5,
        5
      ],
      "crossed": 213,
      "spawned": 236,
      "external_spawned": 167,
      "transferred_in": 69,
      "exited_world": 134,
      "red_light_violations": 0,
      "fairness": 0.9796296296296296,
      "iid": 3
    }
  ],
  "overall": {
    "avg_wait": 18.137527551309677,
    "avg_wait_right": 17.86429372441433,
    "avg_wait_down": 16.060438470895186,
    "avg_wait_left": 19.06454720444229,
    "avg_wait_up": 15.674032734399296,
    "p95_wait": 50.216767100005455,
    "throughput": 157.99968400065706,
    "avg_queue": 15.798333333333334,
    "fairness": 0.7686806919701656,
    "crossed": 790,
    "spawned": 875,
    "external_spawned": 600,
    "transferred_in": 275,
    "exited_world": 503,
    "red_light_violations": 0
  }
}