{
  "mode": "adaptive",
  "seed": 57,
  "spawn_rate": 3.0,
  "duration_s": 180.00036000001444,
  "fixed_dt_s": 0.0166667,
  "rl": {
    "model_path": "models/rl_qtable.json",
    "training": false,
    "epsilon": null,
    "updates": 0
  },
  "neural": {
    "model_path": "models/neural_hybrid.pt",
    "collect_data": false,
    "data_path": "data/neural/greedy_data.csv",
    "teacher_policy": "greedy"
  },
  "intersections": [
    {
      "avg_wait": 14.691901304927528,
      "avg_wait_right": 9.770289810811693,
      "avg_wait_down": 10.72819605952475,
      "avg_wait_left": 17.202011805086503,
      "avg_wait_up": 17.776189398463266,
      "p95_wait": 37.21674110000404,
      "max_wait": 52.38343810000569,
      "throughput": 54.999890000215586,
      "avg_queue": 21.430555555555557,
      "max_queue": 39,
      "queues": [
        9,
        11,
        9,
        9
      ],
      "crossed": 165,
      "spawned": 203,
      "external_spawned": 147,
      "transferred_in": 56,
      "exited_world": 98,
      "red_light_violations": 0,
      "fairness": 0.9917582417582418,
      "iid": 0
    },
    {
      "avg_wait": 14.488518848067711,
      "avg_wait_right": 17.25850909322201,
      "avg_wait_down": 9.222875588572323,
      "avg_wait_left": 11.160516148149293,
      "avg_wait_up": 16.333921556668248,
      "p95_wait": 33.366733400003625,
      "max_wait": 53.150106300005774,
      "throughput": 51.333230666867884,
      "avg_queue": 17.836111111111112,
      "max_queue": 32,
      "queues": [
        12,
        4,
        3,
        8
      ],
      "crossed": 154,
      "spawned": 181,
      "external_spawned": 125,
      "transferred_in": 56,
      "exited_world": 96,
      "red_light_violations": 0,
      "fairness": 0.7821888412017167,
      "iid": 1
    },
    {
      "avg_wait": 15.591217918849642,
      "avg_wait_right": 11.724216996775281,
      "avg_wait_down": 19.647570159261093,
      "avg_wait_left": 17.398827068117612,
      "avg_wait_up": 9.540109170271181,
      "p95_wait": 38.86674440000422,
      "max_wait": 56.35011270000612,
      "throughput": 55.33322266688356,
      "avg_queue": 19.677777777777777,
      "max_queue": 32,
      "queues": [
        4,
        9,
        7,
        5
      ],
      "crossed": 166,
      "spawned": 191,
      "external_spawned": 128,
      "transferred_in": 63,
      "exited_world": 107,
      "red_light_violations": 0,
      "fairness": 0.9137426900584795,
      "iid": 2
    },
    {
      "avg_wait": 14.579908261659355,
      "avg_wait_right": 16.583068880358727,
      "avg_wait_down": 16.520866375001475,
      "avg_wait_left": 11.222390865790423,
      "avg_wait_up": 11.470975322858196,
      "p95_wait": 35.61673790000387,
      "max_wait": 44.35008870000482,
      "throughput": 55.33322266688356,
      "avg_queue": 19.88888888888889,
      "max_queue": 32,
      "queues": [
        9,
        5,
        6,
        7
      ],
      "crossed": 166,
      "spawned": 193,
      "external_spawned": 140,
      "transferred_in": 53,
      "exited_world": 103,
      "red_light_violations": 0,
      "fairness": 0.9541884816753927,
      "iid": 3
    }
  ],
  "overall": {
    "avg_wait": 14.83788658337606,
    "avg_wait_right": 13.834021195291928,
    "avg_wait_down": 14.02987704558991,
    "avg_wait_left": 14.245936471785958,
    "avg_wait_up": 13.780298862065223,
    "p95_wait": 36.26673920000394,
    "throughput": 216.9995660008506,
    "avg_queue": 19.708333333333336,
    "fairness": 0.9104695636734577,
    "crossed": 651,
    "spawned": 768,
    "external_spawned": 540,
    "transferred_in": 228,
    "exited_world": 404,
    "red_light_violations": 0
  }
}