{
  "mode": "neural",
  "seed": 53,
  "spawn_rate": 3.0,
  "duration_s": 180.00036000001444,
  "fixed_dt_s": 0.0166667,
  "rl": {
    "model_path": "models/rl_qtable.json",
    "training": false,
    "epsilon": null,
    "updates": 0
  },
  "neural": {
    "model_path": "models/neural_hybrid.pt",
    "collect_data": false,
    "data_path": "data/neural/greedy_data.csv",
    "teacher_policy": "greedy"
  },
  "intersections": [
    {
      "avg_wait": 13.600369081026923,
      "avg_wait_right": 13.682944032501174,
      "avg_wait_down": 12.963359260001289,
      "avg_wait_left": 12.712956460346035,
      "avg_wait_up": 14.736857430646578,
      "p95_wait": 32.95006590000358,
      "max_wait": 42.53341840000462,
      "throughput": 57.3332186668914,
      "avg_queue": 18.377777777777776,
      "max_queue": 31,
      "queues": [
        4,
        6,
        9,
        4
      ],
      "crossed": 172,
      "spawned": 195,
      "external_spawned": 143,
      "transferred_in": 52,
      "exited_world": 98,
      "red_light_violations": 0,
      "fairness": 0.8875838926174496,
      "iid": 0
    },
    {
      "avg_wait": 13.78547596345309,
      "avg_wait_right": 13.710444087501283,
      "avg_wait_down": 12.619072857144035,
      "avg_wait_left": 14.587683496297698,
      "avg_wait_up": 14.17542517619186,
      "p95_wait": 34.55006910000375,
      "max_wait": 45.71675810000497,
      "throughput": 56.33322066688748,
      "avg_queue": 17.375,
      "max_queue": 28,
      "queues": [
        9,
        2,
        5,
        12
      ],
      "crossed": 169,
      "spawned": 197,
      "external_spawned": 137,
      "transferred_in": 60,
      "exited_world": 114,
      "red_light_violations": 0,
      "fairness": 0.7716535433070866,
      "iid": 1
    },
    {
      "avg_wait": 14.402433448260116,
      "avg_wait_right": 13.998546515556862,
      "avg_wait_down": 16.0054166261554,
      "avg_wait_left": 14.234619664152357,
      "avg_wait_up": 12.372831763159164,
      "p95_wait": 37.500075000004074,
      "max_wait": 46.31675930000503,
      "throughput": 55.33322266688356,
      "avg_queue": 19.70277777777778,
      "max_queue": 38,
      "queues": [
        10,
        14,
        3,
        8
      ],
      "crossed": 166,
      "spawned": 201,
      "external_spawned": 147,
      "transferred_in": 54,
      "exited_world": 95,
      "red_light_violations": 0,
      "fairness": 0.8299457994579946,
      "iid": 2
    },
    {
      "avg_wait": 14.350981082858398,
      "avg_wait_right": 13.368575124194617,
      "avg_wait_down": 15.94284234313859,
      "avg_wait_left": 13.560242174194924,
      "avg_wait_up": 14.487663383872347,
      "p95_wait": 33.78340090000367,
      "max_wait": 44.050088100004785,
      "throughput": 52.999894000207746,
      "avg_queue": 15.95,
      "max_queue": 27,
      "queues": [
        3,
        5,
        6,
        2
      ],
      "crossed": 159,
      "spawned": 175,
      "external_spawned": 113,
      "transferred_in": 62,
      "exited_world": 105,
      "red_light_violations": 0,
      "fairness": 0.8648648648648649,
      "iid": 3
    }
  ],
  "overall": {
    "avg_wait": 14.034814893899632,
    "avg_wait_right": 13.690127439938484,
    "avg_wait_down": 14.38267277160983,
    "avg_wait_left": 13.773875448747754,
    "avg_wait_up": 13.943194438467486,
    "p95_wait": 34.69590272500377,
    "throughput": 221.99955600087017,
    "avg_queue": 17.851388888888888,
    "fairness": 0.838512025061849,
    "crossed": 666,
    "spawned": 768,
    "external_spawned": 540,
    "transferred_in": 228,
    "exited_world": 412,
    "red_light_violations": 0
  }
}