{
  "mode": "rl",
  "seed": 48,
  "spawn_rate": 2.0,
  "duration_s": 180.00036000001444,
  "fixed_dt_s": 0.0166667,
  "rl": {
    "model_path": "models\\epoch_snapshots\\final_final_results_train10\\epoch_001.json",
    "training": false,
    "epsilon": 0.08207181587385382,
    "updates": 0,
    "state_profile": "fine",
    "state_table_size": 9216
  },
  "neural": {
    "model_path": "models/neural_hybrid.pt",
    "collect_data": false,
    "data_path": "data/neural/greedy_data.csv",
    "teacher_policy": "greedy"
  },
  "intersections": [
    {
      "avg_wait": 10.79680030504303,
      "avg_wait_right": 8.414929110527032,
      "avg_wait_down": 12.669590556522985,
      "avg_wait_left": 8.863827251429434,
      "avg_wait_up": 12.459548728572575,
      "p95_wait": 27.600055200003,
      "max_wait": 31.050062100003373,
      "throughput": 36.66659333347705,
      "avg_queue": 8.916666666666666,
      "max_queue": 16,
      "queues": [
        3,
        1,
        2,
        3
      ],
      "crossed": 110,
      "spawned": 119,
      "external_spawned": 78,
      "transferred_in": 41,
      "exited_world": 71,
      "red_light_violations": 0,
      "fairness": 0.8804347826086957,
      "iid": 0
    },
    {
      "avg_wait": 12.451125531133298,
      "avg_wait_right": 9.942702812196103,
      "avg_wait_down": 14.077805933334698,
      "avg_wait_left": 8.337735973685062,
      "avg_wait_up": 17.86967859643031,
      "p95_wait": 33.1167329000036,
      "max_wait": 48.41676350000526,
      "throughput": 30.333272666785568,
      "avg_queue": 8.497222222222222,
      "max_queue": 20,
      "queues": [
        4,
        6,
        2,
        3
      ],
      "crossed": 91,
      "spawned": 106,
      "external_spawned": 75,
      "transferred_in": 31,
      "exited_world": 62,
      "red_light_violations": 0,
      "fairness": 0.8653846153846154,
      "iid": 1
    },
    {
      "avg_wait": 11.379244980667687,
      "avg_wait_right": 10.516021032001142,
      "avg_wait_down": 12.34708351764824,
      "avg_wait_left": 12.776161915910087,
      "avg_wait_up": 8.404461253334011,
      "p95_wait": 31.700063400003444,
      "max_wait": 41.750083500004536,
      "throughput": 43.99991200017247,
      "avg_queue": 11.997222222222222,
      "max_queue": 22,
      "queues": [
        5,
        7,
        4,
        2
      ],
      "crossed": 132,
      "spawned": 150,
      "external_spawned": 111,
      "transferred_in": 39,
      "exited_world": 82,
      "red_light_violations": 0,
      "fairness": 0.8617021276595744,
      "iid": 2
    },
    {
      "avg_wait": 12.976458244532397,
      "avg_wait_right": 11.30038491956639,
      "avg_wait_down": 12.021236163637328,
      "avg_wait_left": 15.364316442858282,
      "avg_wait_up": 17.034347794119206,
      "p95_wait": 37.46674160000407,
      "max_wait": 46.23342580000502,
      "throughput": 38.33325666681692,
      "avg_queue": 11.766666666666667,
      "max_queue": 22,
      "queues": [
        3,
        4,
        4,
        2
      ],
      "crossed": 115,
      "spawned": 128,
      "external_spawned": 96,
      "transferred_in": 32,
      "exited_world": 79,
      "red_light_violations": 0,
      "fairness": 0.9388888888888889,
      "iid": 3
    }
  ],
  "overall": {
    "avg_wait": 11.900907265344102,
    "avg_wait_right": 10.043509468572667,
    "avg_wait_down": 12.778929042785812,
    "avg_wait_left": 11.335510395970717,
    "avg_wait_up": 13.942009093114025,
    "p95_wait": 32.47089827500353,
    "throughput": 149.333034667252,
    "avg_queue": 10.294444444444444,
    "fairness": 0.8866026036354436,
    "crossed": 448,
    "spawned": 503,
    "external_spawned": 360,
    "transferred_in": 143,
    "exited_world": 294,
    "red_light_violations": 0
  }
}