{
  "mode": "rl",
  "seed": 43,
  "spawn_rate": 2.0,
  "duration_s": 300.00059999995244,
  "fixed_dt_s": 0.0166667,
  "rl": {
    "model_path": "models/studies/final_final_results_train10/shared_qtable.json",
    "training": true,
    "epsilon": 0.022203896874353524,
    "updates": 214,
    "state_profile": "fine",
    "state_table_size": 9216
  },
  "neural": {
    "model_path": "models/neural_hybrid.pt",
    "collect_data": false,
    "data_path": "data/neural/greedy_data.csv",
    "teacher_policy": "greedy"
  },
  "intersections": [
    {
      "avg_wait": 16.88969899039001,
      "avg_wait_right": 17.152932856512294,
      "avg_wait_down": 15.869543934146744,
      "avg_wait_left": 19.436820482756772,
      "avg_wait_up": 15.48475319166473,
      "p95_wait": 45.050090100004894,
      "max_wait": 63.66679399993188,
      "throughput": 40.79991840016967,
      "avg_queue": 16.575,
      "max_queue": 34,
      "queues": [
        14,
        1,
        2,
        8
      ],
      "crossed": 204,
      "spawned": 229,
      "external_spawned": 166,
      "transferred_in": 63,
      "exited_world": 132,
      "red_light_violations": 0,
      "fairness": 0.589622641509434,
      "iid": 0
    },
    {
      "avg_wait": 18.694265030730044,
      "avg_wait_right": 16.323842171429433,
      "avg_wait_down": 16.107239421621514,
      "avg_wait_left": 14.589843994439455,
      "avg_wait_up": 25.297631240319063,
      "p95_wait": 50.75010150000551,
      "max_wait": 77.63348860000843,
      "throughput": 36.99992600015386,
      "avg_queue": 13.301666666666666,
      "max_queue": 29,
      "queues": [
        3,
        0,
        7,
        10
      ],
      "crossed": 185,
      "spawned": 205,
      "external_spawned": 144,
      "transferred_in": 61,
      "exited_world": 116,
      "red_light_violations": 0,
      "fairness": 0.6329113924050633,
      "iid": 1
    },
    {
      "avg_wait": 14.073571836406284,
      "avg_wait_right": 9.083841697057998,
      "avg_wait_down": 17.709989123609677,
      "avg_wait_left": 15.792773520965598,
      "avg_wait_up": 8.843000142104176,
      "p95_wait": 44.95008990000238,
      "max_wait": 63.366793400006884,
      "throughput": 36.99992600015386,
      "avg_queue": 10.823333333333334,
      "max_queue": 25,
      "queues": [
        1,
        7,
        10,
        3
      ],
      "crossed": 185,
      "spawned": 206,
      "external_spawned": 135,
      "transferred_in": 71,
      "exited_world": 117,
      "red_light_violations": 0,
      "fairness": 0.6933962264150944,
      "iid": 2
    },
    {
      "avg_wait": 19.72470611599886,
      "avg_wait_right": 16.43577848552397,
      "avg_wait_down": 23.669005671249888,
      "avg_wait_left": 10.766225236109916,
      "avg_wait_up": 27.510156030302234,
      "p95_wait": 53.066772800005765,
      "max_wait": 74.71681610000812,
      "throughput": 40.79991840016967,
      "avg_queue": 17.665,
      "max_queue": 31,
      "queues": [
        11,
        1,
        5,
        4
      ],
      "crossed": 204,
      "spawned": 225,
      "external_spawned": 155,
      "transferred_in": 70,
      "exited_world": 144,
      "red_light_violations": 0,
      "fairness": 0.6763803680981595,
      "iid": 3
    }
  ],
  "overall": {
    "avg_wait": 17.3455604933813,
    "avg_wait_right": 14.749098802630924,
    "avg_wait_down": 18.338944537656957,
    "avg_wait_left": 15.146415808567935,
    "avg_wait_up": 19.28388515109755,
    "p95_wait": 48.45426357500464,
    "throughput": 155.59968880064707,
    "avg_queue": 14.591249999999999,
    "fairness": 0.6480776571069378,
    "crossed": 778,
    "spawned": 865,
    "external_spawned": 600,
    "transferred_in": 265,
    "exited_world": 509,
    "red_light_violations": 0
  }
}