traffic,model_label,n,avg_wait_mean,avg_wait_std,throughput_mean,throughput_std
High traffic (spawn=3.0),RL_swap_(0.10),10,15.436228609176132,0.6171423146603127,212.8995742008345,3.5313340947914384
High traffic (spawn=3.0),RL_swap_(0.15),10,15.436228609176132,0.6171423146603127,212.8995742008345,3.5313340947914384
High traffic (spawn=3.0),RL_swap_(0.20),10,15.436228609176132,0.6171423146603127,212.8995742008345,3.5313340947914384
Low traffic (spawn=1.0),RL_swap_(0.10),10,10.765382736815464,0.9425392560352096,78.4665097336409,2.0798818770000964
Low traffic (spawn=1.0),RL_swap_(0.15),10,10.765382736815464,0.9425392560352096,78.4665097336409,2.0798818770000964
Low traffic (spawn=1.0),RL_swap_(0.20),10,10.765382736815464,0.9425392560352096,78.4665097336409,2.0798818770000964
