{
  "mode": "rl",
  "seed": 41,
  "spawn_rate": 2.0,
  "duration_s": 300.00059999995244,
  "fixed_dt_s": 0.0166667,
  "rl": {
    "model_path": "models/studies/final_final_results_train10/shared_qtable.json",
    "training": true,
    "epsilon": 0.02755879786496744,
    "updates": 216,
    "state_profile": "fine",
    "state_table_size": 9216
  },
  "neural": {
    "model_path": "models/neural_hybrid.pt",
    "collect_data": false,
    "data_path": "data/neural/greedy_data.csv",
    "teacher_policy": "greedy"
  },
  "intersections": [
    {
      "avg_wait": 19.087909850230947,
      "avg_wait_right": 7.959693338709816,
      "avg_wait_down": 13.109375812190981,
      "avg_wait_left": 26.869135863761084,
      "avg_wait_up": 19.82666002360893,
      "p95_wait": 51.36676940000558,
      "max_wait": 66.31679929997716,
      "throughput": 37.599924800156366,
      "avg_queue": 14.836666666666666,
      "max_queue": 32,
      "queues": [
        2,
        9,
        13,
        1
      ],
      "crossed": 188,
      "spawned": 213,
      "external_spawned": 147,
      "transferred_in": 66,
      "exited_world": 127,
      "red_light_violations": 0,
      "fairness": 0.6127450980392157,
      "iid": 0
    },
    {
      "avg_wait": 15.71607504579151,
      "avg_wait_right": 16.2239571790294,
      "avg_wait_down": 12.47843404772172,
      "avg_wait_left": 15.415447497500267,
      "avg_wait_up": 17.524789951467554,
      "p95_wait": 37.53340840000408,
      "max_wait": 75.93348519998915,
      "throughput": 39.59992080016468,
      "avg_queue": 14.65,
      "max_queue": 26,
      "queues": [
        3,
        5,
        2,
        6
      ],
      "crossed": 198,
      "spawned": 214,
      "external_spawned": 155,
      "transferred_in": 59,
      "exited_world": 119,
      "red_light_violations": 0,
      "fairness": 0.8648648648648649,
      "iid": 1
    },
    {
      "avg_wait": 18.221680485518352,
      "avg_wait_right": 10.711849380644834,
      "avg_wait_down": 22.355735768290234,
      "avg_wait_left": 17.73151694444276,
      "avg_wait_up": 16.252347319441327,
      "p95_wait": 47.65009530000518,
      "max_wait": 62.70012539998294,
      "throughput": 41.19991760017133,
      "avg_queue": 16.446666666666665,
      "max_queue": 32,
      "queues": [
        2,
        2,
        6,
        5
      ],
      "crossed": 206,
      "spawned": 221,
      "external_spawned": 154,
      "transferred_in": 67,
      "exited_world": 143,
      "red_light_violations": 0,
      "fairness": 0.8152173913043478,
      "iid": 2
    },
    {
      "avg_wait": 16.40467117405368,
      "avg_wait_right": 14.628215530877993,
      "avg_wait_down": 23.11201805492661,
      "avg_wait_left": 11.20795892380704,
      "avg_wait_up": 11.980131487096505,
      "p95_wait": 40.70008140000442,
      "max_wait": 51.35010270000558,
      "throughput": 37.999924000158025,
      "avg_queue": 14.173333333333334,
      "max_queue": 26,
      "queues": [
        8,
        7,
        7,
        0
      ],
      "crossed": 190,
      "spawned": 212,
      "external_spawned": 144,
      "transferred_in": 68,
      "exited_world": 120,
      "red_light_violations": 0,
      "fairness": 0.7469135802469136,
      "iid": 3
    }
  ],
  "overall": {
    "avg_wait": 17.357584138898623,
    "avg_wait_right": 12.380928857315512,
    "avg_wait_down": 17.763890920782387,
    "avg_wait_left": 17.80601480737779,
    "avg_wait_up": 16.39598219540358,
    "p95_wait": 44.312588625004814,
    "throughput": 156.39968720065042,
    "avg_queue": 15.026666666666667,
    "fairness": 0.7599352336138355,
    "crossed": 782,
    "spawned": 860,
    "external_spawned": 600,
    "transferred_in": 260,
    "exited_world": 509,
    "red_light_violations": 0
  }
}