{
  "mode": "rl",
  "seed": 44,
  "spawn_rate": 2.0,
  "duration_s": 300.00059999995244,
  "fixed_dt_s": 0.0166667,
  "rl": {
    "model_path": "models/studies/final_final_results_train10/shared_qtable.json",
    "training": true,
    "epsilon": 0.02,
    "updates": 213,
    "state_profile": "fine",
    "state_table_size": 9216
  },
  "neural": {
    "model_path": "models/neural_hybrid.pt",
    "collect_data": false,
    "data_path": "data/neural/greedy_data.csv",
    "teacher_policy": "greedy"
  },
  "intersections": [
    {
      "avg_wait": 15.819764343865504,
      "avg_wait_right": 12.686389009088622,
      "avg_wait_down": 13.421922268627062,
      "avg_wait_left": 17.531225538569522,
      "avg_wait_up": 17.645437589650268,
      "p95_wait": 39.633412599943256,
      "max_wait": 79.86682639998034,
      "throughput": 39.399921200163845,
      "avg_queue": 14.41,
      "max_queue": 25,
      "queues": [
        2,
        2,
        9,
        2
      ],
      "crossed": 197,
      "spawned": 212,
      "external_spawned": 160,
      "transferred_in": 52,
      "exited_world": 111,
      "red_light_violations": 0,
      "fairness": 0.6048387096774194,
      "iid": 0
    },
    {
      "avg_wait": 13.410802015346869,
      "avg_wait_right": 12.761853480642005,
      "avg_wait_down": 11.734257702699676,
      "avg_wait_left": 12.235508341934194,
      "avg_wait_up": 15.042579104704993,
      "p95_wait": 33.1167329000036,
      "max_wait": 48.15009630000523,
      "throughput": 39.199921600163016,
      "avg_queue": 11.591666666666667,
      "max_queue": 22,
      "queues": [
        10,
        6,
        2,
        1
      ],
      "crossed": 196,
      "spawned": 215,
      "external_spawned": 137,
      "transferred_in": 78,
      "exited_world": 136,
      "red_light_violations": 0,
      "fairness": 0.6400709219858156,
      "iid": 1
    },
    {
      "avg_wait": 19.3235812479781,
      "avg_wait_right": 17.702908968964667,
      "avg_wait_down": 21.360770690800166,
      "avg_wait_left": 19.50922705255909,
      "avg_wait_up": 14.333361999997166,
      "p95_wait": 48.23342980000524,
      "max_wait": 69.88347310000759,
      "throughput": 40.399919200168,
      "avg_queue": 15.366666666666667,
      "max_queue": 30,
      "queues": [
        0,
        8,
        7,
        6
      ],
      "crossed": 202,
      "spawned": 223,
      "external_spawned": 138,
      "transferred_in": 85,
      "exited_world": 147,
      "red_light_violations": 0,
      "fairness": 0.7399328859060402,
      "iid": 2
    },
    {
      "avg_wait": 15.695451811259613,
      "avg_wait_right": 15.760132530301197,
      "avg_wait_down": 21.200580035481835,
      "avg_wait_left": 14.943590493179881,
      "avg_wait_up": 9.44535222399933,
      "p95_wait": 41.61674990000452,
      "max_wait": 77.71682210000844,
      "throughput": 40.9999180001705,
      "avg_queue": 14.75,
      "max_queue": 24,
      "queues": [
        5,
        1,
        8,
        3
      ],
      "crossed": 205,
      "spawned": 222,
      "external_spawned": 165,
      "transferred_in": 57,
      "exited_world": 122,
      "red_light_violations": 0,
      "fairness": 0.7297979797979798,
      "iid": 3
    }
  ],
  "overall": {
    "avg_wait": 16.062399854612522,
    "avg_wait_right": 14.727820997249122,
    "avg_wait_down": 16.929382674402184,
    "avg_wait_left": 16.054887856560672,
    "avg_wait_up": 14.11668272958794,
    "p95_wait": 40.650081299989154,
    "throughput": 159.99968000066536,
    "avg_queue": 14.029583333333333,
    "fairness": 0.6786601243418138,
    "crossed": 800,
    "spawned": 872,
    "external_spawned": 600,
    "transferred_in": 272,
    "exited_world": 516,
    "red_light_violations": 0
  }
}