{
  "mode": "rl",
  "seed": 42,
  "spawn_rate": 1.0,
  "duration_s": 180.00036000001444,
  "fixed_dt_s": 0.0166667,
  "rl": {
    "model_path": "models/rl_budget_1m.json",
    "training": false,
    "epsilon": 0.22745554005551824,
    "updates": 0
  },
  "neural": {
    "model_path": "models/neural_greedy.pt",
    "collect_data": false,
    "data_path": "data/neural/greedy_data.csv",
    "teacher_policy": "greedy"
  },
  "intersections": [
    {
      "avg_wait": 20.951860085456712,
      "avg_wait_right": 19.3417053500021,
      "avg_wait_down": 13.443360220001386,
      "avg_wait_left": 22.34131452381174,
      "avg_wait_up": 24.038936966669237,
      "p95_wait": 57.116780900006205,
      "max_wait": 66.55013310000723,
      "throughput": 15.999968000062717,
      "avg_queue": 4.9222222222222225,
      "max_queue": 14,
      "queues": [
        2,
        1,
        1,
        3
      ],
      "crossed": 48,
      "spawned": 55,
      "external_spawned": 34,
      "transferred_in": 21,
      "exited_world": 31,
      "red_light_violations": 0,
      "fairness": 0.8166666666666667,
      "iid": 0
    },
    {
      "avg_wait": 28.92766979552532,
      "avg_wait_right": 36.9738834714322,
      "avg_wait_down": 18.338925566668397,
      "avg_wait_left": 19.365594286668667,
      "avg_wait_up": 34.27112117368787,
      "p95_wait": 66.10013220000718,
      "max_wait": 84.7168361000092,
      "throughput": 14.999970000058797,
      "avg_queue": 10.641666666666667,
      "max_queue": 25,
      "queues": [
        12,
        5,
        4,
        1
      ],
      "crossed": 45,
      "spawned": 67,
      "external_spawned": 50,
      "transferred_in": 17,
      "exited_world": 27,
      "red_light_violations": 0,
      "fairness": 0.6505376344086021,
      "iid": 1
    },
    {
      "avg_wait": 23.234867898216628,
      "avg_wait_right": 31.974138022225183,
      "avg_wait_down": 19.804206275002,
      "avg_wait_left": 21.059417118752123,
      "avg_wait_up": 25.486414609093675,
      "p95_wait": 70.08347350000761,
      "max_wait": 94.55018910001027,
      "throughput": 14.33330466672285,
      "avg_queue": 8.188888888888888,
      "max_queue": 15,
      "queues": [
        1,
        2,
        9,
        1
      ],
      "crossed": 43,
      "spawned": 56,
      "external_spawned": 47,
      "transferred_in": 9,
      "exited_world": 25,
      "red_light_violations": 0,
      "fairness": 0.48563218390804597,
      "iid": 2
    },
    {
      "avg_wait": 22.35056553437711,
      "avg_wait_right": 20.540781822223757,
      "avg_wait_down": 19.458372250001872,
      "avg_wait_left": 44.69731161667153,
      "avg_wait_up": 20.471469514287843,
      "p95_wait": 60.03345340000652,
      "max_wait": 106.41687950001156,
      "throughput": 17.999964000070555,
      "avg_queue": 7.830555555555556,
      "max_queue": 15,
      "queues": [
        2,
        7,
        0,
        1
      ],
      "crossed": 54,
      "spawned": 64,
      "external_spawned": 49,
      "transferred_in": 15,
      "exited_world": 35,
      "red_light_violations": 0,
      "fairness": 0.46296296296296297,
      "iid": 3
    }
  ],
  "overall": {
    "avg_wait": 23.86624082839394,
    "avg_wait_right": 27.20762716647081,
    "avg_wait_down": 17.761216077918412,
    "avg_wait_left": 26.865909386476012,
    "avg_wait_up": 26.066985565934655,
    "p95_wait": 63.33346000000688,
    "throughput": 63.33320666691492,
    "avg_queue": 7.895833333333334,
    "fairness": 0.6039498619865694,
    "crossed": 190,
    "spawned": 242,
    "external_spawned": 180,
    "transferred_in": 62,
    "exited_world": 118,
    "red_light_violations": 0
  }
}