{
  "mode": "greedy",
  "seed": 25,
  "spawn_rate": 1.0,
  "duration_s": 300.0000000000558,
  "fixed_dt_s": 0.016666666666666666,
  "rl": {
    "model_path": "models/rl_qtable.json",
    "training": false,
    "epsilon": null,
    "updates": 0
  },
  "neural": {
    "model_path": "models/neural_greedy.pt",
    "collect_data": true,
    "data_path": "data/neural/greedy_train.csv"
  },
  "intersections": [
    {
      "avg_wait": 22.070555555557686,
      "avg_wait_right": 22.77500000000388,
      "avg_wait_down": 33.88333333332731,
      "avg_wait_left": 17.222777777785613,
      "avg_wait_up": 22.856837606836695,
      "p95_wait": 73.10000000002557,
      "max_wait": 116.70000000005959,
      "throughput": 16.199999999996987,
      "avg_queue": 6.136206896551724,
      "max_queue": 18,
      "queues": [
        2,
        3,
        2,
        2
      ],
      "crossed": 81,
      "spawned": 90,
      "external_spawned": 63,
      "transferred_in": 27,
      "exited_world": 65,
      "red_light_violations": 0,
      "fairness": 0.9642857142857143,
      "iid": 0
    },
    {
      "avg_wait": 24.6079124579181,
      "avg_wait_right": 35.26590909091746,
      "avg_wait_down": 20.603846153853713,
      "avg_wait_left": 31.94479166666328,
      "avg_wait_up": 17.529047619054253,
      "p95_wait": 70.53333333332932,
      "max_wait": 128.15000000006992,
      "throughput": 17.1999999999968,
      "avg_queue": 8.277586206896551,
      "max_queue": 17,
      "queues": [
        1,
        3,
        6,
        3
      ],
      "crossed": 86,
      "spawned": 99,
      "external_spawned": 78,
      "transferred_in": 21,
      "exited_world": 51,
      "red_light_violations": 0,
      "fairness": 0.7681818181818182,
      "iid": 1
    },
    {
      "avg_wait": 21.96383333334104,
      "avg_wait_right": 17.380208333340327,
      "avg_wait_down": 24.10061728395829,
      "avg_wait_left": 21.10897435898311,
      "avg_wait_up": 24.685185185191315,
      "p95_wait": 60.25000000001725,
      "max_wait": 131.31666666670776,
      "throughput": 18.999999999996465,
      "avg_queue": 7.275862068965517,
      "max_queue": 18,
      "queues": [
        0,
        2,
        2,
        1
      ],
      "crossed": 95,
      "spawned": 100,
      "external_spawned": 72,
      "transferred_in": 28,
      "exited_world": 62,
      "red_light_violations": 0,
      "fairness": 0.6944444444444444,
      "iid": 2
    },
    {
      "avg_wait": 24.03960000000689,
      "avg_wait_right": 22.721354166676246,
      "avg_wait_down": 21.88966666667531,
      "avg_wait_left": 20.857246376817216,
      "avg_wait_up": 35.18333333333299,
      "p95_wait": 61.95000000001778,
      "max_wait": 128.7500000000291,
      "throughput": 22.799999999995755,
      "avg_queue": 9.812068965517241,
      "max_queue": 17,
      "queues": [
        4,
        1,
        1,
        5
      ],
      "crossed": 114,
      "spawned": 125,
      "external_spawned": 87,
      "transferred_in": 38,
      "exited_world": 77,
      "red_light_violations": 0,
      "fairness": 0.7034883720930233,
      "iid": 3
    }
  ],
  "overall": {
    "avg_wait": 23.170475336705927,
    "avg_wait_right": 24.53561789773448,
    "avg_wait_down": 25.119365859453655,
    "avg_wait_left": 22.783447545062305,
    "avg_wait_up": 25.063600936103814,
    "p95_wait": 66.45833333334748,
    "throughput": 75.199999999986,
    "avg_queue": 7.875431034482759,
    "fairness": 0.7826000872512501,
    "crossed": 376,
    "spawned": 414,
    "external_spawned": 300,
    "transferred_in": 114,
    "exited_world": 255,
    "red_light_violations": 0
  }
}