{
  "mode": "rl",
  "seed": 45,
  "spawn_rate": 2.0,
  "duration_s": 300.00059999995244,
  "fixed_dt_s": 0.0166667,
  "rl": {
    "model_path": "models/studies/final_final_results_train10/shared_qtable.json",
    "training": true,
    "epsilon": 0.02,
    "updates": 211,
    "state_profile": "fine",
    "state_table_size": 9216
  },
  "neural": {
    "model_path": "models/neural_hybrid.pt",
    "collect_data": false,
    "data_path": "data/neural/greedy_data.csv",
    "teacher_policy": "greedy"
  },
  "intersections": [
    {
      "avg_wait": 16.485322485441742,
      "avg_wait_right": 11.124625423809071,
      "avg_wait_down": 8.73805166410254,
      "avg_wait_left": 19.150298717181442,
      "avg_wait_up": 21.73141601175733,
      "p95_wait": 44.38342210000482,
      "max_wait": 61.983457300006734,
      "throughput": 36.79992640015303,
      "avg_queue": 14.051666666666666,
      "max_queue": 29,
      "queues": [
        3,
        4,
        14,
        8
      ],
      "crossed": 184,
      "spawned": 213,
      "external_spawned": 153,
      "transferred_in": 60,
      "exited_world": 110,
      "red_light_violations": 0,
      "fairness": 0.737719298245614,
      "iid": 0
    },
    {
      "avg_wait": 16.853274447218414,
      "avg_wait_right": 18.307417567139794,
      "avg_wait_down": 15.048988431248926,
      "avg_wait_left": 19.49366643822312,
      "avg_wait_up": 15.180447027498005,
      "p95_wait": 39.13341160000029,
      "max_wait": 58.400116800006344,
      "throughput": 39.199921600163016,
      "avg_queue": 14.421666666666667,
      "max_queue": 32,
      "queues": [
        11,
        3,
        1,
        5
      ],
      "crossed": 196,
      "spawned": 216,
      "external_spawned": 143,
      "transferred_in": 73,
      "exited_world": 134,
      "red_light_violations": 0,
      "fairness": 0.6410256410256411,
      "iid": 1
    },
    {
      "avg_wait": 15.25267473605465,
      "avg_wait_right": 9.685062105124654,
      "avg_wait_down": 16.114678693936582,
      "avg_wait_left": 19.721295481155128,
      "avg_wait_up": 10.897080617646688,
      "p95_wait": 44.30008860000481,
      "max_wait": 59.38345209994938,
      "throughput": 36.99992600015386,
      "avg_queue": 12.403333333333334,
      "max_queue": 27,
      "queues": [
        3,
        8,
        10,
        2
      ],
      "crossed": 185,
      "spawned": 208,
      "external_spawned": 140,
      "transferred_in": 68,
      "exited_world": 117,
      "red_light_violations": 0,
      "fairness": 0.7471751412429378,
      "iid": 2
    },
    {
      "avg_wait": 18.486208733619964,
      "avg_wait_right": 25.238476402765457,
      "avg_wait_down": 16.96905103205224,
      "avg_wait_left": 17.13336759999433,
      "avg_wait_up": 10.442328576923343,
      "p95_wait": 47.75009550000519,
      "max_wait": 69.93347319993782,
      "throughput": 40.399919200168,
      "avg_queue": 17.415,
      "max_queue": 30,
      "queues": [
        16,
        6,
        2,
        3
      ],
      "crossed": 202,
      "spawned": 229,
      "external_spawned": 164,
      "transferred_in": 65,
      "exited_world": 128,
      "red_light_violations": 0,
      "fairness": 0.5975409836065574,
      "iid": 3
    }
  ],
  "overall": {
    "avg_wait": 16.769370100583693,
    "avg_wait_right": 16.088895374709743,
    "avg_wait_down": 14.217692455335072,
    "avg_wait_left": 18.874657059138507,
    "avg_wait_up": 14.56281805845634,
    "p95_wait": 43.89175445000377,
    "throughput": 153.3996932006379,
    "avg_queue": 14.572916666666666,
    "fairness": 0.6808652660301876,
    "crossed": 767,
    "spawned": 866,
    "external_spawned": 600,
    "transferred_in": 266,
    "exited_world": 489,
    "red_light_violations": 0
  }
}