{
  "mode": "rl",
  "seed": 40,
  "spawn_rate": 2.0,
  "duration_s": 300.00059999995244,
  "fixed_dt_s": 0.0166667,
  "rl": {
    "model_path": "models/studies/final_final_results_train10/shared_qtable.json",
    "training": true,
    "epsilon": 0.02,
    "updates": 214,
    "state_profile": "fine",
    "state_table_size": 9216
  },
  "neural": {
    "model_path": "models/neural_hybrid.pt",
    "collect_data": false,
    "data_path": "data/neural/greedy_data.csv",
    "teacher_policy": "greedy"
  },
  "intersections": [
    {
      "avg_wait": 16.90092811073058,
      "avg_wait_right": 13.351113658694853,
      "avg_wait_down": 15.201010794116648,
      "avg_wait_left": 21.881764193548772,
      "avg_wait_up": 15.5084966253939,
      "p95_wait": 41.78341690000454,
      "max_wait": 77.65015529998414,
      "throughput": 40.19991960016717,
      "avg_queue": 14.185,
      "max_queue": 28,
      "queues": [
        1,
        1,
        1,
        1
      ],
      "crossed": 201,
      "spawned": 205,
      "external_spawned": 151,
      "transferred_in": 54,
      "exited_world": 123,
      "red_light_violations": 0,
      "fairness": 1.0,
      "iid": 0
    },
    {
      "avg_wait": 18.082714476851002,
      "avg_wait_right": 20.787781039073547,
      "avg_wait_down": 9.073892021618933,
      "avg_wait_left": 23.166138286201008,
      "avg_wait_up": 17.432271706575676,
      "p95_wait": 50.81676830000552,
      "max_wait": 77.00015399994302,
      "throughput": 38.399923200159684,
      "avg_queue": 16.47,
      "max_queue": 37,
      "queues": [
        22,
        8,
        4,
        3
      ],
      "crossed": 192,
      "spawned": 229,
      "external_spawned": 157,
      "transferred_in": 72,
      "exited_world": 136,
      "red_light_violations": 0,
      "fairness": 0.5972949389179756,
      "iid": 1
    },
    {
      "avg_wait": 15.10103020199751,
      "avg_wait_right": 11.009481478376783,
      "avg_wait_down": 17.2894790233289,
      "avg_wait_left": 16.744554036985186,
      "avg_wait_up": 11.771134653330286,
      "p95_wait": 39.750079499987066,
      "max_wait": 49.81676630000541,
      "throughput": 36.19992760015054,
      "avg_queue": 10.793333333333333,
      "max_queue": 22,
      "queues": [
        3,
        12,
        4,
        0
      ],
      "crossed": 181,
      "spawned": 200,
      "external_spawned": 127,
      "transferred_in": 73,
      "exited_world": 117,
      "red_light_violations": 0,
      "fairness": 0.5340236686390533,
      "iid": 2
    },
    {
      "avg_wait": 14.211505031138444,
      "avg_wait_right": 15.179517538457963,
      "avg_wait_down": 14.308812401350721,
      "avg_wait_left": 14.565559434088799,
      "avg_wait_up": 11.140126446874493,
      "p95_wait": 35.15007030000382,
      "max_wait": 44.91675649999124,
      "throughput": 41.19991760017133,
      "avg_queue": 14.805,
      "max_queue": 27,
      "queues": [
        12,
        4,
        4,
        2
      ],
      "crossed": 206,
      "spawned": 228,
      "external_spawned": 165,
      "transferred_in": 63,
      "exited_world": 136,
      "red_light_violations": 0,
      "fairness": 0.6722222222222223,
      "iid": 3
    }
  ],
  "overall": {
    "avg_wait": 16.074044455179383,
    "avg_wait_right": 15.081973428650787,
    "avg_wait_down": 13.9682985601038,
    "avg_wait_left": 19.089503987705942,
    "avg_wait_up": 13.963007358043589,
    "p95_wait": 41.875083750000236,
    "throughput": 155.99968800064872,
    "avg_queue": 14.063333333333333,
    "fairness": 0.7008852074448128,
    "crossed": 780,
    "spawned": 862,
    "external_spawned": 600,
    "transferred_in": 262,
    "exited_world": 512,
    "red_light_violations": 0
  }
}