{
  "mode": "rl",
  "seed": 49,
  "spawn_rate": 2.0,
  "duration_s": 180.00036000001444,
  "fixed_dt_s": 0.0166667,
  "rl": {
    "model_path": "models\\epoch_snapshots\\final_final_results_train10\\epoch_009.json",
    "training": false,
    "epsilon": 0.02,
    "updates": 0,
    "state_profile": "fine",
    "state_table_size": 9216
  },
  "neural": {
    "model_path": "models/neural_hybrid.pt",
    "collect_data": false,
    "data_path": "data/neural/greedy_data.csv",
    "teacher_policy": "greedy"
  },
  "intersections": [
    {
      "avg_wait": 13.957757384059196,
      "avg_wait_right": 9.2806491918926,
      "avg_wait_down": 8.20352517894826,
      "avg_wait_left": 20.239575362792422,
      "avg_wait_up": 14.272250766667993,
      "p95_wait": 39.86674640000433,
      "max_wait": 72.13347760000784,
      "throughput": 40.99991800016071,
      "avg_queue": 14.208333333333334,
      "max_queue": 23,
      "queues": [
        6,
        4,
        5,
        0
      ],
      "crossed": 123,
      "spawned": 138,
      "external_spawned": 103,
      "transferred_in": 35,
      "exited_world": 70,
      "red_light_violations": 0,
      "fairness": 0.7305194805194806,
      "iid": 0
    },
    {
      "avg_wait": 15.729131987303045,
      "avg_wait_right": 17.53574935714449,
      "avg_wait_down": 9.305574166667483,
      "avg_wait_left": 11.61668990000089,
      "avg_wait_up": 18.38119618261049,
      "p95_wait": 37.66674200000409,
      "max_wait": 47.48342830000452,
      "throughput": 38.33325666681692,
      "avg_queue": 11.216666666666667,
      "max_queue": 19,
      "queues": [
        0,
        4,
        0,
        7
      ],
      "crossed": 115,
      "spawned": 126,
      "external_spawned": 70,
      "transferred_in": 56,
      "exited_world": 81,
      "red_light_violations": 0,
      "fairness": 0.4653846153846154,
      "iid": 1
    },
    {
      "avg_wait": 16.19718339145465,
      "avg_wait_right": 12.031842245455483,
      "avg_wait_down": 14.67798634516284,
      "avg_wait_left": 25.214580343592463,
      "avg_wait_up": 7.679348692000776,
      "p95_wait": 49.15009830000534,
      "max_wait": 64.03346140000696,
      "throughput": 35.66659533347314,
      "avg_queue": 12.730555555555556,
      "max_queue": 23,
      "queues": [
        1,
        1,
        1,
        7
      ],
      "crossed": 107,
      "spawned": 117,
      "external_spawned": 85,
      "transferred_in": 32,
      "exited_world": 60,
      "red_light_violations": 0,
      "fairness": 0.4807692307692308,
      "iid": 2
    },
    {
      "avg_wait": 15.489082072994252,
      "avg_wait_right": 15.338125914287161,
      "avg_wait_down": 22.488616405716538,
      "avg_wait_left": 9.285435237501009,
      "avg_wait_up": 12.43048463103581,
      "p95_wait": 39.433412200004284,
      "max_wait": 62.41679150000678,
      "throughput": 39.99992000015679,
      "avg_queue": 14.505555555555556,
      "max_queue": 26,
      "queues": [
        6,
        1,
        7,
        3
      ],
      "crossed": 120,
      "spawned": 137,
      "external_spawned": 102,
      "transferred_in": 35,
      "exited_world": 77,
      "red_light_violations": 0,
      "fairness": 0.7605263157894737,
      "iid": 3
    }
  ],
  "overall": {
    "avg_wait": 15.343288708952786,
    "avg_wait_right": 13.546591677194932,
    "avg_wait_down": 13.66892552412378,
    "avg_wait_left": 16.589070210971695,
    "avg_wait_up": 13.190820068078768,
    "p95_wait": 41.52924972500451,
    "throughput": 154.99969000060756,
    "avg_queue": 13.165277777777778,
    "fairness": 0.6092999106157001,
    "crossed": 465,
    "spawned": 518,
    "external_spawned": 360,
    "transferred_in": 158,
    "exited_world": 288,
    "red_light_violations": 0
  }
}