{
  "mode": "rl",
  "seed": 50,
  "spawn_rate": 2.0,
  "duration_s": 180.00036000001444,
  "fixed_dt_s": 0.0166667,
  "rl": {
    "model_path": "models\\epoch_snapshots\\final_final_results_train10\\epoch_003.json",
    "training": false,
    "epsilon": 0.02,
    "updates": 0,
    "state_profile": "fine",
    "state_table_size": 9216
  },
  "neural": {
    "model_path": "models/neural_hybrid.pt",
    "collect_data": false,
    "data_path": "data/neural/greedy_data.csv",
    "teacher_policy": "greedy"
  },
  "intersections": [
    {
      "avg_wait": 14.555113855933408,
      "avg_wait_right": 14.692453627274064,
      "avg_wait_down": 11.900023800000444,
      "avg_wait_left": 13.730235793751167,
      "avg_wait_up": 16.293214404546966,
      "p95_wait": 34.13340160000371,
      "max_wait": 44.1667550000048,
      "throughput": 33.99993200013328,
      "avg_queue": 10.283333333333333,
      "max_queue": 21,
      "queues": [
        3,
        0,
        3,
        10
      ],
      "crossed": 102,
      "spawned": 118,
      "external_spawned": 81,
      "transferred_in": 37,
      "exited_world": 56,
      "red_light_violations": 0,
      "fairness": 0.5423728813559322,
      "iid": 0
    },
    {
      "avg_wait": 12.431990038060839,
      "avg_wait_right": 15.225030450001478,
      "avg_wait_down": 6.682013364000516,
      "avg_wait_left": 14.828733361112358,
      "avg_wait_up": 12.433055169092071,
      "p95_wait": 36.98340730000402,
      "max_wait": 49.31676530000536,
      "throughput": 37.99992400014895,
      "avg_queue": 10.688888888888888,
      "max_queue": 24,
      "queues": [
        10,
        1,
        2,
        7
      ],
      "crossed": 114,
      "spawned": 134,
      "external_spawned": 92,
      "transferred_in": 42,
      "exited_world": 74,
      "red_light_violations": 0,
      "fairness": 0.6493506493506493,
      "iid": 1
    },
    {
      "avg_wait": 12.430000879137825,
      "avg_wait_right": 8.749422260715212,
      "avg_wait_down": 13.5600965645844,
      "avg_wait_left": 14.46370414102713,
      "avg_wait_up": 11.159050095834267,
      "p95_wait": 32.65006530000355,
      "max_wait": 49.16676500000534,
      "throughput": 41.33325066682868,
      "avg_queue": 11.947222222222223,
      "max_queue": 22,
      "queues": [
        2,
        5,
        7,
        1
      ],
      "crossed": 124,
      "spawned": 139,
      "external_spawned": 104,
      "transferred_in": 35,
      "exited_world": 75,
      "red_light_violations": 0,
      "fairness": 0.7120253164556962,
      "iid": 2
    },
    {
      "avg_wait": 12.67287888106187,
      "avg_wait_right": 12.288913466667951,
      "avg_wait_down": 14.015861365001314,
      "avg_wait_left": 11.719467883334563,
      "avg_wait_up": 11.975664976924245,
      "p95_wait": 29.63339260000322,
      "max_wait": 36.033405400003915,
      "throughput": 37.66659133348098,
      "avg_queue": 11.3,
      "max_queue": 23,
      "queues": [
        5,
        10,
        1,
        3
      ],
      "crossed": 113,
      "spawned": 132,
      "external_spawned": 83,
      "transferred_in": 49,
      "exited_world": 71,
      "red_light_violations": 0,
      "fairness": 0.6685185185185185,
      "iid": 3
    }
  ],
  "overall": {
    "avg_wait": 13.022495913548486,
    "avg_wait_right": 12.738954951164676,
    "avg_wait_down": 11.53949877339667,
    "avg_wait_left": 13.685535294806304,
    "avg_wait_up": 12.965246161599387,
    "p95_wait": 33.35006670000362,
    "throughput": 150.99969800059188,
    "avg_queue": 11.054861111111112,
    "fairness": 0.6430668414201991,
    "crossed": 453,
    "spawned": 523,
    "external_spawned": 360,
    "transferred_in": 163,
    "exited_world": 276,
    "red_light_violations": 0
  }
}