{
  "mode": "rl",
  "seed": 45,
  "spawn_rate": 2.0,
  "duration_s": 300.00059999995244,
  "fixed_dt_s": 0.0166667,
  "rl": {
    "model_path": "models/studies/final_final_results_train10/shared_qtable.json",
    "training": true,
    "epsilon": 0.10242697040393871,
    "updates": 217,
    "state_profile": "fine",
    "state_table_size": 9216
  },
  "neural": {
    "model_path": "models/neural_hybrid.pt",
    "collect_data": false,
    "data_path": "data/neural/greedy_data.csv",
    "teacher_policy": "greedy"
  },
  "intersections": [
    {
      "avg_wait": 20.047470001398864,
      "avg_wait_right": 18.363370059997287,
      "avg_wait_down": 18.146617489743853,
      "avg_wait_left": 25.972858963154536,
      "avg_wait_up": 14.813023976266274,
      "p95_wait": 52.40010480000569,
      "max_wait": 63.000126000006844,
      "throughput": 38.99992200016218,
      "avg_queue": 15.013333333333334,
      "max_queue": 28,
      "queues": [
        1,
        3,
        7,
        8
      ],
      "crossed": 195,
      "spawned": 214,
      "external_spawned": 148,
      "transferred_in": 66,
      "exited_world": 119,
      "red_light_violations": 0,
      "fairness": 0.733739837398374,
      "iid": 0
    },
    {
      "avg_wait": 21.350763855287827,
      "avg_wait_right": 21.150539813431404,
      "avg_wait_down": 13.791018572972062,
      "avg_wait_left": 23.8111587333331,
      "avg_wait_up": 24.411876780645283,
      "p95_wait": 53.13343960000577,
      "max_wait": 68.36680340000743,
      "throughput": 38.99992200016218,
      "avg_queue": 16.923333333333332,
      "max_queue": 32,
      "queues": [
        7,
        2,
        2,
        2
      ],
      "crossed": 195,
      "spawned": 208,
      "external_spawned": 147,
      "transferred_in": 61,
      "exited_world": 118,
      "red_light_violations": 0,
      "fairness": 0.6926229508196722,
      "iid": 1
    },
    {
      "avg_wait": 17.924210022520942,
      "avg_wait_right": 12.971164153653124,
      "avg_wait_down": 25.398788171212544,
      "avg_wait_left": 15.781449187355625,
      "avg_wait_up": 14.216099860710841,
      "p95_wait": 44.90008980000488,
      "max_wait": 77.06682080000837,
      "throughput": 40.79991840016967,
      "avg_queue": 15.796666666666667,
      "max_queue": 33,
      "queues": [
        6,
        6,
        4,
        2
      ],
      "crossed": 204,
      "spawned": 222,
      "external_spawned": 153,
      "transferred_in": 69,
      "exited_world": 142,
      "red_light_violations": 0,
      "fairness": 0.8804347826086957,
      "iid": 2
    },
    {
      "avg_wait": 19.70499436486028,
      "avg_wait_right": 20.37789789857286,
      "avg_wait_down": 25.231002842851893,
      "avg_wait_left": 10.118719424387377,
      "avg_wait_up": 18.707760992667477,
      "p95_wait": 53.083439499992124,
      "max_wait": 65.41679749993207,
      "throughput": 39.59992080016468,
      "avg_queue": 17.18166666666667,
      "max_queue": 35,
      "queues": [
        1,
        2,
        8,
        13
      ],
      "crossed": 198,
      "spawned": 222,
      "external_spawned": 152,
      "transferred_in": 70,
      "exited_world": 135,
      "red_light_violations": 0,
      "fairness": 0.6050420168067226,
      "iid": 3
    }
  ],
  "overall": {
    "avg_wait": 19.756859561016977,
    "avg_wait_right": 18.21574298141367,
    "avg_wait_down": 20.641856769195087,
    "avg_wait_left": 18.92104657705766,
    "avg_wait_up": 18.03719040257247,
    "p95_wait": 50.87926842500212,
    "throughput": 158.39968320065873,
    "avg_queue": 16.22875,
    "fairness": 0.7279598969083662,
    "crossed": 792,
    "spawned": 866,
    "external_spawned": 600,
    "transferred_in": 266,
    "exited_world": 514,
    "red_light_violations": 0
  }
}