{
  "mode": "adaptive",
  "seed": 53,
  "spawn_rate": 2.0,
  "duration_s": 180.00036000001444,
  "fixed_dt_s": 0.0166667,
  "rl": {
    "model_path": "models/rl_qtable.json",
    "training": false,
    "epsilon": null,
    "updates": 0,
    "state_profile": "default",
    "state_table_size": 4096
  },
  "neural": {
    "model_path": "models/neural_hybrid.pt",
    "collect_data": false,
    "data_path": "data/neural/greedy_data.csv",
    "teacher_policy": "greedy"
  },
  "intersections": [
    {
      "avg_wait": 10.202575149636004,
      "avg_wait_right": 6.722409278125603,
      "avg_wait_down": 8.507592772728083,
      "avg_wait_left": 11.804653238890067,
      "avg_wait_up": 13.247711680556783,
      "p95_wait": 25.800051600002803,
      "max_wait": 35.750071500003884,
      "throughput": 42.3332486668326,
      "avg_queue": 11.386111111111111,
      "max_queue": 23,
      "queues": [
        3,
        4,
        3,
        0
      ],
      "crossed": 127,
      "spawned": 137,
      "external_spawned": 104,
      "transferred_in": 33,
      "exited_world": 60,
      "red_light_violations": 0,
      "fairness": 0.7352941176470589,
      "iid": 0
    },
    {
      "avg_wait": 8.98916526511718,
      "avg_wait_right": 10.09781893773684,
      "avg_wait_down": 6.992375095834093,
      "avg_wait_left": 5.204454853333822,
      "avg_wait_up": 10.230651091892922,
      "p95_wait": 24.11671490000262,
      "max_wait": 35.950071900003906,
      "throughput": 36.99992600014503,
      "avg_queue": 8.61111111111111,
      "max_queue": 18,
      "queues": [
        11,
        4,
        1,
        2
      ],
      "crossed": 111,
      "spawned": 129,
      "external_spawned": 89,
      "transferred_in": 40,
      "exited_world": 77,
      "red_light_violations": 0,
      "fairness": 0.5704225352112676,
      "iid": 1
    },
    {
      "avg_wait": 12.429362758220373,
      "avg_wait_right": 9.491685650000742,
      "avg_wait_down": 13.852857894341026,
      "avg_wait_left": 14.045482636365016,
      "avg_wait_up": 9.378279626087835,
      "p95_wait": 28.150056300003058,
      "max_wait": 36.233405800003936,
      "throughput": 42.99991400016855,
      "avg_queue": 12.872222222222222,
      "max_queue": 25,
      "queues": [
        5,
        5,
        3,
        4
      ],
      "crossed": 129,
      "spawned": 146,
      "external_spawned": 99,
      "transferred_in": 47,
      "exited_world": 87,
      "red_light_violations": 0,
      "fairness": 0.9633333333333334,
      "iid": 2
    },
    {
      "avg_wait": 10.820969654129442,
      "avg_wait_right": 11.350856035000968,
      "avg_wait_down": 12.390565321622848,
      "avg_wait_left": 8.417560694737606,
      "avg_wait_up": 8.235913907693115,
      "p95_wait": 23.150046300002515,
      "max_wait": 42.3334180000046,
      "throughput": 31.999936000125434,
      "avg_queue": 7.6722222222222225,
      "max_queue": 15,
      "queues": [
        5,
        6,
        1,
        1
      ],
      "crossed": 96,
      "spawned": 109,
      "external_spawned": 68,
      "transferred_in": 41,
      "exited_world": 63,
      "red_light_violations": 0,
      "fairness": 0.6706349206349206,
      "iid": 3
    }
  ],
  "overall": {
    "avg_wait": 10.61051820677575,
    "avg_wait_right": 9.415692475216037,
    "avg_wait_down": 10.435847771131513,
    "avg_wait_left": 9.868037855831627,
    "avg_wait_up": 10.273139076557664,
    "p95_wait": 25.30421727500275,
    "throughput": 154.33302466727162,
    "avg_queue": 10.135416666666666,
    "fairness": 0.7349212267066452,
    "crossed": 463,
    "spawned": 521,
    "external_spawned": 360,
    "transferred_in": 161,
    "exited_world": 287,
    "red_light_violations": 0
  }
}