{
  "mode": "rl",
  "seed": 44,
  "spawn_rate": 2.0,
  "duration_s": 300.00059999995244,
  "fixed_dt_s": 0.0166667,
  "rl": {
    "model_path": "models/studies/final_final_results_train10/shared_qtable.json",
    "training": true,
    "epsilon": 0.11416870179561042,
    "updates": 222,
    "state_profile": "fine",
    "state_table_size": 9216
  },
  "neural": {
    "model_path": "models/neural_hybrid.pt",
    "collect_data": false,
    "data_path": "data/neural/greedy_data.csv",
    "teacher_policy": "greedy"
  },
  "intersections": [
    {
      "avg_wait": 21.28184684495234,
      "avg_wait_right": 15.184240894735078,
      "avg_wait_down": 27.1202296789479,
      "avg_wait_left": 17.606939975711285,
      "avg_wait_up": 24.991485168053714,
      "p95_wait": 61.03345540000663,
      "max_wait": 79.38349210000862,
      "throughput": 39.79992040016551,
      "avg_queue": 17.37,
      "max_queue": 33,
      "queues": [
        7,
        6,
        1,
        5
      ],
      "crossed": 199,
      "spawned": 218,
      "external_spawned": 148,
      "transferred_in": 70,
      "exited_world": 129,
      "red_light_violations": 0,
      "fairness": 0.8130630630630631,
      "iid": 0
    },
    {
      "avg_wait": 18.556914136405258,
      "avg_wait_right": 24.758620945709804,
      "avg_wait_down": 11.759218920681587,
      "avg_wait_left": 13.799194264998647,
      "avg_wait_up": 17.860234725374404,
      "p95_wait": 50.75010150000551,
      "max_wait": 63.5334604000069,
      "throughput": 38.199923600158854,
      "avg_queue": 15.0,
      "max_queue": 28,
      "queues": [
        7,
        2,
        5,
        1
      ],
      "crossed": 191,
      "spawned": 206,
      "external_spawned": 143,
      "transferred_in": 63,
      "exited_world": 129,
      "red_light_violations": 0,
      "fairness": 0.7120253164556962,
      "iid": 1
    },
    {
      "avg_wait": 24.59799440136675,
      "avg_wait_right": 18.426227328566092,
      "avg_wait_down": 24.06266717285509,
      "avg_wait_left": 33.79871624594131,
      "avg_wait_up": 13.913777827499796,
      "p95_wait": 62.61679190000534,
      "max_wait": 79.38349210000862,
      "throughput": 38.99992200016218,
      "avg_queue": 17.703333333333333,
      "max_queue": 38,
      "queues": [
        1,
        9,
        9,
        5
      ],
      "crossed": 195,
      "spawned": 219,
      "external_spawned": 146,
      "transferred_in": 73,
      "exited_world": 126,
      "red_light_violations": 0,
      "fairness": 0.7659574468085106,
      "iid": 2
    },
    {
      "avg_wait": 19.49200868090302,
      "avg_wait_right": 23.048872388728444,
      "avg_wait_down": 21.21719929704704,
      "avg_wait_left": 16.998483609299516,
      "avg_wait_up": 12.580726915785965,
      "p95_wait": 49.28343189994567,
      "max_wait": 80.80016160000878,
      "throughput": 38.399923200159684,
      "avg_queue": 16.996666666666666,
      "max_queue": 35,
      "queues": [
        10,
        10,
        2,
        6
      ],
      "crossed": 192,
      "spawned": 220,
      "external_spawned": 163,
      "transferred_in": 57,
      "exited_world": 117,
      "red_light_violations": 0,
      "fairness": 0.8166666666666667,
      "iid": 3
    }
  ],
  "overall": {
    "avg_wait": 20.982191015906842,
    "avg_wait_right": 20.354490389434854,
    "avg_wait_down": 21.039828767382904,
    "avg_wait_left": 20.550833523987688,
    "avg_wait_up": 17.33655615917847,
    "p95_wait": 55.92094517499079,
    "throughput": 155.39968920064624,
    "avg_queue": 16.7675,
    "fairness": 0.7769281232484841,
    "crossed": 777,
    "spawned": 863,
    "external_spawned": 600,
    "transferred_in": 263,
    "exited_world": 501,
    "red_light_violations": 0
  }
}