{
  "mode": "rl",
  "seed": 46,
  "spawn_rate": 2.0,
  "duration_s": 300.00059999995244,
  "fixed_dt_s": 0.0166667,
  "rl": {
    "model_path": "models/studies/pres2_sw020_ws12_20260313/shared_qtable.json",
    "training": true,
    "epsilon": 0.03,
    "updates": 208
  },
  "neural": {
    "model_path": "models/neural_hybrid.pt",
    "collect_data": false,
    "data_path": "data/neural/greedy_data.csv",
    "teacher_policy": "greedy"
  },
  "intersections": [
    {
      "avg_wait": 11.731409755605963,
      "avg_wait_right": 8.88527418076936,
      "avg_wait_down": 11.969071557139772,
      "avg_wait_left": 10.694224286955475,
      "avg_wait_up": 15.373593965514651,
      "p95_wait": 31.733396800003447,
      "max_wait": 53.70010739997247,
      "throughput": 39.79992040016551,
      "avg_queue": 12.118333333333334,
      "max_queue": 23,
      "queues": [
        6,
        3,
        4,
        2
      ],
      "crossed": 199,
      "spawned": 214,
      "external_spawned": 165,
      "transferred_in": 49,
      "exited_world": 121,
      "red_light_violations": 0,
      "fairness": 0.8653846153846154,
      "iid": 0
    },
    {
      "avg_wait": 14.324158001491023,
      "avg_wait_right": 15.74157377164033,
      "avg_wait_down": 9.869250507691257,
      "avg_wait_left": 11.018708906056814,
      "avg_wait_up": 17.35406696612838,
      "p95_wait": 33.56673380000365,
      "max_wait": 49.933433199977344,
      "throughput": 37.19992560015469,
      "avg_queue": 10.451666666666666,
      "max_queue": 19,
      "queues": [
        6,
        5,
        2,
        2
      ],
      "crossed": 186,
      "spawned": 201,
      "external_spawned": 120,
      "transferred_in": 81,
      "exited_world": 121,
      "red_light_violations": 0,
      "fairness": 0.8152173913043478,
      "iid": 1
    },
    {
      "avg_wait": 14.311748562553207,
      "avg_wait_right": 16.495978937829115,
      "avg_wait_down": 12.254422656941491,
      "avg_wait_left": 14.801279602498024,
      "avg_wait_up": 15.250030499994864,
      "p95_wait": 39.133411599995725,
      "max_wait": 60.333454000006554,
      "throughput": 38.99992200016218,
      "avg_queue": 12.761666666666667,
      "max_queue": 28,
      "queues": [
        0,
        7,
        9,
        8
      ],
      "crossed": 195,
      "spawned": 219,
      "external_spawned": 152,
      "transferred_in": 67,
      "exited_world": 136,
      "red_light_violations": 0,
      "fairness": 0.7422680412371134,
      "iid": 2
    },
    {
      "avg_wait": 17.47914703973593,
      "avg_wait_right": 18.389901644591657,
      "avg_wait_down": 19.09476392784461,
      "avg_wait_left": 14.54827471052638,
      "avg_wait_up": 15.277662134211024,
      "p95_wait": 40.46674759994346,
      "max_wait": 56.08344550000609,
      "throughput": 42.39991520017632,
      "avg_queue": 16.576666666666668,
      "max_queue": 36,
      "queues": [
        8,
        5,
        1,
        3
      ],
      "crossed": 212,
      "spawned": 229,
      "external_spawned": 163,
      "transferred_in": 66,
      "exited_world": 140,
      "red_light_violations": 0,
      "fairness": 0.7297979797979798,
      "iid": 3
    }
  ],
  "overall": {
    "avg_wait": 14.46161583984653,
    "avg_wait_right": 14.878182133707615,
    "avg_wait_down": 13.296877162404282,
    "avg_wait_left": 12.765621876509172,
    "avg_wait_up": 15.81383839146223,
    "p95_wait": 36.22507244998657,
    "throughput": 158.3996832006587,
    "avg_queue": 12.977083333333333,
    "fairness": 0.788167006931014,
    "crossed": 792,
    "spawned": 863,
    "external_spawned": 600,
    "transferred_in": 263,
    "exited_world": 518,
    "red_light_violations": 0
  }
}