{
  "mode": "rl",
  "seed": 45,
  "spawn_rate": 2.0,
  "duration_s": 300.00059999995244,
  "fixed_dt_s": 0.0166667,
  "rl": {
    "model_path": "models/studies/final_final_results_train10/shared_qtable.json",
    "training": true,
    "epsilon": 0.02,
    "updates": 210,
    "state_profile": "fine",
    "state_table_size": 9216
  },
  "neural": {
    "model_path": "models/neural_hybrid.pt",
    "collect_data": false,
    "data_path": "data/neural/greedy_data.csv",
    "teacher_policy": "greedy"
  },
  "intersections": [
    {
      "avg_wait": 15.294958126084307,
      "avg_wait_right": 9.918538355550789,
      "avg_wait_down": 13.512905813632887,
      "avg_wait_left": 13.919559089059852,
      "avg_wait_up": 21.00903672698326,
      "p95_wait": 44.450088899951226,
      "max_wait": 65.18346369997809,
      "throughput": 35.9999280001497,
      "avg_queue": 12.325,
      "max_queue": 26,
      "queues": [
        5,
        10,
        7,
        5
      ],
      "crossed": 180,
      "spawned": 207,
      "external_spawned": 143,
      "transferred_in": 64,
      "exited_world": 114,
      "red_light_violations": 0,
      "fairness": 0.9158291457286433,
      "iid": 0
    },
    {
      "avg_wait": 11.843682223899998,
      "avg_wait_right": 11.048946829029232,
      "avg_wait_down": 12.524534852939343,
      "avg_wait_left": 9.924213396771767,
      "avg_wait_up": 12.941478874356728,
      "p95_wait": 31.11672890000338,
      "max_wait": 43.950087900004775,
      "throughput": 37.599924800156366,
      "avg_queue": 10.738333333333333,
      "max_queue": 23,
      "queues": [
        6,
        4,
        4,
        3
      ],
      "crossed": 188,
      "spawned": 205,
      "external_spawned": 138,
      "transferred_in": 67,
      "exited_world": 126,
      "red_light_violations": 0,
      "fairness": 0.9383116883116883,
      "iid": 1
    },
    {
      "avg_wait": 19.459963162270995,
      "avg_wait_right": 11.73592090768907,
      "avg_wait_down": 22.577993873845706,
      "avg_wait_left": 22.02848850133115,
      "avg_wait_up": 17.165481485364342,
      "p95_wait": 50.233433799950944,
      "max_wait": 68.41680349995119,
      "throughput": 40.9999180001705,
      "avg_queue": 15.278333333333334,
      "max_queue": 30,
      "queues": [
        3,
        3,
        6,
        3
      ],
      "crossed": 205,
      "spawned": 220,
      "external_spawned": 145,
      "transferred_in": 75,
      "exited_world": 131,
      "red_light_violations": 0,
      "fairness": 0.8928571428571429,
      "iid": 2
    },
    {
      "avg_wait": 16.25829640541344,
      "avg_wait_right": 16.617565702595318,
      "avg_wait_down": 18.69741834713841,
      "avg_wait_left": 17.44051107142359,
      "avg_wait_up": 9.10677497026963,
      "p95_wait": 38.350076700004166,
      "max_wait": 58.26678320000633,
      "throughput": 42.59991480017715,
      "avg_queue": 16.911666666666665,
      "max_queue": 32,
      "queues": [
        6,
        5,
        15,
        1
      ],
      "crossed": 213,
      "spawned": 240,
      "external_spawned": 174,
      "transferred_in": 66,
      "exited_world": 136,
      "red_light_violations": 0,
      "fairness": 0.6350174216027874,
      "iid": 3
    }
  ],
  "overall": {
    "avg_wait": 15.714224979417185,
    "avg_wait_right": 12.330242948716101,
    "avg_wait_down": 16.828213221889087,
    "avg_wait_left": 15.82819301464659,
    "avg_wait_up": 15.05569301424349,
    "p95_wait": 41.03758207497743,
    "throughput": 157.1996856006537,
    "avg_queue": 13.813333333333333,
    "fairness": 0.8455038496250655,
    "crossed": 786,
    "spawned": 872,
    "external_spawned": 600,
    "transferred_in": 272,
    "exited_world": 507,
    "red_light_violations": 0
  }
}