{
  "mode": "rl",
  "seed": 45,
  "spawn_rate": 2.0,
  "duration_s": 300.00059999995244,
  "fixed_dt_s": 0.0166667,
  "rl": {
    "model_path": "models/studies/final_final_results_train10/shared_qtable.json",
    "training": true,
    "epsilon": 0.02,
    "updates": 212,
    "state_profile": "fine",
    "state_table_size": 9216
  },
  "neural": {
    "model_path": "models/neural_hybrid.pt",
    "collect_data": false,
    "data_path": "data/neural/greedy_data.csv",
    "teacher_policy": "greedy"
  },
  "intersections": [
    {
      "avg_wait": 15.629483313694452,
      "avg_wait_right": 14.129657888885722,
      "avg_wait_down": 11.058996476921791,
      "avg_wait_left": 16.553103281575712,
      "avg_wait_up": 18.012536024992574,
      "p95_wait": 42.81675230000465,
      "max_wait": 80.2834938999498,
      "throughput": 40.399919200168,
      "avg_queue": 14.233333333333333,
      "max_queue": 32,
      "queues": [
        2,
        1,
        10,
        4
      ],
      "crossed": 202,
      "spawned": 219,
      "external_spawned": 161,
      "transferred_in": 58,
      "exited_world": 122,
      "red_light_violations": 0,
      "fairness": 0.5971074380165289,
      "iid": 0
    },
    {
      "avg_wait": 16.2462895546571,
      "avg_wait_right": 14.395557246336342,
      "avg_wait_down": 20.835375004000554,
      "avg_wait_left": 11.807715923073568,
      "avg_wait_up": 18.58114827332903,
      "p95_wait": 37.933409199964245,
      "max_wait": 56.566779800006145,
      "throughput": 43.19991360017965,
      "avg_queue": 15.17,
      "max_queue": 30,
      "queues": [
        12,
        0,
        8,
        0
      ],
      "crossed": 216,
      "spawned": 236,
      "external_spawned": 151,
      "transferred_in": 85,
      "exited_world": 151,
      "red_light_violations": 0,
      "fairness": 0.4807692307692308,
      "iid": 1
    },
    {
      "avg_wait": 17.5136568221119,
      "avg_wait_right": 8.660433987498061,
      "avg_wait_down": 19.814716246264858,
      "avg_wait_left": 19.93924175633465,
      "avg_wait_up": 18.438370209994897,
      "p95_wait": 39.816746300004326,
      "max_wait": 65.68346469996365,
      "throughput": 36.599926800152204,
      "avg_queue": 14.485,
      "max_queue": 30,
      "queues": [
        9,
        9,
        6,
        1
      ],
      "crossed": 183,
      "spawned": 208,
      "external_spawned": 144,
      "transferred_in": 64,
      "exited_world": 121,
      "red_light_violations": 0,
      "fairness": 0.785175879396985,
      "iid": 2
    },
    {
      "avg_wait": 15.565781131497943,
      "avg_wait_right": 15.928767489651417,
      "avg_wait_down": 22.062389803702246,
      "avg_wait_left": 17.08857584374554,
      "avg_wait_up": 8.055075633929066,
      "p95_wait": 42.850085700004655,
      "max_wait": 64.4167954999362,
      "throughput": 37.599924800156366,
      "avg_queue": 12.998333333333333,
      "max_queue": 26,
      "queues": [
        1,
        0,
        6,
        5
      ],
      "crossed": 188,
      "spawned": 200,
      "external_spawned": 144,
      "transferred_in": 56,
      "exited_world": 107,
      "red_light_violations": 0,
      "fairness": 0.5806451612903226,
      "iid": 3
    }
  ],
  "overall": {
    "avg_wait": 16.23880270549035,
    "avg_wait_right": 13.278604153092886,
    "avg_wait_down": 18.442869382722364,
    "avg_wait_left": 16.347159201182368,
    "avg_wait_up": 15.771782535561393,
    "p95_wait": 40.85424837499447,
    "throughput": 157.79968440065622,
    "avg_queue": 14.221666666666666,
    "fairness": 0.6109244273682668,
    "crossed": 789,
    "spawned": 863,
    "external_spawned": 600,
    "transferred_in": 263,
    "exited_world": 501,
    "red_light_violations": 0
  }
}