{
  "mode": "adaptive",
  "seed": 52,
  "spawn_rate": 2.0,
  "duration_s": 180.00036000001444,
  "fixed_dt_s": 0.0166667,
  "rl": {
    "model_path": "models/rl_qtable.json",
    "training": false,
    "epsilon": null,
    "updates": 0,
    "state_profile": "default",
    "state_table_size": 4096
  },
  "neural": {
    "model_path": "models/neural_hybrid.pt",
    "collect_data": false,
    "data_path": "data/neural/greedy_data.csv",
    "teacher_policy": "greedy"
  },
  "intersections": [
    {
      "avg_wait": 11.248759871213231,
      "avg_wait_right": 9.472482713044508,
      "avg_wait_down": 8.37972690434862,
      "avg_wait_left": 12.292357918001203,
      "avg_wait_up": 12.76715516389012,
      "p95_wait": 28.26672320000307,
      "max_wait": 45.63342460000496,
      "throughput": 37.99992400014895,
      "avg_queue": 9.96111111111111,
      "max_queue": 23,
      "queues": [
        3,
        2,
        9,
        4
      ],
      "crossed": 114,
      "spawned": 132,
      "external_spawned": 90,
      "transferred_in": 42,
      "exited_world": 73,
      "red_light_violations": 0,
      "fairness": 0.7363636363636363,
      "iid": 0
    },
    {
      "avg_wait": 12.1009374438368,
      "avg_wait_right": 11.392245006667874,
      "avg_wait_down": 10.356193551852815,
      "avg_wait_left": 10.482713273077954,
      "avg_wait_up": 14.623293135418038,
      "p95_wait": 29.53339240000321,
      "max_wait": 38.01674270000413,
      "throughput": 43.666579333504494,
      "avg_queue": 13.113888888888889,
      "max_queue": 25,
      "queues": [
        10,
        3,
        0,
        2
      ],
      "crossed": 131,
      "spawned": 146,
      "external_spawned": 109,
      "transferred_in": 37,
      "exited_world": 78,
      "red_light_violations": 0,
      "fairness": 0.497787610619469,
      "iid": 1
    },
    {
      "avg_wait": 12.930206040541696,
      "avg_wait_right": 9.767479852381703,
      "avg_wait_down": 14.201379754055342,
      "avg_wait_left": 14.838918566668042,
      "avg_wait_up": 10.028451429412659,
      "p95_wait": 29.150058300003167,
      "max_wait": 35.80007160000389,
      "throughput": 30.333272666785568,
      "avg_queue": 9.266666666666667,
      "max_queue": 20,
      "queues": [
        3,
        7,
        9,
        1
      ],
      "crossed": 91,
      "spawned": 111,
      "external_spawned": 73,
      "transferred_in": 38,
      "exited_world": 57,
      "red_light_violations": 0,
      "fairness": 0.7142857142857143,
      "iid": 2
    },
    {
      "avg_wait": 11.713997786924113,
      "avg_wait_right": 10.146353626000836,
      "avg_wait_down": 14.607983761364993,
      "avg_wait_left": 10.150020300000923,
      "avg_wait_up": 10.58237410588326,
      "p95_wait": 29.35005870000319,
      "max_wait": 33.61673390000036,
      "throughput": 37.66659133348098,
      "avg_queue": 10.402777777777779,
      "max_queue": 19,
      "queues": [
        8,
        7,
        2,
        0
      ],
      "crossed": 113,
      "spawned": 130,
      "external_spawned": 88,
      "transferred_in": 42,
      "exited_world": 75,
      "red_light_violations": 0,
      "fairness": 0.6175213675213675,
      "iid": 3
    }
  ],
  "overall": {
    "avg_wait": 11.99847528562896,
    "avg_wait_right": 10.19464029952373,
    "avg_wait_down": 11.886320992905443,
    "avg_wait_left": 11.94100251443703,
    "avg_wait_up": 12.00031845865102,
    "p95_wait": 29.07505815000316,
    "throughput": 149.66636733392,
    "avg_queue": 10.686111111111112,
    "fairness": 0.6414895821975468,
    "crossed": 449,
    "spawned": 519,
    "external_spawned": 360,
    "transferred_in": 159,
    "exited_world": 283,
    "red_light_violations": 0
  }
}