{
  "mode": "rl",
  "seed": 49,
  "spawn_rate": 2.0,
  "duration_s": 180.00036000001444,
  "fixed_dt_s": 0.0166667,
  "rl": {
    "model_path": "models\\epoch_snapshots\\final_final_results_train10\\epoch_005.json",
    "training": false,
    "epsilon": 0.02,
    "updates": 0,
    "state_profile": "fine",
    "state_table_size": 9216
  },
  "neural": {
    "model_path": "models/neural_hybrid.pt",
    "collect_data": false,
    "data_path": "data/neural/greedy_data.csv",
    "teacher_policy": "greedy"
  },
  "intersections": [
    {
      "avg_wait": 13.49816132462803,
      "avg_wait_right": 11.721134553334235,
      "avg_wait_down": 10.11317812105373,
      "avg_wait_left": 17.10889946595887,
      "avg_wait_up": 12.12765583421161,
      "p95_wait": 36.10007220000392,
      "max_wait": 58.66678400000637,
      "throughput": 39.33325466682084,
      "avg_queue": 12.183333333333334,
      "max_queue": 21,
      "queues": [
        6,
        7,
        1,
        2
      ],
      "crossed": 118,
      "spawned": 134,
      "external_spawned": 98,
      "transferred_in": 36,
      "exited_world": 75,
      "red_light_violations": 0,
      "fairness": 0.7111111111111111,
      "iid": 0
    },
    {
      "avg_wait": 14.277472163911089,
      "avg_wait_right": 14.10150968444572,
      "avg_wait_down": 9.720158329167576,
      "avg_wait_left": 11.706690080001026,
      "avg_wait_up": 19.99562822647249,
      "p95_wait": 37.21674110000404,
      "max_wait": 45.21675710000491,
      "throughput": 36.99992600014503,
      "avg_queue": 11.402777777777779,
      "max_queue": 24,
      "queues": [
        4,
        5,
        6,
        7
      ],
      "crossed": 111,
      "spawned": 133,
      "external_spawned": 91,
      "transferred_in": 42,
      "exited_world": 64,
      "red_light_violations": 0,
      "fairness": 0.9603174603174603,
      "iid": 1
    },
    {
      "avg_wait": 12.958434325226538,
      "avg_wait_right": 8.100016200000633,
      "avg_wait_down": 10.884466213334456,
      "avg_wait_left": 15.39642718919084,
      "avg_wait_up": 18.42133313889081,
      "p95_wait": 36.816740300004,
      "max_wait": 62.85012570000683,
      "throughput": 31.666603333457456,
      "avg_queue": 10.097222222222221,
      "max_queue": 20,
      "queues": [
        1,
        1,
        8,
        6
      ],
      "crossed": 95,
      "spawned": 111,
      "external_spawned": 83,
      "transferred_in": 28,
      "exited_world": 58,
      "red_light_violations": 0,
      "fairness": 0.6274509803921569,
      "iid": 2
    },
    {
      "avg_wait": 14.83980240681967,
      "avg_wait_right": 16.516005254168274,
      "avg_wait_down": 13.468587543183128,
      "avg_wait_left": 12.08573845714417,
      "avg_wait_up": 16.824595052633374,
      "p95_wait": 35.45007090000194,
      "max_wait": 50.6001012000055,
      "throughput": 40.33325266682476,
      "avg_queue": 13.113888888888889,
      "max_queue": 24,
      "queues": [
        3,
        2,
        5,
        1
      ],
      "crossed": 121,
      "spawned": 132,
      "external_spawned": 88,
      "transferred_in": 44,
      "exited_world": 82,
      "red_light_violations": 0,
      "fairness": 0.7756410256410257,
      "iid": 3
    }
  ],
  "overall": {
    "avg_wait": 13.893467555146332,
    "avg_wait_right": 12.609666422987216,
    "avg_wait_down": 11.046597551684723,
    "avg_wait_left": 14.074438798073727,
    "avg_wait_up": 16.84230306305207,
    "p95_wait": 36.39590612500348,
    "throughput": 148.33303666724808,
    "avg_queue": 11.699305555555556,
    "fairness": 0.7686301443654385,
    "crossed": 445,
    "spawned": 510,
    "external_spawned": 360,
    "transferred_in": 150,
    "exited_world": 279,
    "red_light_violations": 0
  }
}