{
  "mode": "greedy",
  "seed": 35,
  "spawn_rate": 1.0,
  "duration_s": 300.0000000000558,
  "fixed_dt_s": 0.016666666666666666,
  "rl": {
    "model_path": "models/rl_qtable.json",
    "training": false,
    "epsilon": null,
    "updates": 0
  },
  "neural": {
    "model_path": "models/neural_greedy.pt",
    "collect_data": true,
    "data_path": "data/neural/greedy_val.csv"
  },
  "intersections": [
    {
      "avg_wait": 25.325589225597113,
      "avg_wait_right": 20.136956521742576,
      "avg_wait_down": 21.787962962965963,
      "avg_wait_left": 24.444000000010483,
      "avg_wait_up": 31.539393939405624,
      "p95_wait": 80.65000000004144,
      "max_wait": 95.18333333334562,
      "throughput": 18.199999999996614,
      "avg_queue": 8.422413793103448,
      "max_queue": 17,
      "queues": [
        3,
        0,
        3,
        2
      ],
      "crossed": 91,
      "spawned": 99,
      "external_spawned": 81,
      "transferred_in": 18,
      "exited_world": 53,
      "red_light_violations": 0,
      "fairness": 0.7272727272727273,
      "iid": 0
    },
    {
      "avg_wait": 23.541346153851162,
      "avg_wait_right": 20.47412280702521,
      "avg_wait_down": 22.899074074077046,
      "avg_wait_left": 52.17166666666443,
      "avg_wait_up": 19.37850877193505,
      "p95_wait": 72.06666666671663,
      "max_wait": 131.13333333336263,
      "throughput": 17.999999999996653,
      "avg_queue": 7.531034482758621,
      "max_queue": 17,
      "queues": [
        2,
        5,
        6,
        1
      ],
      "crossed": 90,
      "spawned": 104,
      "external_spawned": 68,
      "transferred_in": 36,
      "exited_world": 73,
      "red_light_violations": 0,
      "fairness": 0.7424242424242424,
      "iid": 1
    },
    {
      "avg_wait": 24.599174917499244,
      "avg_wait_right": 20.671969696974205,
      "avg_wait_down": 26.199382716056093,
      "avg_wait_left": 23.10046296296989,
      "avg_wait_up": 30.67083333334754,
      "p95_wait": 67.850000000054,
      "max_wait": 81.51666666667822,
      "throughput": 18.59999999999654,
      "avg_queue": 8.26206896551724,
      "max_queue": 20,
      "queues": [
        1,
        3,
        2,
        2
      ],
      "crossed": 93,
      "spawned": 101,
      "external_spawned": 72,
      "transferred_in": 29,
      "exited_world": 57,
      "red_light_violations": 0,
      "fairness": 0.8888888888888888,
      "iid": 2
    },
    {
      "avg_wait": 19.637610619472788,
      "avg_wait_right": 20.68174603174815,
      "avg_wait_down": 17.512719298250722,
      "avg_wait_left": 22.010416666670924,
      "avg_wait_up": 19.574509803925903,
      "p95_wait": 59.33333333335153,
      "max_wait": 79.75000000005397,
      "throughput": 20.799999999996132,
      "avg_queue": 7.172413793103448,
      "max_queue": 15,
      "queues": [
        3,
        4,
        1,
        1
      ],
      "crossed": 104,
      "spawned": 113,
      "external_spawned": 79,
      "transferred_in": 34,
      "exited_world": 72,
      "red_light_violations": 0,
      "fairness": 0.75,
      "iid": 3
    }
  ],
  "overall": {
    "avg_wait": 23.27593022910508,
    "avg_wait_right": 20.491198764372534,
    "avg_wait_down": 22.099784762837455,
    "avg_wait_left": 30.43163657407893,
    "avg_wait_up": 25.290811462153528,
    "p95_wait": 69.9750000000409,
    "throughput": 75.59999999998594,
    "avg_queue": 7.8469827586206895,
    "fairness": 0.7771464646464646,
    "crossed": 378,
    "spawned": 417,
    "external_spawned": 300,
    "transferred_in": 117,
    "exited_world": 255,
    "red_light_violations": 0
  }
}