{
  "mode": "rl",
  "seed": 41,
  "spawn_rate": 2.0,
  "duration_s": 300.00059999995244,
  "fixed_dt_s": 0.0166667,
  "rl": {
    "model_path": "models/studies/final_final_results_train10/shared_qtable.json",
    "training": true,
    "epsilon": 0.02,
    "updates": 214,
    "state_profile": "fine",
    "state_table_size": 9216
  },
  "neural": {
    "model_path": "models/neural_hybrid.pt",
    "collect_data": false,
    "data_path": "data/neural/greedy_data.csv",
    "teacher_policy": "greedy"
  },
  "intersections": [
    {
      "avg_wait": 14.18457529465684,
      "avg_wait_right": 14.267675594112442,
      "avg_wait_down": 14.116139343326473,
      "avg_wait_left": 13.910250042664336,
      "avg_wait_up": 14.480128462684574,
      "p95_wait": 32.716732100003554,
      "max_wait": 52.18343770000567,
      "throughput": 36.79992640015303,
      "avg_queue": 11.908333333333333,
      "max_queue": 24,
      "queues": [
        7,
        1,
        11,
        3
      ],
      "crossed": 184,
      "spawned": 206,
      "external_spawned": 139,
      "transferred_in": 67,
      "exited_world": 126,
      "red_light_violations": 0,
      "fairness": 0.6722222222222223,
      "iid": 0
    },
    {
      "avg_wait": 13.893126170922844,
      "avg_wait_right": 15.078866136505027,
      "avg_wait_down": 11.750393871110049,
      "avg_wait_left": 11.809483078374793,
      "avg_wait_up": 15.098200928046946,
      "p95_wait": 35.116736900003815,
      "max_wait": 61.30012260000666,
      "throughput": 42.199915600175494,
      "avg_queue": 13.641666666666667,
      "max_queue": 29,
      "queues": [
        4,
        3,
        3,
        6
      ],
      "crossed": 211,
      "spawned": 227,
      "external_spawned": 165,
      "transferred_in": 62,
      "exited_world": 135,
      "red_light_violations": 0,
      "fairness": 0.9142857142857143,
      "iid": 1
    },
    {
      "avg_wait": 13.734617083917433,
      "avg_wait_right": 10.598408293548466,
      "avg_wait_down": 16.530191790472156,
      "avg_wait_left": 14.596933955712792,
      "avg_wait_up": 9.755733797140726,
      "p95_wait": 34.81673630000378,
      "max_wait": 62.33345799998551,
      "throughput": 36.79992640015303,
      "avg_queue": 11.14,
      "max_queue": 26,
      "queues": [
        3,
        4,
        6,
        2
      ],
      "crossed": 184,
      "spawned": 199,
      "external_spawned": 142,
      "transferred_in": 57,
      "exited_world": 120,
      "red_light_violations": 0,
      "fairness": 0.8653846153846154,
      "iid": 2
    },
    {
      "avg_wait": 15.122277604974782,
      "avg_wait_right": 13.57055854202752,
      "avg_wait_down": 17.269617872495523,
      "avg_wait_left": 15.025836503224387,
      "avg_wait_up": 13.616693899998289,
      "p95_wait": 40.90008180000444,
      "max_wait": 54.866776399997434,
      "throughput": 40.79991840016967,
      "avg_queue": 14.115,
      "max_queue": 24,
      "queues": [
        4,
        8,
        3,
        2
      ],
      "crossed": 204,
      "spawned": 221,
      "external_spawned": 154,
      "transferred_in": 67,
      "exited_world": 137,
      "red_light_violations": 0,
      "fairness": 0.7768817204301075,
      "iid": 3
    }
  ],
  "overall": {
    "avg_wait": 14.233649038617974,
    "avg_wait_right": 13.378877141548363,
    "avg_wait_down": 14.916585719351051,
    "avg_wait_left": 13.835625894994077,
    "avg_wait_up": 13.237689271967634,
    "p95_wait": 35.8875717750039,
    "throughput": 156.59968680065123,
    "avg_queue": 12.70125,
    "fairness": 0.8071935680806649,
    "crossed": 783,
    "spawned": 853,
    "external_spawned": 600,
    "transferred_in": 253,
    "exited_world": 518,
    "red_light_violations": 0
  }
}