{
  "mode": "rl",
  "seed": 50,
  "spawn_rate": 2.0,
  "duration_s": 180.00036000001444,
  "fixed_dt_s": 0.0166667,
  "rl": {
    "model_path": "models\\epoch_snapshots\\final_final_results_train10\\epoch_004.json",
    "training": false,
    "epsilon": 0.02,
    "updates": 0,
    "state_profile": "fine",
    "state_table_size": 9216
  },
  "neural": {
    "model_path": "models/neural_hybrid.pt",
    "collect_data": false,
    "data_path": "data/neural/greedy_data.csv",
    "teacher_policy": "greedy"
  },
  "intersections": [
    {
      "avg_wait": 14.88817792444578,
      "avg_wait_right": 6.271441114286206,
      "avg_wait_down": 13.885583326667843,
      "avg_wait_left": 21.265808297299344,
      "avg_wait_up": 15.772531545001385,
      "p95_wait": 35.583404500003866,
      "max_wait": 59.133451600006424,
      "throughput": 38.6665893334849,
      "avg_queue": 12.025,
      "max_queue": 25,
      "queues": [
        5,
        4,
        4,
        6
      ],
      "crossed": 116,
      "spawned": 135,
      "external_spawned": 95,
      "transferred_in": 40,
      "exited_world": 65,
      "red_light_violations": 0,
      "fairness": 0.9704301075268817,
      "iid": 0
    },
    {
      "avg_wait": 14.482857248486113,
      "avg_wait_right": 10.155702129546425,
      "avg_wait_down": 12.008357350000994,
      "avg_wait_left": 20.5950411900021,
      "avg_wait_up": 17.637336861906107,
      "p95_wait": 39.15007830000425,
      "max_wait": 53.200106400004884,
      "throughput": 37.66659133348098,
      "avg_queue": 13.330555555555556,
      "max_queue": 23,
      "queues": [
        5,
        5,
        0,
        9
      ],
      "crossed": 113,
      "spawned": 132,
      "external_spawned": 95,
      "transferred_in": 37,
      "exited_world": 72,
      "red_light_violations": 0,
      "fairness": 0.6889312977099237,
      "iid": 1
    },
    {
      "avg_wait": 12.642166205692238,
      "avg_wait_right": 8.842239906667583,
      "avg_wait_down": 12.350403488637433,
      "avg_wait_left": 14.984196635001563,
      "avg_wait_up": 11.648634408334246,
      "p95_wait": 30.166727000003277,
      "max_wait": 39.85007970000433,
      "throughput": 37.33325866681301,
      "avg_queue": 10.45,
      "max_queue": 20,
      "queues": [
        1,
        5,
        3,
        2
      ],
      "crossed": 112,
      "spawned": 123,
      "external_spawned": 89,
      "transferred_in": 34,
      "exited_world": 76,
      "red_light_violations": 0,
      "fairness": 0.7756410256410257,
      "iid": 2
    },
    {
      "avg_wait": 11.777897118966655,
      "avg_wait_right": 8.685801685295006,
      "avg_wait_down": 13.734471913334573,
      "avg_wait_left": 13.501878855556978,
      "avg_wait_up": 11.043881736843176,
      "p95_wait": 29.983393300003257,
      "max_wait": 38.20007640000415,
      "throughput": 35.33326266680517,
      "avg_queue": 9.319444444444445,
      "max_queue": 19,
      "queues": [
        2,
        6,
        2,
        0
      ],
      "crossed": 106,
      "spawned": 116,
      "external_spawned": 81,
      "transferred_in": 35,
      "exited_world": 71,
      "red_light_violations": 0,
      "fairness": 0.5681818181818182,
      "iid": 3
    }
  ],
  "overall": {
    "avg_wait": 13.447774624397695,
    "avg_wait_right": 8.488796208948806,
    "avg_wait_down": 12.994704019660212,
    "avg_wait_left": 17.586731244464996,
    "avg_wait_up": 14.025596138021228,
    "p95_wait": 33.72090077500366,
    "throughput": 148.99970200058405,
    "avg_queue": 11.28125,
    "fairness": 0.7507960622649124,
    "crossed": 447,
    "spawned": 506,
    "external_spawned": 360,
    "transferred_in": 146,
    "exited_world": 284,
    "red_light_violations": 0
  }
}