{
  "mode": "rl",
  "seed": 45,
  "spawn_rate": 2.0,
  "duration_s": 300.00059999995244,
  "fixed_dt_s": 0.0166667,
  "rl": {
    "model_path": "models/studies/final_final_results_train10/shared_qtable.json",
    "training": true,
    "epsilon": 0.02,
    "updates": 210,
    "state_profile": "fine",
    "state_table_size": 9216
  },
  "neural": {
    "model_path": "models/neural_hybrid.pt",
    "collect_data": false,
    "data_path": "data/neural/greedy_data.csv",
    "teacher_policy": "greedy"
  },
  "intersections": [
    {
      "avg_wait": 14.766306791120337,
      "avg_wait_right": 9.983740897672545,
      "avg_wait_down": 16.26336585999757,
      "avg_wait_left": 15.548840621428342,
      "avg_wait_up": 16.257956013113873,
      "p95_wait": 42.766752200004646,
      "max_wait": 62.05012410000674,
      "throughput": 40.59991880016883,
      "avg_queue": 13.265,
      "max_queue": 27,
      "queues": [
        5,
        0,
        3,
        3
      ],
      "crossed": 203,
      "spawned": 214,
      "external_spawned": 145,
      "transferred_in": 69,
      "exited_world": 123,
      "red_light_violations": 0,
      "fairness": 0.7034883720930233,
      "iid": 0
    },
    {
      "avg_wait": 15.85870137354083,
      "avg_wait_right": 24.781692075360475,
      "avg_wait_down": 18.15512890277729,
      "avg_wait_left": 6.61061928181615,
      "avg_wait_up": 11.920294110808646,
      "p95_wait": 49.08343150000533,
      "max_wait": 73.00014600000793,
      "throughput": 40.9999180001705,
      "avg_queue": 14.798333333333334,
      "max_queue": 28,
      "queues": [
        1,
        3,
        7,
        7
      ],
      "crossed": 205,
      "spawned": 223,
      "external_spawned": 149,
      "transferred_in": 74,
      "exited_world": 133,
      "red_light_violations": 0,
      "fairness": 0.75,
      "iid": 1
    },
    {
      "avg_wait": 16.65336663999827,
      "avg_wait_right": 10.775871891835251,
      "avg_wait_down": 19.98697691080864,
      "avg_wait_left": 17.406658744869635,
      "avg_wait_up": 16.1402283588234,
      "p95_wait": 46.41675950000504,
      "max_wait": 68.78347090000747,
      "throughput": 43.59991280018131,
      "avg_queue": 14.978333333333333,
      "max_queue": 27,
      "queues": [
        6,
        5,
        4,
        2
      ],
      "crossed": 218,
      "spawned": 235,
      "external_spawned": 161,
      "transferred_in": 74,
      "exited_world": 141,
      "red_light_violations": 0,
      "fairness": 0.8919753086419753,
      "iid": 2
    },
    {
      "avg_wait": 16.319112577825077,
      "avg_wait_right": 18.30460281917677,
      "avg_wait_down": 18.6232695696928,
      "avg_wait_left": 16.09421823488009,
      "avg_wait_up": 8.951299953842797,
      "p95_wait": 38.6334106000042,
      "max_wait": 69.35013870000753,
      "throughput": 40.79991840016967,
      "avg_queue": 13.86,
      "max_queue": 27,
      "queues": [
        6,
        4,
        6,
        1
      ],
      "crossed": 204,
      "spawned": 221,
      "external_spawned": 145,
      "transferred_in": 76,
      "exited_world": 129,
      "red_light_violations": 0,
      "fairness": 0.8117977528089888,
      "iid": 3
    }
  ],
  "overall": {
    "avg_wait": 15.899371845621129,
    "avg_wait_right": 15.96147692101126,
    "avg_wait_down": 18.257185310819075,
    "avg_wait_left": 13.915084220748554,
    "avg_wait_up": 13.317444609147179,
    "p95_wait": 44.225088450004804,
    "throughput": 165.99966800069032,
    "avg_queue": 14.225416666666668,
    "fairness": 0.7893153583859969,
    "crossed": 830,
    "spawned": 893,
    "external_spawned": 600,
    "transferred_in": 293,
    "exited_world": 526,
    "red_light_violations": 0
  }
}