{
  "mode": "greedy",
  "seed": 43,
  "spawn_rate": 1.0,
  "duration_s": 180.00036000001444,
  "fixed_dt_s": 0.0166667,
  "rl": {
    "model_path": "models/rl_qtable.json",
    "training": false,
    "epsilon": null,
    "updates": 0
  },
  "neural": {
    "model_path": "models/neural_greedy.pt",
    "collect_data": false,
    "data_path": "data/neural/greedy_data.csv"
  },
  "intersections": [
    {
      "avg_wait": 25.77729514423339,
      "avg_wait_right": 20.418222654547673,
      "avg_wait_down": 25.007625772729988,
      "avg_wait_left": 23.64318454117874,
      "avg_wait_up": 33.75391366154179,
      "p95_wait": 75.95015190000825,
      "max_wait": 79.30015860000861,
      "throughput": 14.999970000058797,
      "avg_queue": 7.366666666666666,
      "max_queue": 17,
      "queues": [
        1,
        0,
        4,
        2
      ],
      "crossed": 45,
      "spawned": 52,
      "external_spawned": 38,
      "transferred_in": 14,
      "exited_world": 24,
      "red_light_violations": 0,
      "fairness": 0.5833333333333334,
      "iid": 0
    },
    {
      "avg_wait": 24.102964872502447,
      "avg_wait_right": 22.61350676538697,
      "avg_wait_down": 31.5278408333366,
      "avg_wait_left": 28.09068118125292,
      "avg_wait_up": 18.170326195653857,
      "p95_wait": 74.48348230000735,
      "max_wait": 90.1668470000098,
      "throughput": 19.33329466674245,
      "avg_queue": 10.755555555555556,
      "max_queue": 23,
      "queues": [
        6,
        6,
        9,
        1
      ],
      "crossed": 58,
      "spawned": 80,
      "external_spawned": 59,
      "transferred_in": 21,
      "exited_world": 42,
      "red_light_violations": 0,
      "fairness": 0.7857142857142857,
      "iid": 1
    },
    {
      "avg_wait": 22.35434578387316,
      "avg_wait_right": 9.325018650000539,
      "avg_wait_down": 20.836580134617524,
      "avg_wait_left": 31.626729920003008,
      "avg_wait_up": 25.14247452727542,
      "p95_wait": 66.38346610000721,
      "max_wait": 83.46683360000907,
      "throughput": 16.33330066673069,
      "avg_queue": 6.933333333333334,
      "max_queue": 17,
      "queues": [
        2,
        7,
        0,
        4
      ],
      "crossed": 49,
      "spawned": 62,
      "external_spawned": 45,
      "transferred_in": 17,
      "exited_world": 28,
      "red_light_violations": 0,
      "fairness": 0.6123188405797102,
      "iid": 2
    },
    {
      "avg_wait": 21.246406129092883,
      "avg_wait_right": 17.30836795000152,
      "avg_wait_down": 26.102433157145377,
      "avg_wait_left": 25.31909825714561,
      "avg_wait_up": 15.450030900001163,
      "p95_wait": 79.55015910000864,
      "max_wait": 90.81684830000827,
      "throughput": 16.66663333339866,
      "avg_queue": 5.95,
      "max_queue": 16,
      "queues": [
        1,
        1,
        1,
        2
      ],
      "crossed": 50,
      "spawned": 55,
      "external_spawned": 38,
      "transferred_in": 17,
      "exited_world": 28,
      "red_light_violations": 0,
      "fairness": 0.8928571428571429,
      "iid": 3
    }
  ],
  "overall": {
    "avg_wait": 23.37025298242547,
    "avg_wait_right": 17.416279004984176,
    "avg_wait_down": 25.868619974457374,
    "avg_wait_left": 27.169923474895068,
    "avg_wait_up": 23.129186321118056,
    "p95_wait": 74.09181485000786,
    "throughput": 67.3331986669306,
    "avg_queue": 7.751388888888889,
    "fairness": 0.7185559006211181,
    "crossed": 202,
    "spawned": 249,
    "external_spawned": 180,
    "transferred_in": 69,
    "exited_world": 122,
    "red_light_violations": 0
  }
}