{
  "mode": "rl",
  "seed": 58,
  "spawn_rate": 3.0,
  "duration_s": 180.00036000001444,
  "fixed_dt_s": 0.0166667,
  "rl": {
    "model_path": "models/rl_best_pres2_sw0p10_ws12_20260313.json",
    "training": false,
    "epsilon": 0.05433586579147187,
    "updates": 0
  },
  "neural": {
    "model_path": "models/neural_hybrid.pt",
    "collect_data": false,
    "data_path": "data/neural/greedy_data.csv",
    "teacher_policy": "greedy"
  },
  "intersections": [
    {
      "avg_wait": 15.045082173438905,
      "avg_wait_right": 12.22583090322696,
      "avg_wait_down": 16.039555888572913,
      "avg_wait_left": 14.309372053031682,
      "avg_wait_up": 16.730866795001518,
      "p95_wait": 38.616743900004195,
      "max_wait": 49.28343190000106,
      "throughput": 56.33322066688748,
      "avg_queue": 18.758333333333333,
      "max_queue": 31,
      "queues": [
        6,
        5,
        9,
        3
      ],
      "crossed": 169,
      "spawned": 192,
      "external_spawned": 134,
      "transferred_in": 58,
      "exited_world": 110,
      "red_light_violations": 0,
      "fairness": 0.8758278145695364,
      "iid": 0
    },
    {
      "avg_wait": 12.807803393334463,
      "avg_wait_right": 12.051019126866793,
      "avg_wait_down": 13.086692840001135,
      "avg_wait_left": 14.392763828206515,
      "avg_wait_up": 12.498790429630587,
      "p95_wait": 32.95006590000358,
      "max_wait": 49.383432100005365,
      "throughput": 51.999896000203826,
      "avg_queue": 17.475,
      "max_queue": 29,
      "queues": [
        3,
        3,
        8,
        10
      ],
      "crossed": 156,
      "spawned": 180,
      "external_spawned": 135,
      "transferred_in": 45,
      "exited_world": 107,
      "red_light_violations": 0,
      "fairness": 0.7912087912087912,
      "iid": 1
    },
    {
      "avg_wait": 16.276302393811108,
      "avg_wait_right": 11.882906648649806,
      "avg_wait_down": 20.371682534330343,
      "avg_wait_left": 15.876012144119192,
      "avg_wait_up": 14.049589502632925,
      "p95_wait": 39.66674600000431,
      "max_wait": 61.95012390000673,
      "throughput": 55.666555333551536,
      "avg_queue": 22.744444444444444,
      "max_queue": 46,
      "queues": [
        8,
        16,
        8,
        11
      ],
      "crossed": 167,
      "spawned": 210,
      "external_spawned": 147,
      "transferred_in": 63,
      "exited_world": 105,
      "red_light_violations": 0,
      "fairness": 0.9153465346534654,
      "iid": 2
    },
    {
      "avg_wait": 11.792082407648136,
      "avg_wait_right": 15.671018996297848,
      "avg_wait_down": 11.056940352831031,
      "avg_wait_left": 8.844315934211343,
      "avg_wait_up": 9.452685572000949,
      "p95_wait": 29.90005980000325,
      "max_wait": 45.066756800004896,
      "throughput": 48.666569333524095,
      "avg_queue": 13.919444444444444,
      "max_queue": 24,
      "queues": [
        12,
        2,
        5,
        5
      ],
      "crossed": 146,
      "spawned": 170,
      "external_spawned": 124,
      "transferred_in": 46,
      "exited_world": 89,
      "red_light_violations": 0,
      "fairness": 0.7272727272727273,
      "iid": 3
    }
  ],
  "overall": {
    "avg_wait": 13.980317592058153,
    "avg_wait_right": 12.957693918760352,
    "avg_wait_down": 15.138717903933856,
    "avg_wait_left": 13.355615989892183,
    "avg_wait_up": 13.182983074816494,
    "p95_wait": 35.28340390000383,
    "throughput": 212.66624133416693,
    "avg_queue": 18.224305555555556,
    "fairness": 0.82741396692613,
    "crossed": 638,
    "spawned": 752,
    "external_spawned": 540,
    "transferred_in": 212,
    "exited_world": 411,
    "red_light_violations": 0
  }
}