{
  "mode": "greedy",
  "seed": 45,
  "spawn_rate": 1.0,
  "duration_s": 180.00000000003539,
  "fixed_dt_s": 0.016666666666666666,
  "rl": {
    "model_path": "models/rl_qtable.json",
    "training": false,
    "epsilon": null,
    "updates": 0
  },
  "neural": {
    "model_path": "models/neural_greedy.pt",
    "collect_data": false,
    "data_path": "data/neural/greedy_data.csv"
  },
  "intersections": [
    {
      "avg_wait": 25.999019607849462,
      "avg_wait_right": 22.47121212121798,
      "avg_wait_down": 24.417948717955717,
      "avg_wait_left": 24.141975308653038,
      "avg_wait_up": 32.440196078429956,
      "p95_wait": 71.31666666669824,
      "max_wait": 86.21666666666178,
      "throughput": 17.666666666663193,
      "avg_queue": 8.410919540229886,
      "max_queue": 18,
      "queues": [
        1,
        1,
        12,
        1
      ],
      "crossed": 53,
      "spawned": 68,
      "external_spawned": 45,
      "transferred_in": 23,
      "exited_world": 31,
      "red_light_violations": 0,
      "fairness": 0.3826530612244898,
      "iid": 0
    },
    {
      "avg_wait": 20.549253731349935,
      "avg_wait_right": 24.073809523812393,
      "avg_wait_down": 20.29871794872963,
      "avg_wait_left": 18.770370370378323,
      "avg_wait_up": 19.90984848485351,
      "p95_wait": 62.51666666667333,
      "max_wait": 74.51666666667776,
      "throughput": 18.333333333329726,
      "avg_queue": 7.32183908045977,
      "max_queue": 18,
      "queues": [
        3,
        6,
        1,
        2
      ],
      "crossed": 55,
      "spawned": 67,
      "external_spawned": 53,
      "transferred_in": 14,
      "exited_world": 31,
      "red_light_violations": 0,
      "fairness": 0.72,
      "iid": 1
    },
    {
      "avg_wait": 24.124590163939512,
      "avg_wait_right": 19.90740740741235,
      "avg_wait_down": 21.63827160494324,
      "avg_wait_left": 29.619230769235948,
      "avg_wait_up": 26.92916666667203,
      "p95_wait": 62.766666666663106,
      "max_wait": 76.83333333335325,
      "throughput": 15.999999999996856,
      "avg_queue": 7.117816091954023,
      "max_queue": 15,
      "queues": [
        4,
        1,
        4,
        4
      ],
      "crossed": 48,
      "spawned": 61,
      "external_spawned": 46,
      "transferred_in": 15,
      "exited_world": 35,
      "red_light_violations": 0,
      "fairness": 0.8622448979591837,
      "iid": 2
    },
    {
      "avg_wait": 20.575347222226714,
      "avg_wait_right": 16.51929824561905,
      "avg_wait_down": 18.172222222224416,
      "avg_wait_left": 30.29047619048522,
      "avg_wait_up": 27.01904761905109,
      "p95_wait": 52.883333333340545,
      "max_wait": 62.51666666667333,
      "throughput": 14.666666666663783,
      "avg_queue": 5.689655172413793,
      "max_queue": 12,
      "queues": [
        1,
        3,
        0,
        0
      ],
      "crossed": 44,
      "spawned": 48,
      "external_spawned": 36,
      "transferred_in": 12,
      "exited_world": 30,
      "red_light_violations": 0,
      "fairness": 0.4,
      "iid": 3
    }
  ],
  "overall": {
    "avg_wait": 22.812052681341406,
    "avg_wait_right": 20.742931824515445,
    "avg_wait_down": 21.13179012346325,
    "avg_wait_left": 25.70551315968813,
    "avg_wait_up": 26.574564712251647,
    "p95_wait": 62.3708333333438,
    "throughput": 66.66666666665355,
    "avg_queue": 7.135057471264368,
    "fairness": 0.5912244897959184,
    "crossed": 200,
    "spawned": 244,
    "external_spawned": 180,
    "transferred_in": 64,
    "exited_world": 127,
    "red_light_violations": 0
  }
}