{
  "mode": "rl",
  "seed": 46,
  "spawn_rate": 2.0,
  "duration_s": 300.00059999995244,
  "fixed_dt_s": 0.0166667,
  "rl": {
    "model_path": "models/studies/final_final_results_train10/shared_qtable.json",
    "training": true,
    "epsilon": 0.02,
    "updates": 211,
    "state_profile": "fine",
    "state_table_size": 9216
  },
  "neural": {
    "model_path": "models/neural_hybrid.pt",
    "collect_data": false,
    "data_path": "data/neural/greedy_data.csv",
    "teacher_policy": "greedy"
  },
  "intersections": [
    {
      "avg_wait": 14.437311654975089,
      "avg_wait_right": 14.534003426921076,
      "avg_wait_down": 12.844143335291076,
      "avg_wait_left": 12.945746612161113,
      "avg_wait_up": 16.541591524675024,
      "p95_wait": 35.933405200003904,
      "max_wait": 46.633426600005066,
      "throughput": 38.59992280016052,
      "avg_queue": 13.491666666666667,
      "max_queue": 22,
      "queues": [
        3,
        4,
        9,
        2
      ],
      "crossed": 193,
      "spawned": 211,
      "external_spawned": 152,
      "transferred_in": 59,
      "exited_world": 140,
      "red_light_violations": 0,
      "fairness": 0.7363636363636363,
      "iid": 0
    },
    {
      "avg_wait": 16.05642369853993,
      "avg_wait_right": 20.236822082752983,
      "avg_wait_down": 11.06634866326467,
      "avg_wait_left": 10.805577166666307,
      "avg_wait_up": 18.712916213630244,
      "p95_wait": 49.26676519997463,
      "max_wait": 69.38347209996832,
      "throughput": 38.399923200159684,
      "avg_queue": 13.651666666666667,
      "max_queue": 27,
      "queues": [
        8,
        3,
        2,
        1
      ],
      "crossed": 192,
      "spawned": 206,
      "external_spawned": 149,
      "transferred_in": 57,
      "exited_world": 115,
      "red_light_violations": 0,
      "fairness": 0.6282051282051282,
      "iid": 1
    },
    {
      "avg_wait": 15.55385224585119,
      "avg_wait_right": 17.156094918173938,
      "avg_wait_down": 17.07175131514829,
      "avg_wait_left": 15.989162413044422,
      "avg_wait_up": 10.605426616213556,
      "p95_wait": 45.600091200004954,
      "max_wait": 56.83344700000428,
      "throughput": 36.79992640015303,
      "avg_queue": 12.485,
      "max_queue": 26,
      "queues": [
        3,
        8,
        1,
        9
      ],
      "crossed": 184,
      "spawned": 205,
      "external_spawned": 141,
      "transferred_in": 64,
      "exited_world": 123,
      "red_light_violations": 0,
      "fairness": 0.7112903225806452,
      "iid": 2
    },
    {
      "avg_wait": 15.92923475695301,
      "avg_wait_right": 17.43977846922394,
      "avg_wait_down": 16.76774186874929,
      "avg_wait_left": 15.350030699994674,
      "avg_wait_up": 12.374811074357385,
      "p95_wait": 39.266745200004266,
      "max_wait": 50.500101000005486,
      "throughput": 41.59991680017299,
      "avg_queue": 14.718333333333334,
      "max_queue": 27,
      "queues": [
        8,
        4,
        5,
        5
      ],
      "crossed": 208,
      "spawned": 230,
      "external_spawned": 158,
      "transferred_in": 72,
      "exited_world": 133,
      "red_light_violations": 0,
      "fairness": 0.9307692307692308,
      "iid": 3
    }
  ],
  "overall": {
    "avg_wait": 15.494205589079804,
    "avg_wait_right": 17.341674724267985,
    "avg_wait_down": 14.437496295613332,
    "avg_wait_left": 13.772629222966629,
    "avg_wait_up": 14.558686357219052,
    "p95_wait": 42.51675169999694,
    "throughput": 155.39968920064624,
    "avg_queue": 13.586666666666666,
    "fairness": 0.7516570794796601,
    "crossed": 777,
    "spawned": 852,
    "external_spawned": 600,
    "transferred_in": 252,
    "exited_world": 511,
    "red_light_violations": 0
  }
}