{
  "mode": "rl",
  "seed": 41,
  "spawn_rate": 2.0,
  "duration_s": 300.00059999995244,
  "fixed_dt_s": 0.0166667,
  "rl": {
    "model_path": "models/studies/final_final_results_train10/shared_qtable.json",
    "training": true,
    "epsilon": 0.02,
    "updates": 213,
    "state_profile": "fine",
    "state_table_size": 9216
  },
  "neural": {
    "model_path": "models/neural_hybrid.pt",
    "collect_data": false,
    "data_path": "data/neural/greedy_data.csv",
    "teacher_policy": "greedy"
  },
  "intersections": [
    {
      "avg_wait": 16.631530438133368,
      "avg_wait_right": 15.518825363826416,
      "avg_wait_down": 12.429822839390743,
      "avg_wait_left": 18.62324399746706,
      "avg_wait_up": 17.06799950389404,
      "p95_wait": 39.250078500004264,
      "max_wait": 84.31683530000916,
      "throughput": 41.79991640017383,
      "avg_queue": 15.731666666666667,
      "max_queue": 31,
      "queues": [
        8,
        5,
        6,
        8
      ],
      "crossed": 209,
      "spawned": 236,
      "external_spawned": 161,
      "transferred_in": 75,
      "exited_world": 140,
      "red_light_violations": 0,
      "fairness": 0.9642857142857143,
      "iid": 0
    },
    {
      "avg_wait": 19.533682478137237,
      "avg_wait_right": 23.529326337835016,
      "avg_wait_down": 17.651484578257598,
      "avg_wait_left": 16.521884895554077,
      "avg_wait_up": 17.93291257808023,
      "p95_wait": 51.116768900003294,
      "max_wait": 67.1501343000073,
      "throughput": 40.59991880016883,
      "avg_queue": 15.936666666666667,
      "max_queue": 33,
      "queues": [
        2,
        1,
        1,
        8
      ],
      "crossed": 203,
      "spawned": 215,
      "external_spawned": 137,
      "transferred_in": 78,
      "exited_world": 131,
      "red_light_violations": 0,
      "fairness": 0.5142857142857142,
      "iid": 1
    },
    {
      "avg_wait": 15.578183142484093,
      "avg_wait_right": 17.077194648143397,
      "avg_wait_down": 13.84421960757331,
      "avg_wait_left": 19.701019794114536,
      "avg_wait_up": 9.128664090622857,
      "p95_wait": 42.45008490000461,
      "max_wait": 68.11680289998205,
      "throughput": 34.99993000014555,
      "avg_queue": 11.443333333333333,
      "max_queue": 27,
      "queues": [
        4,
        3,
        10,
        1
      ],
      "crossed": 175,
      "spawned": 193,
      "external_spawned": 132,
      "transferred_in": 61,
      "exited_world": 118,
      "red_light_violations": 0,
      "fairness": 0.6428571428571429,
      "iid": 2
    },
    {
      "avg_wait": 14.240493597206488,
      "avg_wait_right": 16.317638269011127,
      "avg_wait_down": 15.872852258458293,
      "avg_wait_left": 14.465379807889866,
      "avg_wait_up": 7.847170165853685,
      "p95_wait": 46.066758800005005,
      "max_wait": 63.08345950000685,
      "throughput": 39.59992080016468,
      "avg_queue": 13.46,
      "max_queue": 25,
      "queues": [
        9,
        2,
        4,
        2
      ],
      "crossed": 198,
      "spawned": 215,
      "external_spawned": 170,
      "transferred_in": 45,
      "exited_world": 117,
      "red_light_violations": 0,
      "fairness": 0.6880952380952381,
      "iid": 3
    }
  ],
  "overall": {
    "avg_wait": 16.495972413990295,
    "avg_wait_right": 18.11074615470399,
    "avg_wait_down": 14.949594820919986,
    "avg_wait_left": 17.327882123756385,
    "avg_wait_up": 12.994186584612702,
    "p95_wait": 44.7209227750043,
    "throughput": 156.9996860006529,
    "avg_queue": 14.142916666666668,
    "fairness": 0.7023809523809523,
    "crossed": 785,
    "spawned": 859,
    "external_spawned": 600,
    "transferred_in": 259,
    "exited_world": 506,
    "red_light_violations": 0
  }
}