{
  "mode": "fixed",
  "seed": 52,
  "spawn_rate": 2.0,
  "duration_s": 180.00036000001444,
  "fixed_dt_s": 0.0166667,
  "rl": {
    "model_path": "models/rl_qtable.json",
    "training": false,
    "epsilon": null,
    "updates": 0,
    "state_profile": "default",
    "state_table_size": 4096
  },
  "neural": {
    "model_path": "models/neural_hybrid.pt",
    "collect_data": false,
    "data_path": "data/neural/greedy_data.csv",
    "teacher_policy": "greedy"
  },
  "intersections": [
    {
      "avg_wait": 16.0205448615399,
      "avg_wait_right": 9.619317484211233,
      "avg_wait_down": 8.22844782941182,
      "avg_wait_left": 16.688439173914695,
      "avg_wait_up": 20.673999681252024,
      "p95_wait": 36.25007250000394,
      "max_wait": 46.000092000005,
      "throughput": 37.66659133348098,
      "avg_queue": 12.544444444444444,
      "max_queue": 19,
      "queues": [
        0,
        1,
        11,
        5
      ],
      "crossed": 113,
      "spawned": 130,
      "external_spawned": 82,
      "transferred_in": 48,
      "exited_world": 78,
      "red_light_violations": 0,
      "fairness": 0.4914965986394558,
      "iid": 0
    },
    {
      "avg_wait": 13.598977329135106,
      "avg_wait_right": 14.903363140001249,
      "avg_wait_down": 9.263907416667545,
      "avg_wait_left": 9.704340396297118,
      "avg_wait_up": 19.014799934287606,
      "p95_wait": 31.333396000003404,
      "max_wait": 37.91674250000412,
      "throughput": 35.99992800014111,
      "avg_queue": 11.480555555555556,
      "max_queue": 19,
      "queues": [
        5,
        2,
        7,
        5
      ],
      "crossed": 108,
      "spawned": 127,
      "external_spawned": 90,
      "transferred_in": 37,
      "exited_world": 60,
      "red_light_violations": 0,
      "fairness": 0.8762135922330098,
      "iid": 1
    },
    {
      "avg_wait": 14.280836642425461,
      "avg_wait_right": 9.814931910527209,
      "avg_wait_down": 19.740637771796475,
      "avg_wait_left": 14.21628859512313,
      "avg_wait_up": 10.479818939394944,
      "p95_wait": 33.66673400000366,
      "max_wait": 50.70010140000293,
      "throughput": 38.33325666681692,
      "avg_queue": 13.322222222222223,
      "max_queue": 20,
      "queues": [
        2,
        4,
        6,
        5
      ],
      "crossed": 115,
      "spawned": 132,
      "external_spawned": 96,
      "transferred_in": 36,
      "exited_world": 69,
      "red_light_violations": 0,
      "fairness": 0.8919753086419753,
      "iid": 2
    },
    {
      "avg_wait": 15.161222536497775,
      "avg_wait_right": 13.705330440910325,
      "avg_wait_down": 22.595230375557684,
      "avg_wait_left": 8.57468381600084,
      "avg_wait_up": 10.560890686957551,
      "p95_wait": 34.9500699000038,
      "max_wait": 48.63343060000528,
      "throughput": 38.6665893334849,
      "avg_queue": 13.480555555555556,
      "max_queue": 22,
      "queues": [
        7,
        4,
        5,
        5
      ],
      "crossed": 116,
      "spawned": 137,
      "external_spawned": 92,
      "transferred_in": 45,
      "exited_world": 77,
      "red_light_violations": 0,
      "fairness": 0.9586956521739131,
      "iid": 3
    }
  ],
  "overall": {
    "avg_wait": 14.765395342399561,
    "avg_wait_right": 12.010735743912504,
    "avg_wait_down": 14.957055848358381,
    "avg_wait_left": 12.295937995333945,
    "avg_wait_up": 15.182377310473031,
    "p95_wait": 34.0500681000037,
    "throughput": 150.66636533392392,
    "avg_queue": 12.706944444444446,
    "fairness": 0.8045952879220885,
    "crossed": 452,
    "spawned": 526,
    "external_spawned": 360,
    "transferred_in": 166,
    "exited_world": 284,
    "red_light_violations": 0
  }
}