{
  "mode": "greedy",
  "seed": 29,
  "spawn_rate": 1.0,
  "duration_s": 300.0000000000558,
  "fixed_dt_s": 0.016666666666666666,
  "rl": {
    "model_path": "models/rl_qtable.json",
    "training": false,
    "epsilon": null,
    "updates": 0
  },
  "neural": {
    "model_path": "models/neural_greedy.pt",
    "collect_data": true,
    "data_path": "data/neural/hybrid_train.csv",
    "teacher_policy": "hybrid"
  },
  "intersections": [
    {
      "avg_wait": 32.358040935680805,
      "avg_wait_right": 27.933950617299544,
      "avg_wait_down": 23.084090909091717,
      "avg_wait_left": 28.520430107531663,
      "avg_wait_up": 45.371078431383076,
      "p95_wait": 82.79999999999531,
      "max_wait": 141.4500000000815,
      "throughput": 18.7999999999965,
      "avg_queue": 9.958620689655172,
      "max_queue": 26,
      "queues": [
        3,
        7,
        10,
        0
      ],
      "crossed": 94,
      "spawned": 114,
      "external_spawned": 78,
      "transferred_in": 36,
      "exited_world": 55,
      "red_light_violations": 0,
      "fairness": 0.6329113924050633,
      "iid": 0
    },
    {
      "avg_wait": 26.363036303640435,
      "avg_wait_right": 28.250000000015106,
      "avg_wait_down": 30.238235294124358,
      "avg_wait_left": 21.75701754386425,
      "avg_wait_up": 22.933333333339696,
      "p95_wait": 67.61666666672048,
      "max_wait": 80.85000000004996,
      "throughput": 18.7999999999965,
      "avg_queue": 7.95,
      "max_queue": 17,
      "queues": [
        2,
        3,
        2,
        0
      ],
      "crossed": 94,
      "spawned": 101,
      "external_spawned": 72,
      "transferred_in": 29,
      "exited_world": 61,
      "red_light_violations": 0,
      "fairness": 0.7205882352941176,
      "iid": 1
    },
    {
      "avg_wait": 40.26949404763152,
      "avg_wait_right": 51.20555555557658,
      "avg_wait_down": 35.458064516139835,
      "avg_wait_left": 36.9134920634977,
      "avg_wait_up": 44.71031746033875,
      "p95_wait": 94.10000000007486,
      "max_wait": 133.366666666729,
      "throughput": 20.399999999996204,
      "avg_queue": 13.867241379310345,
      "max_queue": 27,
      "queues": [
        3,
        4,
        1,
        2
      ],
      "crossed": 102,
      "spawned": 112,
      "external_spawned": 74,
      "transferred_in": 38,
      "exited_world": 67,
      "red_light_violations": 0,
      "fairness": 0.8333333333333334,
      "iid": 2
    },
    {
      "avg_wait": 34.55412698413743,
      "avg_wait_right": 43.20049019610158,
      "avg_wait_down": 30.150980392160623,
      "avg_wait_left": 28.552000000010988,
      "avg_wait_up": 35.03611111110341,
      "p95_wait": 89.4500000000319,
      "max_wait": 119.35000000006151,
      "throughput": 18.59999999999654,
      "avg_queue": 10.137931034482758,
      "max_queue": 22,
      "queues": [
        1,
        2,
        2,
        7
      ],
      "crossed": 93,
      "spawned": 105,
      "external_spawned": 76,
      "transferred_in": 29,
      "exited_world": 65,
      "red_light_violations": 0,
      "fairness": 0.6206896551724138,
      "iid": 3
    }
  ],
  "overall": {
    "avg_wait": 33.38617456777255,
    "avg_wait_right": 37.647499092248204,
    "avg_wait_down": 29.732842777879135,
    "avg_wait_left": 28.93573492872615,
    "avg_wait_up": 37.01271008404123,
    "p95_wait": 83.49166666670564,
    "throughput": 76.59999999998576,
    "avg_queue": 10.47844827586207,
    "fairness": 0.701880654051232,
    "crossed": 383,
    "spawned": 432,
    "external_spawned": 300,
    "transferred_in": 132,
    "exited_world": 248,
    "red_light_violations": 0
  }
}