{
  "mode": "rl",
  "seed": 47,
  "spawn_rate": 2.0,
  "duration_s": 300.00059999995244,
  "fixed_dt_s": 0.0166667,
  "rl": {
    "model_path": "models/studies/final_final_results_train10/shared_qtable.json",
    "training": true,
    "epsilon": 0.03420513723603964,
    "updates": 217,
    "state_profile": "fine",
    "state_table_size": 9216
  },
  "neural": {
    "model_path": "models/neural_hybrid.pt",
    "collect_data": false,
    "data_path": "data/neural/greedy_data.csv",
    "teacher_policy": "greedy"
  },
  "intersections": [
    {
      "avg_wait": 15.92714201158486,
      "avg_wait_right": 9.109601552497127,
      "avg_wait_down": 15.549197764994574,
      "avg_wait_left": 14.645439918839672,
      "avg_wait_up": 20.406390019043652,
      "p95_wait": 45.30009060000492,
      "max_wait": 79.1834917000086,
      "throughput": 41.59991680017299,
      "avg_queue": 15.176666666666666,
      "max_queue": 28,
      "queues": [
        1,
        1,
        10,
        13
      ],
      "crossed": 208,
      "spawned": 233,
      "external_spawned": 158,
      "transferred_in": 75,
      "exited_world": 130,
      "red_light_violations": 0,
      "fairness": 0.5765682656826568,
      "iid": 0
    },
    {
      "avg_wait": 15.956818855152184,
      "avg_wait_right": 16.766447674238492,
      "avg_wait_down": 12.981359295996377,
      "avg_wait_left": 10.932916602629392,
      "avg_wait_up": 19.21619227846088,
      "p95_wait": 41.98341730000456,
      "max_wait": 60.65012130000659,
      "throughput": 35.9999280001497,
      "avg_queue": 11.901666666666667,
      "max_queue": 21,
      "queues": [
        10,
        1,
        1,
        2
      ],
      "crossed": 180,
      "spawned": 194,
      "external_spawned": 128,
      "transferred_in": 66,
      "exited_world": 119,
      "red_light_violations": 0,
      "fairness": 0.46226415094339623,
      "iid": 1
    },
    {
      "avg_wait": 17.643073260756225,
      "avg_wait_right": 17.470273035715824,
      "avg_wait_down": 20.452540904992183,
      "avg_wait_left": 18.26253652499807,
      "avg_wait_up": 11.599652828888212,
      "p95_wait": 47.166761000005124,
      "max_wait": 60.20012040000654,
      "throughput": 40.79991840016967,
      "avg_queue": 16.028333333333332,
      "max_queue": 33,
      "queues": [
        1,
        17,
        8,
        7
      ],
      "crossed": 204,
      "spawned": 237,
      "external_spawned": 163,
      "transferred_in": 74,
      "exited_world": 137,
      "red_light_violations": 0,
      "fairness": 0.6755583126550868,
      "iid": 2
    },
    {
      "avg_wait": 18.714787429497836,
      "avg_wait_right": 21.132245654237305,
      "avg_wait_down": 19.975701326978836,
      "avg_wait_left": 15.821826515384082,
      "avg_wait_up": 15.913707041023587,
      "p95_wait": 52.4501049000057,
      "max_wait": 86.5001730000094,
      "throughput": 37.999924000158025,
      "avg_queue": 15.136666666666667,
      "max_queue": 27,
      "queues": [
        3,
        3,
        4,
        0
      ],
      "crossed": 190,
      "spawned": 200,
      "external_spawned": 151,
      "transferred_in": 49,
      "exited_world": 116,
      "red_light_violations": 0,
      "fairness": 0.7352941176470589,
      "iid": 3
    }
  ],
  "overall": {
    "avg_wait": 17.060455389247775,
    "avg_wait_right": 16.119641979172187,
    "avg_wait_down": 17.239699823240493,
    "avg_wait_left": 14.915679890462805,
    "avg_wait_up": 16.783985541854083,
    "p95_wait": 46.725093450005076,
    "throughput": 156.3996872006504,
    "avg_queue": 14.560833333333333,
    "fairness": 0.6124212117320497,
    "crossed": 782,
    "spawned": 864,
    "external_spawned": 600,
    "transferred_in": 264,
    "exited_world": 502,
    "red_light_violations": 0
  }
}