{
  "mode": "rl",
  "seed": 46,
  "spawn_rate": 2.0,
  "duration_s": 300.00059999995244,
  "fixed_dt_s": 0.0166667,
  "rl": {
    "model_path": "models/studies/final_final_results_train10/shared_qtable.json",
    "training": true,
    "epsilon": 0.02,
    "updates": 216,
    "state_profile": "fine",
    "state_table_size": 9216
  },
  "neural": {
    "model_path": "models/neural_hybrid.pt",
    "collect_data": false,
    "data_path": "data/neural/greedy_data.csv",
    "teacher_policy": "greedy"
  },
  "intersections": [
    {
      "avg_wait": 16.32026481293278,
      "avg_wait_right": 14.868870317388478,
      "avg_wait_down": 15.673840871425995,
      "avg_wait_left": 15.594554998566771,
      "avg_wait_up": 17.783368899999598,
      "p95_wait": 38.48341030000418,
      "max_wait": 82.08349750000892,
      "throughput": 35.9999280001497,
      "avg_queue": 13.29,
      "max_queue": 24,
      "queues": [
        3,
        1,
        13,
        4
      ],
      "crossed": 180,
      "spawned": 201,
      "external_spawned": 139,
      "transferred_in": 62,
      "exited_world": 125,
      "red_light_violations": 0,
      "fairness": 0.5653846153846154,
      "iid": 0
    },
    {
      "avg_wait": 14.674301193202272,
      "avg_wait_right": 19.14756915925844,
      "avg_wait_down": 13.151652319509525,
      "avg_wait_left": 7.511126133331353,
      "avg_wait_up": 15.724253670665242,
      "p95_wait": 41.53341640000451,
      "max_wait": 64.33346200000699,
      "throughput": 37.39992520015553,
      "avg_queue": 12.71,
      "max_queue": 27,
      "queues": [
        3,
        8,
        4,
        4
      ],
      "crossed": 187,
      "spawned": 206,
      "external_spawned": 152,
      "transferred_in": 54,
      "exited_world": 115,
      "red_light_violations": 0,
      "fairness": 0.8595238095238096,
      "iid": 1
    },
    {
      "avg_wait": 16.408846920188992,
      "avg_wait_right": 15.646063038091592,
      "avg_wait_down": 18.241252698646694,
      "avg_wait_left": 13.516693699998346,
      "avg_wait_up": 19.273186694434983,
      "p95_wait": 44.1667550000048,
      "max_wait": 62.11679090000675,
      "throughput": 38.79992240016135,
      "avg_queue": 13.65,
      "max_queue": 24,
      "queues": [
        1,
        5,
        2,
        6
      ],
      "crossed": 194,
      "spawned": 208,
      "external_spawned": 134,
      "transferred_in": 74,
      "exited_world": 143,
      "red_light_violations": 0,
      "fairness": 0.7424242424242424,
      "iid": 2
    },
    {
      "avg_wait": 14.377733433770057,
      "avg_wait_right": 15.223559858820382,
      "avg_wait_down": 19.06780129341934,
      "avg_wait_left": 7.029559513636351,
      "avg_wait_up": 12.111690889997954,
      "p95_wait": 42.100084200004574,
      "max_wait": 63.566793800006906,
      "throughput": 41.39991720017216,
      "avg_queue": 14.911666666666667,
      "max_queue": 26,
      "queues": [
        6,
        5,
        4,
        6
      ],
      "crossed": 207,
      "spawned": 228,
      "external_spawned": 175,
      "transferred_in": 53,
      "exited_world": 133,
      "red_light_violations": 0,
      "fairness": 0.9756637168141593,
      "iid": 3
    }
  ],
  "overall": {
    "avg_wait": 15.445286590023525,
    "avg_wait_right": 16.22151559338972,
    "avg_wait_down": 16.53363679575039,
    "avg_wait_left": 10.912983586383206,
    "avg_wait_up": 16.223125038774445,
    "p95_wait": 41.570916475004516,
    "throughput": 153.59969280063873,
    "avg_queue": 13.640416666666667,
    "fairness": 0.7857490960367066,
    "crossed": 768,
    "spawned": 843,
    "external_spawned": 600,
    "transferred_in": 243,
    "exited_world": 516,
    "red_light_violations": 0
  }
}