{
  "mode": "rl",
  "seed": 41,
  "spawn_rate": 2.0,
  "duration_s": 300.00059999995244,
  "fixed_dt_s": 0.0166667,
  "rl": {
    "model_path": "models/studies/final_final_results_train10/shared_qtable.json",
    "training": true,
    "epsilon": 0.02,
    "updates": 215,
    "state_profile": "fine",
    "state_table_size": 9216
  },
  "neural": {
    "model_path": "models/neural_hybrid.pt",
    "collect_data": false,
    "data_path": "data/neural/greedy_data.csv",
    "teacher_policy": "greedy"
  },
  "intersections": [
    {
      "avg_wait": 14.905935960677004,
      "avg_wait_right": 10.583929213785495,
      "avg_wait_down": 15.62225346666763,
      "avg_wait_left": 17.82864262238551,
      "avg_wait_up": 13.683577150647045,
      "p95_wait": 40.96674860000445,
      "max_wait": 65.45013089993842,
      "throughput": 36.599926800152204,
      "avg_queue": 11.65,
      "max_queue": 24,
      "queues": [
        5,
        3,
        2,
        13
      ],
      "crossed": 183,
      "spawned": 206,
      "external_spawned": 136,
      "transferred_in": 70,
      "exited_world": 124,
      "red_light_violations": 0,
      "fairness": 0.6388888888888888,
      "iid": 0
    },
    {
      "avg_wait": 15.107420863345705,
      "avg_wait_right": 15.219702570487255,
      "avg_wait_down": 12.829700456097136,
      "avg_wait_left": 15.02951723845874,
      "avg_wait_up": 16.22711578749756,
      "p95_wait": 42.383418100004604,
      "max_wait": 55.93344520000608,
      "throughput": 39.399921200163845,
      "avg_queue": 14.016666666666667,
      "max_queue": 28,
      "queues": [
        8,
        3,
        5,
        8
      ],
      "crossed": 197,
      "spawned": 221,
      "external_spawned": 160,
      "transferred_in": 61,
      "exited_world": 119,
      "red_light_violations": 0,
      "fairness": 0.8888888888888888,
      "iid": 1
    },
    {
      "avg_wait": 18.888875698162437,
      "avg_wait_right": 16.33956756278946,
      "avg_wait_down": 20.375993132853754,
      "avg_wait_left": 22.819163285289537,
      "avg_wait_up": 11.814888494594957,
      "p95_wait": 56.50011300000614,
      "max_wait": 70.23347380000763,
      "throughput": 40.59991880016883,
      "avg_queue": 15.15,
      "max_queue": 31,
      "queues": [
        3,
        0,
        11,
        1
      ],
      "crossed": 203,
      "spawned": 218,
      "external_spawned": 152,
      "transferred_in": 66,
      "exited_world": 120,
      "red_light_violations": 0,
      "fairness": 0.42938931297709926,
      "iid": 2
    },
    {
      "avg_wait": 19.276777683910076,
      "avg_wait_right": 20.73337479999714,
      "avg_wait_down": 20.062600511589714,
      "avg_wait_left": 20.257764092682955,
      "avg_wait_up": 13.64827291052266,
      "p95_wait": 50.533434399945804,
      "max_wait": 68.48347030000744,
      "throughput": 41.99991600017466,
      "avg_queue": 16.571666666666665,
      "max_queue": 32,
      "queues": [
        13,
        1,
        5,
        1
      ],
      "crossed": 210,
      "spawned": 230,
      "external_spawned": 152,
      "transferred_in": 78,
      "exited_world": 135,
      "red_light_violations": 0,
      "fairness": 0.5102040816326531,
      "iid": 3
    }
  ],
  "overall": {
    "avg_wait": 17.044752551523807,
    "avg_wait_right": 15.719143536764838,
    "avg_wait_down": 17.222636891802058,
    "avg_wait_left": 18.983771809704184,
    "avg_wait_up": 13.843463585815556,
    "p95_wait": 47.59592852499025,
    "throughput": 158.59968280065954,
    "avg_queue": 14.347083333333334,
    "fairness": 0.6168427930968825,
    "crossed": 793,
    "spawned": 875,
    "external_spawned": 600,
    "transferred_in": 275,
    "exited_world": 498,
    "red_light_violations": 0
  }
}