{
  "mode": "rl",
  "seed": 48,
  "spawn_rate": 2.0,
  "duration_s": 180.00036000001444,
  "fixed_dt_s": 0.0166667,
  "rl": {
    "model_path": "models\\epoch_snapshots\\final_final_results_train10\\epoch_007.json",
    "training": false,
    "epsilon": 0.02,
    "updates": 0,
    "state_profile": "fine",
    "state_table_size": 9216
  },
  "neural": {
    "model_path": "models/neural_hybrid.pt",
    "collect_data": false,
    "data_path": "data/neural/greedy_data.csv",
    "teacher_policy": "greedy"
  },
  "intersections": [
    {
      "avg_wait": 16.393007992563525,
      "avg_wait_right": 14.215028430001116,
      "avg_wait_down": 12.998174144445619,
      "avg_wait_left": 18.612448572342316,
      "avg_wait_up": 16.40281058333484,
      "p95_wait": 42.483418300004615,
      "max_wait": 50.666768000005504,
      "throughput": 36.99992600014503,
      "avg_queue": 11.911111111111111,
      "max_queue": 26,
      "queues": [
        7,
        1,
        1,
        1
      ],
      "crossed": 111,
      "spawned": 121,
      "external_spawned": 78,
      "transferred_in": 43,
      "exited_world": 77,
      "red_light_violations": 0,
      "fairness": 0.4807692307692308,
      "iid": 0
    },
    {
      "avg_wait": 14.575367904066368,
      "avg_wait_right": 13.189470823334368,
      "avg_wait_down": 14.644766131580228,
      "avg_wait_left": 13.402249026668084,
      "avg_wait_up": 16.29018409545603,
      "p95_wait": 35.216737100000394,
      "max_wait": 58.16678300000632,
      "throughput": 38.33325666681692,
      "avg_queue": 10.447222222222223,
      "max_queue": 20,
      "queues": [
        1,
        3,
        4,
        0
      ],
      "crossed": 115,
      "spawned": 123,
      "external_spawned": 85,
      "transferred_in": 38,
      "exited_world": 69,
      "red_light_violations": 0,
      "fairness": 0.6153846153846154,
      "iid": 1
    },
    {
      "avg_wait": 13.76336086000131,
      "avg_wait_right": 19.020327895654106,
      "avg_wait_down": 13.974564986112492,
      "avg_wait_left": 13.318327290197368,
      "avg_wait_up": 8.472516945000514,
      "p95_wait": 36.00007200000391,
      "max_wait": 47.66676200000518,
      "throughput": 36.99992600014503,
      "avg_queue": 11.852777777777778,
      "max_queue": 23,
      "queues": [
        10,
        0,
        6,
        3
      ],
      "crossed": 111,
      "spawned": 130,
      "external_spawned": 91,
      "transferred_in": 39,
      "exited_world": 75,
      "red_light_violations": 0,
      "fairness": 0.6224137931034482,
      "iid": 2
    },
    {
      "avg_wait": 14.950894099260656,
      "avg_wait_right": 17.357692372974746,
      "avg_wait_down": 16.212047927908397,
      "avg_wait_left": 8.76529530833425,
      "avg_wait_up": 15.11777217096903,
      "p95_wait": 41.15008230000447,
      "max_wait": 55.650111300006046,
      "throughput": 39.66658733348882,
      "avg_queue": 13.36111111111111,
      "max_queue": 21,
      "queues": [
        7,
        1,
        2,
        6
      ],
      "crossed": 119,
      "spawned": 135,
      "external_spawned": 106,
      "transferred_in": 29,
      "exited_world": 68,
      "red_light_violations": 0,
      "fairness": 0.7111111111111111,
      "iid": 3
    }
  ],
  "overall": {
    "avg_wait": 14.920657713972965,
    "avg_wait_right": 15.945629880491083,
    "avg_wait_down": 14.457388297511685,
    "avg_wait_left": 13.524580049385506,
    "avg_wait_up": 14.070820948690104,
    "p95_wait": 38.712577425003346,
    "throughput": 151.9996960005958,
    "avg_queue": 11.893055555555556,
    "fairness": 0.6074196875921014,
    "crossed": 456,
    "spawned": 509,
    "external_spawned": 360,
    "transferred_in": 149,
    "exited_world": 289,
    "red_light_violations": 0
  }
}