{
  "mode": "rl",
  "seed": 40,
  "spawn_rate": 2.0,
  "duration_s": 300.00059999995244,
  "fixed_dt_s": 0.0166667,
  "rl": {
    "model_path": "models/studies/final_final_results_train10/shared_qtable.json",
    "training": true,
    "epsilon": 0.02,
    "updates": 211,
    "state_profile": "fine",
    "state_table_size": 9216
  },
  "neural": {
    "model_path": "models/neural_hybrid.pt",
    "collect_data": false,
    "data_path": "data/neural/greedy_data.csv",
    "teacher_policy": "greedy"
  },
  "intersections": [
    {
      "avg_wait": 19.539454560660737,
      "avg_wait_right": 13.913185721044556,
      "avg_wait_down": 7.781547094594625,
      "avg_wait_left": 24.599820889039744,
      "avg_wait_up": 23.974915674600314,
      "p95_wait": 55.15011030000599,
      "max_wait": 75.40015080000819,
      "throughput": 38.99992200016218,
      "avg_queue": 15.546666666666667,
      "max_queue": 37,
      "queues": [
        2,
        5,
        3,
        6
      ],
      "crossed": 195,
      "spawned": 211,
      "external_spawned": 147,
      "transferred_in": 64,
      "exited_world": 127,
      "red_light_violations": 0,
      "fairness": 0.8648648648648649,
      "iid": 0
    },
    {
      "avg_wait": 16.476482228258757,
      "avg_wait_right": 13.523735967605555,
      "avg_wait_down": 10.435985784207006,
      "avg_wait_left": 14.855029709998993,
      "avg_wait_up": 22.699222353082632,
      "p95_wait": 46.61675989993876,
      "max_wait": 75.38348410000819,
      "throughput": 41.99991600017466,
      "avg_queue": 15.695,
      "max_queue": 29,
      "queues": [
        4,
        2,
        5,
        9
      ],
      "crossed": 210,
      "spawned": 230,
      "external_spawned": 168,
      "transferred_in": 62,
      "exited_world": 136,
      "red_light_violations": 0,
      "fairness": 0.7936507936507936,
      "iid": 1
    },
    {
      "avg_wait": 17.715494368113546,
      "avg_wait_right": 12.43169152999678,
      "avg_wait_down": 16.486323295157852,
      "avg_wait_left": 20.039647922351016,
      "avg_wait_up": 18.954482353332594,
      "p95_wait": 39.916746500004336,
      "max_wait": 51.5501031000056,
      "throughput": 38.199923600158854,
      "avg_queue": 14.533333333333333,
      "max_queue": 28,
      "queues": [
        1,
        5,
        9,
        1
      ],
      "crossed": 191,
      "spawned": 207,
      "external_spawned": 134,
      "transferred_in": 73,
      "exited_world": 133,
      "red_light_violations": 0,
      "fairness": 0.5925925925925926,
      "iid": 2
    },
    {
      "avg_wait": 16.173819515020725,
      "avg_wait_right": 19.087538174998144,
      "avg_wait_down": 14.856309905795138,
      "avg_wait_left": 13.660880034879531,
      "avg_wait_up": 16.511294283779687,
      "p95_wait": 40.816748300004434,
      "max_wait": 64.50012900000701,
      "throughput": 39.59992080016468,
      "avg_queue": 14.701666666666666,
      "max_queue": 27,
      "queues": [
        3,
        7,
        2,
        3
      ],
      "crossed": 198,
      "spawned": 213,
      "external_spawned": 151,
      "transferred_in": 62,
      "exited_world": 117,
      "red_light_violations": 0,
      "fairness": 0.7922535211267606,
      "iid": 3
    }
  ],
  "overall": {
    "avg_wait": 17.476312668013442,
    "avg_wait_right": 14.73903784841126,
    "avg_wait_down": 12.390041519938656,
    "avg_wait_left": 18.28884463906732,
    "avg_wait_up": 20.534978666198807,
    "p95_wait": 45.62509124998838,
    "throughput": 158.79968240066037,
    "avg_queue": 15.119166666666667,
    "fairness": 0.760840443058753,
    "crossed": 794,
    "spawned": 861,
    "external_spawned": 600,
    "transferred_in": 261,
    "exited_world": 513,
    "red_light_violations": 0
  }
}