{
  "mode": "rl",
  "seed": 44,
  "spawn_rate": 2.0,
  "duration_s": 300.00059999995244,
  "fixed_dt_s": 0.0166667,
  "rl": {
    "model_path": "models/studies/pres2_sw020_ws12_20260313/shared_qtable.json",
    "training": true,
    "epsilon": 0.03,
    "updates": 208
  },
  "neural": {
    "model_path": "models/neural_hybrid.pt",
    "collect_data": false,
    "data_path": "data/neural/greedy_data.csv",
    "teacher_policy": "greedy"
  },
  "intersections": [
    {
      "avg_wait": 14.293953054185678,
      "avg_wait_right": 13.182665254165512,
      "avg_wait_down": 10.941688549998164,
      "avg_wait_left": 16.74336681999866,
      "avg_wait_up": 14.510611031744238,
      "p95_wait": 36.73340680000399,
      "max_wait": 50.10010020000544,
      "throughput": 38.59992280016052,
      "avg_queue": 12.39,
      "max_queue": 26,
      "queues": [
        1,
        2,
        3,
        4
      ],
      "crossed": 193,
      "spawned": 203,
      "external_spawned": 146,
      "transferred_in": 57,
      "exited_world": 116,
      "red_light_violations": 0,
      "fairness": 0.8333333333333334,
      "iid": 0
    },
    {
      "avg_wait": 13.879392838092832,
      "avg_wait_right": 14.486487306248138,
      "avg_wait_down": 12.632406217139225,
      "avg_wait_left": 14.653564660601884,
      "avg_wait_up": 13.279628549252056,
      "p95_wait": 33.38340010000363,
      "max_wait": 46.33342600000503,
      "throughput": 40.59991880016883,
      "avg_queue": 13.736666666666666,
      "max_queue": 28,
      "queues": [
        8,
        3,
        8,
        9
      ],
      "crossed": 203,
      "spawned": 231,
      "external_spawned": 158,
      "transferred_in": 73,
      "exited_world": 146,
      "red_light_violations": 0,
      "fairness": 0.8990825688073395,
      "iid": 1
    },
    {
      "avg_wait": 14.258283968221697,
      "avg_wait_right": 11.52317119443936,
      "avg_wait_down": 12.53224728666378,
      "avg_wait_left": 18.805261491043204,
      "avg_wait_up": 12.126876105554112,
      "p95_wait": 36.866740400004005,
      "max_wait": 54.83344300000596,
      "throughput": 39.399921200163845,
      "avg_queue": 13.705,
      "max_queue": 30,
      "queues": [
        5,
        7,
        1,
        4
      ],
      "crossed": 197,
      "spawned": 214,
      "external_spawned": 155,
      "transferred_in": 59,
      "exited_world": 129,
      "red_light_violations": 0,
      "fairness": 0.7939560439560439,
      "iid": 2
    },
    {
      "avg_wait": 10.718001731524259,
      "avg_wait_right": 12.11542827120825,
      "avg_wait_down": 11.80881991388587,
      "avg_wait_left": 8.914832644442393,
      "avg_wait_up": 7.067830227585215,
      "p95_wait": 30.83339500000335,
      "max_wait": 49.70009939997675,
      "throughput": 36.79992640015303,
      "avg_queue": 9.493333333333334,
      "max_queue": 20,
      "queues": [
        8,
        6,
        4,
        1
      ],
      "crossed": 184,
      "spawned": 203,
      "external_spawned": 141,
      "transferred_in": 62,
      "exited_world": 124,
      "red_light_violations": 0,
      "fairness": 0.7713675213675214,
      "iid": 3
    }
  ],
  "overall": {
    "avg_wait": 13.287407898006116,
    "avg_wait_right": 12.826938006515315,
    "avg_wait_down": 11.97879049192176,
    "avg_wait_left": 14.779256404021535,
    "avg_wait_up": 11.746236478533906,
    "p95_wait": 34.45423557500374,
    "throughput": 155.39968920064624,
    "avg_queue": 12.33125,
    "fairness": 0.8244348668660595,
    "crossed": 777,
    "spawned": 851,
    "external_spawned": 600,
    "transferred_in": 251,
    "exited_world": 515,
    "red_light_violations": 0
  }
}