{
  "mode": "rl",
  "seed": 46,
  "spawn_rate": 2.0,
  "duration_s": 300.00059999995244,
  "fixed_dt_s": 0.0166667,
  "rl": {
    "model_path": "models/studies/final_final_results_train10/shared_qtable.json",
    "training": true,
    "epsilon": 0.02,
    "updates": 216,
    "state_profile": "fine",
    "state_table_size": 9216
  },
  "neural": {
    "model_path": "models/neural_hybrid.pt",
    "collect_data": false,
    "data_path": "data/neural/greedy_data.csv",
    "teacher_policy": "greedy"
  },
  "intersections": [
    {
      "avg_wait": 16.86611996766033,
      "avg_wait_right": 14.81816689117566,
      "avg_wait_down": 13.755583066664718,
      "avg_wait_left": 19.297955262496757,
      "avg_wait_up": 17.41774316875059,
      "p95_wait": 45.55009110000495,
      "max_wait": 53.75010750000584,
      "throughput": 36.79992640015303,
      "avg_queue": 12.656666666666666,
      "max_queue": 23,
      "queues": [
        7,
        4,
        2,
        4
      ],
      "crossed": 184,
      "spawned": 201,
      "external_spawned": 139,
      "transferred_in": 62,
      "exited_world": 116,
      "red_light_violations": 0,
      "fairness": 0.85,
      "iid": 0
    },
    {
      "avg_wait": 17.39713300848034,
      "avg_wait_right": 19.008371349999116,
      "avg_wait_down": 11.861865828944554,
      "avg_wait_left": 17.662336911901043,
      "avg_wait_up": 18.61769596547514,
      "p95_wait": 44.333422000004816,
      "max_wait": 57.63344860000626,
      "throughput": 41.99991600017466,
      "avg_queue": 16.091666666666665,
      "max_queue": 30,
      "queues": [
        1,
        4,
        5,
        4
      ],
      "crossed": 210,
      "spawned": 224,
      "external_spawned": 161,
      "transferred_in": 63,
      "exited_world": 133,
      "red_light_violations": 0,
      "fairness": 0.8448275862068966,
      "iid": 1
    },
    {
      "avg_wait": 15.098687385303101,
      "avg_wait_right": 8.579285451217277,
      "avg_wait_down": 14.47103350821657,
      "avg_wait_left": 19.235935907684215,
      "avg_wait_up": 16.479720459367574,
      "p95_wait": 36.683406700003985,
      "max_wait": 56.9834472999693,
      "throughput": 37.39992520015553,
      "avg_queue": 12.508333333333333,
      "max_queue": 35,
      "queues": [
        5,
        7,
        5,
        7
      ],
      "crossed": 187,
      "spawned": 211,
      "external_spawned": 144,
      "transferred_in": 67,
      "exited_world": 121,
      "red_light_violations": 0,
      "fairness": 0.972972972972973,
      "iid": 2
    },
    {
      "avg_wait": 14.708436496457868,
      "avg_wait_right": 16.57818630945627,
      "avg_wait_down": 16.061936885711297,
      "avg_wait_left": 12.671453914285712,
      "avg_wait_up": 10.426270852498595,
      "p95_wait": 34.383402100003735,
      "max_wait": 63.633460599962575,
      "throughput": 42.59991480017715,
      "avg_queue": 14.693333333333333,
      "max_queue": 35,
      "queues": [
        4,
        6,
        3,
        0
      ],
      "crossed": 213,
      "spawned": 226,
      "external_spawned": 156,
      "transferred_in": 70,
      "exited_world": 140,
      "red_light_violations": 0,
      "fairness": 0.6926229508196722,
      "iid": 3
    }
  ],
  "overall": {
    "avg_wait": 16.01759421447541,
    "avg_wait_right": 14.746002500462081,
    "avg_wait_down": 14.037604822384285,
    "avg_wait_left": 17.21692049909193,
    "avg_wait_up": 15.735357611522975,
    "p95_wait": 40.23758047500437,
    "throughput": 158.79968240066037,
    "avg_queue": 13.987499999999999,
    "fairness": 0.8401058774998854,
    "crossed": 794,
    "spawned": 862,
    "external_spawned": 600,
    "transferred_in": 262,
    "exited_world": 510,
    "red_light_violations": 0
  }
}