{
  "mode": "rl",
  "seed": 49,
  "spawn_rate": 2.0,
  "duration_s": 180.00036000001444,
  "fixed_dt_s": 0.0166667,
  "rl": {
    "model_path": "models\\epoch_snapshots\\final_final_results_train10\\epoch_001.json",
    "training": false,
    "epsilon": 0.08207181587385382,
    "updates": 0,
    "state_profile": "fine",
    "state_table_size": 9216
  },
  "neural": {
    "model_path": "models/neural_hybrid.pt",
    "collect_data": false,
    "data_path": "data/neural/greedy_data.csv",
    "teacher_policy": "greedy"
  },
  "intersections": [
    {
      "avg_wait": 13.164408049194735,
      "avg_wait_right": 8.395114829412433,
      "avg_wait_down": 16.58866954091025,
      "avg_wait_left": 11.514250670732764,
      "avg_wait_up": 14.832605422728797,
      "p95_wait": 34.933403200003795,
      "max_wait": 54.93344320000597,
      "throughput": 36.66659333347705,
      "avg_queue": 9.7,
      "max_queue": 19,
      "queues": [
        1,
        2,
        2,
        9
      ],
      "crossed": 110,
      "spawned": 124,
      "external_spawned": 87,
      "transferred_in": 37,
      "exited_world": 74,
      "red_light_violations": 0,
      "fairness": 0.5444444444444444,
      "iid": 0
    },
    {
      "avg_wait": 12.840335758140696,
      "avg_wait_right": 9.597580170732595,
      "avg_wait_down": 12.920164729167823,
      "avg_wait_left": 10.859280977778655,
      "avg_wait_up": 16.464163363045003,
      "p95_wait": 34.283401900003724,
      "max_wait": 45.35009070000493,
      "throughput": 37.99992400014895,
      "avg_queue": 10.441666666666666,
      "max_queue": 19,
      "queues": [
        2,
        2,
        1,
        10
      ],
      "crossed": 114,
      "spawned": 129,
      "external_spawned": 91,
      "transferred_in": 38,
      "exited_world": 73,
      "red_light_violations": 0,
      "fairness": 0.5160550458715596,
      "iid": 1
    },
    {
      "avg_wait": 12.441563344616606,
      "avg_wait_right": 16.239506163159646,
      "avg_wait_down": 11.341179144898895,
      "avg_wait_left": 8.54124515263245,
      "avg_wait_up": 17.856980158335272,
      "p95_wait": 37.700075400004096,
      "max_wait": 61.41678950000667,
      "throughput": 34.99993000013719,
      "avg_queue": 10.855555555555556,
      "max_queue": 25,
      "queues": [
        5,
        15,
        4,
        1
      ],
      "crossed": 105,
      "spawned": 130,
      "external_spawned": 94,
      "transferred_in": 36,
      "exited_world": 68,
      "red_light_violations": 0,
      "fairness": 0.5852059925093633,
      "iid": 2
    },
    {
      "avg_wait": 12.853520330646353,
      "avg_wait_right": 12.384920603126332,
      "avg_wait_down": 12.316328980435854,
      "avg_wait_left": 9.32393169130528,
      "avg_wait_up": 18.10945650869715,
      "p95_wait": 32.13339760000349,
      "max_wait": 41.100082200004465,
      "throughput": 38.99992200015287,
      "avg_queue": 10.147222222222222,
      "max_queue": 19,
      "queues": [
        3,
        1,
        2,
        1
      ],
      "crossed": 117,
      "spawned": 124,
      "external_spawned": 88,
      "transferred_in": 36,
      "exited_world": 74,
      "red_light_violations": 0,
      "fairness": 0.8166666666666667,
      "iid": 3
    }
  ],
  "overall": {
    "avg_wait": 12.824956870649597,
    "avg_wait_right": 11.654280441607751,
    "avg_wait_down": 13.291585598853205,
    "avg_wait_left": 10.059677123112287,
    "avg_wait_up": 16.815801363201555,
    "p95_wait": 34.76256952500378,
    "throughput": 148.66636933391607,
    "avg_queue": 10.286111111111111,
    "fairness": 0.6155930373730085,
    "crossed": 446,
    "spawned": 507,
    "external_spawned": 360,
    "transferred_in": 147,
    "exited_world": 289,
    "red_light_violations": 0
  }
}