{
  "mode": "rl",
  "seed": 43,
  "spawn_rate": 2.0,
  "duration_s": 300.00059999995244,
  "fixed_dt_s": 0.0166667,
  "rl": {
    "model_path": "models/studies/final_final_results_train10/shared_qtable.json",
    "training": true,
    "epsilon": 0.02,
    "updates": 212,
    "state_profile": "fine",
    "state_table_size": 9216
  },
  "neural": {
    "model_path": "models/neural_hybrid.pt",
    "collect_data": false,
    "data_path": "data/neural/greedy_data.csv",
    "teacher_policy": "greedy"
  },
  "intersections": [
    {
      "avg_wait": 13.308718802390452,
      "avg_wait_right": 8.400554435484676,
      "avg_wait_down": 11.008996376919807,
      "avg_wait_left": 18.23952365845834,
      "avg_wait_up": 12.245745212161008,
      "p95_wait": 37.25007450000405,
      "max_wait": 56.833447000006174,
      "throughput": 38.79992240016135,
      "avg_queue": 11.436666666666667,
      "max_queue": 26,
      "queues": [
        3,
        5,
        4,
        3
      ],
      "crossed": 194,
      "spawned": 209,
      "external_spawned": 146,
      "transferred_in": 63,
      "exited_world": 129,
      "red_light_violations": 0,
      "fairness": 0.9533898305084746,
      "iid": 0
    },
    {
      "avg_wait": 16.625176928444397,
      "avg_wait_right": 18.0125964115901,
      "avg_wait_down": 8.7612494065212,
      "avg_wait_left": 15.527058081075232,
      "avg_wait_up": 20.4581659162453,
      "p95_wait": 43.86675439995034,
      "max_wait": 60.10012020000653,
      "throughput": 40.59991880016883,
      "avg_queue": 15.778333333333334,
      "max_queue": 31,
      "queues": [
        10,
        1,
        7,
        11
      ],
      "crossed": 203,
      "spawned": 232,
      "external_spawned": 168,
      "transferred_in": 64,
      "exited_world": 128,
      "red_light_violations": 0,
      "fairness": 0.775830258302583,
      "iid": 1
    },
    {
      "avg_wait": 16.59943796071307,
      "avg_wait_right": 22.153579660605615,
      "avg_wait_down": 14.085004695771309,
      "avg_wait_left": 20.81760115892832,
      "avg_wait_up": 9.905575366667442,
      "p95_wait": 44.08342150000479,
      "max_wait": 68.18346970000741,
      "throughput": 36.99992600015386,
      "avg_queue": 13.056666666666667,
      "max_queue": 30,
      "queues": [
        4,
        1,
        3,
        3
      ],
      "crossed": 185,
      "spawned": 196,
      "external_spawned": 135,
      "transferred_in": 61,
      "exited_world": 123,
      "red_light_violations": 0,
      "fairness": 0.8642857142857143,
      "iid": 2
    },
    {
      "avg_wait": 17.474183096442967,
      "avg_wait_right": 19.676193198461164,
      "avg_wait_down": 16.955654066277695,
      "avg_wait_left": 13.898123034281095,
      "avg_wait_up": 18.156873920512105,
      "p95_wait": 44.08342150000479,
      "max_wait": 72.33347800000786,
      "throughput": 41.39991720017216,
      "avg_queue": 15.165,
      "max_queue": 23,
      "queues": [
        2,
        5,
        8,
        3
      ],
      "crossed": 207,
      "spawned": 225,
      "external_spawned": 151,
      "transferred_in": 74,
      "exited_world": 138,
      "red_light_violations": 0,
      "fairness": 0.7941176470588235,
      "iid": 3
    }
  ],
  "overall": {
    "avg_wait": 16.00187919699772,
    "avg_wait_right": 17.06073092653539,
    "avg_wait_down": 12.702726136372503,
    "avg_wait_left": 17.120576483185747,
    "avg_wait_up": 15.191590103896463,
    "p95_wait": 42.32091797499099,
    "throughput": 157.7996844006562,
    "avg_queue": 13.859166666666667,
    "fairness": 0.8469058625388989,
    "crossed": 789,
    "spawned": 862,
    "external_spawned": 600,
    "transferred_in": 262,
    "exited_world": 518,
    "red_light_violations": 0
  }
}