{
  "mode": "rl",
  "seed": 41,
  "spawn_rate": 2.0,
  "duration_s": 300.00059999995244,
  "fixed_dt_s": 0.0166667,
  "rl": {
    "model_path": "models/studies/final_final_results_train10/shared_qtable.json",
    "training": true,
    "epsilon": 0.02,
    "updates": 214,
    "state_profile": "fine",
    "state_table_size": 9216
  },
  "neural": {
    "model_path": "models/neural_hybrid.pt",
    "collect_data": false,
    "data_path": "data/neural/greedy_data.csv",
    "teacher_policy": "greedy"
  },
  "intersections": [
    {
      "avg_wait": 19.771041036770182,
      "avg_wait_right": 10.701132513332883,
      "avg_wait_down": 15.989566862787541,
      "avg_wait_left": 26.120364740625185,
      "avg_wait_up": 22.08642914929429,
      "p95_wait": 49.466765600005374,
      "max_wait": 75.31681730000818,
      "throughput": 41.39991720017216,
      "avg_queue": 16.686666666666667,
      "max_queue": 33,
      "queues": [
        6,
        6,
        1,
        3
      ],
      "crossed": 207,
      "spawned": 223,
      "external_spawned": 151,
      "transferred_in": 72,
      "exited_world": 129,
      "red_light_violations": 0,
      "fairness": 0.7804878048780488,
      "iid": 0
    },
    {
      "avg_wait": 17.19367561887198,
      "avg_wait_right": 19.064112202217594,
      "avg_wait_down": 11.97039431110818,
      "avg_wait_left": 16.433744988635798,
      "avg_wait_up": 17.86628045822367,
      "p95_wait": 44.43342220000483,
      "max_wait": 71.6834766999788,
      "throughput": 44.99991000018713,
      "avg_queue": 17.608333333333334,
      "max_queue": 35,
      "queues": [
        9,
        2,
        5,
        8
      ],
      "crossed": 225,
      "spawned": 249,
      "external_spawned": 170,
      "transferred_in": 79,
      "exited_world": 152,
      "red_light_violations": 0,
      "fairness": 0.8275862068965517,
      "iid": 1
    },
    {
      "avg_wait": 15.544275074738609,
      "avg_wait_right": 11.719071057139343,
      "avg_wait_down": 19.33862315204967,
      "avg_wait_left": 15.183948496488224,
      "avg_wait_up": 11.395856124998156,
      "p95_wait": 42.63341859995103,
      "max_wait": 66.60013320000428,
      "throughput": 32.399935200134735,
      "avg_queue": 10.958333333333334,
      "max_queue": 32,
      "queues": [
        6,
        14,
        9,
        3
      ],
      "crossed": 162,
      "spawned": 194,
      "external_spawned": 133,
      "transferred_in": 61,
      "exited_world": 107,
      "red_light_violations": 0,
      "fairness": 0.7950310559006211,
      "iid": 2
    },
    {
      "avg_wait": 14.019499986136285,
      "avg_wait_right": 13.48249822930873,
      "avg_wait_down": 14.911807601329844,
      "avg_wait_left": 16.109647603842976,
      "avg_wait_up": 11.923667258138785,
      "p95_wait": 35.70007140000388,
      "max_wait": 51.45010290000208,
      "throughput": 36.599926800152204,
      "avg_queue": 12.226666666666667,
      "max_queue": 21,
      "queues": [
        8,
        6,
        2,
        3
      ],
      "crossed": 183,
      "spawned": 202,
      "external_spawned": 146,
      "transferred_in": 56,
      "exited_world": 119,
      "red_light_violations": 0,
      "fairness": 0.7986725663716814,
      "iid": 3
    }
  ],
  "overall": {
    "avg_wait": 16.632122929129263,
    "avg_wait_right": 13.741703500499638,
    "avg_wait_down": 15.55259798181881,
    "avg_wait_left": 18.461926457398047,
    "avg_wait_up": 15.818058247663725,
    "p95_wait": 43.05841944999128,
    "throughput": 155.39968920064624,
    "avg_queue": 14.370000000000001,
    "fairness": 0.8004444085117257,
    "crossed": 777,
    "spawned": 868,
    "external_spawned": 600,
    "transferred_in": 268,
    "exited_world": 507,
    "red_light_violations": 0
  }
}