{
  "mode": "rl",
  "seed": 50,
  "spawn_rate": 2.0,
  "duration_s": 180.00036000001444,
  "fixed_dt_s": 0.0166667,
  "rl": {
    "model_path": "models\\epoch_snapshots\\final_final_results_train10\\epoch_002.json",
    "training": false,
    "epsilon": 0.03420513723603964,
    "updates": 0,
    "state_profile": "fine",
    "state_table_size": 9216
  },
  "neural": {
    "model_path": "models/neural_hybrid.pt",
    "collect_data": false,
    "data_path": "data/neural/greedy_data.csv",
    "teacher_policy": "greedy"
  },
  "intersections": [
    {
      "avg_wait": 13.571073370804102,
      "avg_wait_right": 18.86253772500181,
      "avg_wait_down": 10.22849267916734,
      "avg_wait_left": 11.193138328261814,
      "avg_wait_up": 15.027161837210672,
      "p95_wait": 35.750071500003514,
      "max_wait": 54.366775400005906,
      "throughput": 40.99991800016071,
      "avg_queue": 12.011111111111111,
      "max_queue": 25,
      "queues": [
        3,
        4,
        6,
        1
      ],
      "crossed": 123,
      "spawned": 137,
      "external_spawned": 96,
      "transferred_in": 41,
      "exited_world": 73,
      "red_light_violations": 0,
      "fairness": 0.7903225806451613,
      "iid": 0
    },
    {
      "avg_wait": 15.271083173685616,
      "avg_wait_right": 18.77906981613087,
      "avg_wait_down": 13.171554120834548,
      "avg_wait_left": 15.635325388236605,
      "avg_wait_up": 13.734154452382185,
      "p95_wait": 39.983413300003384,
      "max_wait": 54.366775400005906,
      "throughput": 32.99993400012936,
      "avg_queue": 8.791666666666666,
      "max_queue": 17,
      "queues": [
        7,
        3,
        0,
        5
      ],
      "crossed": 99,
      "spawned": 114,
      "external_spawned": 74,
      "transferred_in": 40,
      "exited_world": 61,
      "red_light_violations": 0,
      "fairness": 0.677710843373494,
      "iid": 1
    },
    {
      "avg_wait": 13.200657714395195,
      "avg_wait_right": 10.979188625001152,
      "avg_wait_down": 12.506275012501035,
      "avg_wait_left": 15.571307738299497,
      "avg_wait_up": 11.54197710689758,
      "p95_wait": 39.96674660000434,
      "max_wait": 50.666768000005504,
      "throughput": 37.99992400014895,
      "avg_queue": 11.305555555555555,
      "max_queue": 23,
      "queues": [
        2,
        6,
        6,
        4
      ],
      "crossed": 114,
      "spawned": 132,
      "external_spawned": 97,
      "transferred_in": 35,
      "exited_world": 71,
      "red_light_violations": 0,
      "fairness": 0.8804347826086957,
      "iid": 2
    },
    {
      "avg_wait": 13.910965321876391,
      "avg_wait_right": 9.988445902778798,
      "avg_wait_down": 13.864611062501332,
      "avg_wait_left": 20.069206805002143,
      "avg_wait_up": 14.75558506666811,
      "p95_wait": 41.16674900000231,
      "max_wait": 53.066772800005765,
      "throughput": 38.33325666681692,
      "avg_queue": 11.766666666666667,
      "max_queue": 24,
      "queues": [
        3,
        5,
        5,
        0
      ],
      "crossed": 115,
      "spawned": 128,
      "external_spawned": 93,
      "transferred_in": 35,
      "exited_world": 76,
      "red_light_violations": 0,
      "fairness": 0.7161016949152542,
      "iid": 3
    }
  ],
  "overall": {
    "avg_wait": 13.988444895190327,
    "avg_wait_right": 14.652310517228159,
    "avg_wait_down": 12.442733218751064,
    "avg_wait_left": 15.617244564950015,
    "avg_wait_up": 13.764719615789637,
    "p95_wait": 39.216745100003386,
    "throughput": 150.33303266725594,
    "avg_queue": 10.96875,
    "fairness": 0.7661424753856513,
    "crossed": 451,
    "spawned": 511,
    "external_spawned": 360,
    "transferred_in": 151,
    "exited_world": 281,
    "red_light_violations": 0
  }
}