{
  "mode": "rl",
  "seed": 50,
  "spawn_rate": 2.0,
  "duration_s": 180.00036000001444,
  "fixed_dt_s": 0.0166667,
  "rl": {
    "model_path": "models\\epoch_snapshots\\final_final_results_train10\\epoch_001.json",
    "training": false,
    "epsilon": 0.08207181587385382,
    "updates": 0,
    "state_profile": "fine",
    "state_table_size": 9216
  },
  "neural": {
    "model_path": "models/neural_hybrid.pt",
    "collect_data": false,
    "data_path": "data/neural/greedy_data.csv",
    "teacher_policy": "greedy"
  },
  "intersections": [
    {
      "avg_wait": 15.064788399237948,
      "avg_wait_right": 13.759055295834123,
      "avg_wait_down": 15.326221128572683,
      "avg_wait_left": 17.452473929269917,
      "avg_wait_up": 13.120640276317115,
      "p95_wait": 38.616743900004195,
      "max_wait": 44.98342330000489,
      "throughput": 39.99992000015679,
      "avg_queue": 13.844444444444445,
      "max_queue": 22,
      "queues": [
        2,
        0,
        6,
        3
      ],
      "crossed": 120,
      "spawned": 131,
      "external_spawned": 103,
      "transferred_in": 28,
      "exited_world": 70,
      "red_light_violations": 0,
      "fairness": 0.6173469387755102,
      "iid": 0
    },
    {
      "avg_wait": 11.556224662791656,
      "avg_wait_right": 11.84412091041741,
      "avg_wait_down": 11.190022380001066,
      "avg_wait_left": 11.415022830000948,
      "avg_wait_up": 11.505115602778956,
      "p95_wait": 35.0000700000038,
      "max_wait": 45.28342390000314,
      "throughput": 36.99992600014503,
      "avg_queue": 9.741666666666667,
      "max_queue": 18,
      "queues": [
        8,
        6,
        3,
        1
      ],
      "crossed": 111,
      "spawned": 129,
      "external_spawned": 93,
      "transferred_in": 36,
      "exited_world": 69,
      "red_light_violations": 0,
      "fairness": 0.7363636363636363,
      "iid": 1
    },
    {
      "avg_wait": 12.798975729135071,
      "avg_wait_right": 10.036686740001057,
      "avg_wait_down": 11.973936991305365,
      "avg_wait_left": 12.213620918422249,
      "avg_wait_up": 19.979669588890864,
      "p95_wait": 41.4167495000045,
      "max_wait": 52.133437600005664,
      "throughput": 35.99992800014111,
      "avg_queue": 10.480555555555556,
      "max_queue": 23,
      "queues": [
        3,
        3,
        6,
        7
      ],
      "crossed": 108,
      "spawned": 127,
      "external_spawned": 86,
      "transferred_in": 41,
      "exited_world": 74,
      "red_light_violations": 0,
      "fairness": 0.8762135922330098,
      "iid": 2
    },
    {
      "avg_wait": 13.250166556303839,
      "avg_wait_right": 13.475995944187448,
      "avg_wait_down": 14.899553608572848,
      "avg_wait_left": 10.565172645455576,
      "avg_wait_up": 12.809674742106544,
      "p95_wait": 36.366739400002174,
      "max_wait": 41.90008380000455,
      "throughput": 35.99992800014111,
      "avg_queue": 10.061111111111112,
      "max_queue": 19,
      "queues": [
        1,
        2,
        3,
        5
      ],
      "crossed": 108,
      "spawned": 119,
      "external_spawned": 78,
      "transferred_in": 41,
      "exited_world": 70,
      "red_light_violations": 0,
      "fairness": 0.7756410256410257,
      "iid": 3
    }
  ],
  "overall": {
    "avg_wait": 13.167538836867129,
    "avg_wait_right": 12.27896472261001,
    "avg_wait_down": 13.34743352711299,
    "avg_wait_left": 12.911572580787173,
    "avg_wait_up": 14.35377505252337,
    "p95_wait": 37.85007570000367,
    "throughput": 148.99970200058405,
    "avg_queue": 11.031944444444445,
    "fairness": 0.7513912982532955,
    "crossed": 447,
    "spawned": 506,
    "external_spawned": 360,
    "transferred_in": 146,
    "exited_world": 283,
    "red_light_violations": 0
  }
}