{
  "mode": "rl",
  "seed": 44,
  "spawn_rate": 2.0,
  "duration_s": 300.00059999995244,
  "fixed_dt_s": 0.0166667,
  "rl": {
    "model_path": "models/studies/final_final_results_train10/shared_qtable.json",
    "training": true,
    "epsilon": 0.04748708938675786,
    "updates": 220,
    "state_profile": "fine",
    "state_table_size": 9216
  },
  "neural": {
    "model_path": "models/neural_hybrid.pt",
    "collect_data": false,
    "data_path": "data/neural/greedy_data.csv",
    "teacher_policy": "greedy"
  },
  "intersections": [
    {
      "avg_wait": 20.39287766510392,
      "avg_wait_right": 20.62920792499525,
      "avg_wait_down": 15.611997035890612,
      "avg_wait_left": 22.153157859339405,
      "avg_wait_up": 20.651579764615256,
      "p95_wait": 54.40010880000591,
      "max_wait": 73.31681329999941,
      "throughput": 41.99991600017466,
      "avg_queue": 17.68166666666667,
      "max_queue": 31,
      "queues": [
        5,
        12,
        5,
        3
      ],
      "crossed": 210,
      "spawned": 235,
      "external_spawned": 156,
      "transferred_in": 79,
      "exited_world": 145,
      "red_light_violations": 0,
      "fairness": 0.7697044334975369,
      "iid": 0
    },
    {
      "avg_wait": 20.119308874258707,
      "avg_wait_right": 25.418188091172553,
      "avg_wait_down": 16.451314953847234,
      "avg_wait_left": 14.313300231481996,
      "avg_wait_up": 21.385788385519874,
      "p95_wait": 55.98344530000608,
      "max_wait": 79.48349230000863,
      "throughput": 42.79991440017798,
      "avg_queue": 18.08,
      "max_queue": 30,
      "queues": [
        5,
        2,
        7,
        9
      ],
      "crossed": 214,
      "spawned": 237,
      "external_spawned": 165,
      "transferred_in": 72,
      "exited_world": 120,
      "red_light_violations": 0,
      "fairness": 0.8317610062893082,
      "iid": 1
    },
    {
      "avg_wait": 17.612605057541654,
      "avg_wait_right": 9.407161671426808,
      "avg_wait_down": 20.265192045453784,
      "avg_wait_left": 22.796304095919552,
      "avg_wait_up": 15.937910663636782,
      "p95_wait": 48.88343110000531,
      "max_wait": 60.76678820000316,
      "throughput": 33.599932800139726,
      "avg_queue": 11.74,
      "max_queue": 23,
      "queues": [
        6,
        1,
        3,
        1
      ],
      "crossed": 168,
      "spawned": 179,
      "external_spawned": 126,
      "transferred_in": 53,
      "exited_world": 100,
      "red_light_violations": 0,
      "fairness": 0.6436170212765957,
      "iid": 2
    },
    {
      "avg_wait": 17.381745677871464,
      "avg_wait_right": 17.032016045942523,
      "avg_wait_down": 18.38315912911105,
      "avg_wait_left": 21.401471374275612,
      "avg_wait_up": 12.278533328941716,
      "p95_wait": 43.316753300004706,
      "max_wait": 58.35011670000634,
      "throughput": 41.39991720017216,
      "avg_queue": 15.723333333333333,
      "max_queue": 35,
      "queues": [
        3,
        6,
        9,
        1
      ],
      "crossed": 207,
      "spawned": 226,
      "external_spawned": 153,
      "transferred_in": 73,
      "exited_world": 136,
      "red_light_violations": 0,
      "fairness": 0.7106299212598425,
      "iid": 3
    }
  ],
  "overall": {
    "avg_wait": 18.876634318693938,
    "avg_wait_right": 18.121643433384282,
    "avg_wait_down": 17.67791579107567,
    "avg_wait_left": 20.166058390254143,
    "avg_wait_up": 17.563453035678407,
    "p95_wait": 50.6459346250055,
    "throughput": 159.79968040066453,
    "avg_queue": 15.80625,
    "fairness": 0.7389280955808208,
    "crossed": 799,
    "spawned": 877,
    "external_spawned": 600,
    "transferred_in": 277,
    "exited_world": 501,
    "red_light_violations": 0
  }
}