{
  "mode": "neural",
  "seed": 42,
  "spawn_rate": 1.0,
  "duration_s": 180.00036000001444,
  "fixed_dt_s": 0.0166667,
  "rl": {
    "model_path": "models/rl_qtable.json",
    "training": false,
    "epsilon": null,
    "updates": 0
  },
  "neural": {
    "model_path": "models/neural_greedy.pt",
    "collect_data": false,
    "data_path": "data/neural/greedy_data.csv"
  },
  "intersections": [
    {
      "avg_wait": 21.284253094739036,
      "avg_wait_right": 20.880344790911185,
      "avg_wait_down": 10.925021850001022,
      "avg_wait_left": 20.839435618183852,
      "avg_wait_up": 27.09498172608988,
      "p95_wait": 60.800121600006605,
      "max_wait": 89.53351240000792,
      "throughput": 16.66663333339866,
      "avg_queue": 5.919444444444444,
      "max_queue": 13,
      "queues": [
        2,
        3,
        2,
        0
      ],
      "crossed": 50,
      "spawned": 57,
      "external_spawned": 43,
      "transferred_in": 14,
      "exited_world": 32,
      "red_light_violations": 0,
      "fairness": 0.7205882352941176,
      "iid": 0
    },
    {
      "avg_wait": 26.77062645781494,
      "avg_wait_right": 29.151507578263764,
      "avg_wait_down": 19.533372400001745,
      "avg_wait_left": 29.26910615714578,
      "avg_wait_up": 29.189873194446736,
      "p95_wait": 69.80013960000758,
      "max_wait": 78.46682360000672,
      "throughput": 17.999964000070555,
      "avg_queue": 9.261111111111111,
      "max_queue": 19,
      "queues": [
        0,
        5,
        3,
        2
      ],
      "crossed": 54,
      "spawned": 64,
      "external_spawned": 48,
      "transferred_in": 16,
      "exited_world": 28,
      "red_light_violations": 0,
      "fairness": 0.6578947368421053,
      "iid": 1
    },
    {
      "avg_wait": 22.341173714518423,
      "avg_wait_right": 16.45003290000175,
      "avg_wait_down": 26.106192563160533,
      "avg_wait_left": 16.98822842083501,
      "avg_wait_up": 33.33673334000362,
      "p95_wait": 63.13345960000686,
      "max_wait": 84.41683550000917,
      "throughput": 17.33329866673461,
      "avg_queue": 8.147222222222222,
      "max_queue": 18,
      "queues": [
        2,
        2,
        6,
        0
      ],
      "crossed": 52,
      "spawned": 62,
      "external_spawned": 45,
      "transferred_in": 17,
      "exited_world": 35,
      "red_light_violations": 0,
      "fairness": 0.5681818181818182,
      "iid": 2
    },
    {
      "avg_wait": 17.8192446779677,
      "avg_wait_right": 15.22190544375158,
      "avg_wait_down": 17.715368764001436,
      "avg_wait_left": 15.63706831111281,
      "avg_wait_up": 24.90745722222418,
      "p95_wait": 54.816776300005955,
      "max_wait": 64.13346160000697,
      "throughput": 17.33329866673461,
      "avg_queue": 5.555555555555555,
      "max_queue": 11,
      "queues": [
        1,
        3,
        1,
        2
      ],
      "crossed": 52,
      "spawned": 59,
      "external_spawned": 44,
      "transferred_in": 15,
      "exited_world": 37,
      "red_light_violations": 0,
      "fairness": 0.8166666666666667,
      "iid": 3
    }
  ],
  "overall": {
    "avg_wait": 22.053824486260027,
    "avg_wait_right": 20.42594767823207,
    "avg_wait_down": 18.569988894291185,
    "avg_wait_left": 20.683459626819364,
    "avg_wait_up": 28.632261370691104,
    "p95_wait": 62.13762427500675,
    "throughput": 69.33319466693844,
    "avg_queue": 7.220833333333333,
    "fairness": 0.690832864246177,
    "crossed": 208,
    "spawned": 242,
    "external_spawned": 180,
    "transferred_in": 62,
    "exited_world": 132,
    "red_light_violations": 0
  }
}