{
  "mode": "rl",
  "seed": 49,
  "spawn_rate": 2.0,
  "duration_s": 180.00036000001444,
  "fixed_dt_s": 0.0166667,
  "rl": {
    "model_path": "models\\epoch_snapshots\\final_final_results_train10\\epoch_006.json",
    "training": false,
    "epsilon": 0.02,
    "updates": 0,
    "state_profile": "fine",
    "state_table_size": 9216
  },
  "neural": {
    "model_path": "models/neural_hybrid.pt",
    "collect_data": false,
    "data_path": "data/neural/greedy_data.csv",
    "teacher_policy": "greedy"
  },
  "intersections": [
    {
      "avg_wait": 11.84915950074173,
      "avg_wait_right": 9.777519555000506,
      "avg_wait_down": 10.202401357143966,
      "avg_wait_left": 13.929902073586035,
      "avg_wait_up": 11.013436660976591,
      "p95_wait": 31.216729100000407,
      "max_wait": 43.13341960000433,
      "throughput": 38.33325666681692,
      "avg_queue": 11.216666666666667,
      "max_queue": 21,
      "queues": [
        0,
        6,
        5,
        9
      ],
      "crossed": 115,
      "spawned": 135,
      "external_spawned": 92,
      "transferred_in": 43,
      "exited_world": 80,
      "red_light_violations": 0,
      "fairness": 0.704225352112676,
      "iid": 0
    },
    {
      "avg_wait": 14.884429768801363,
      "avg_wait_right": 15.720356643903866,
      "avg_wait_down": 19.659414318751917,
      "avg_wait_left": 9.26370900357217,
      "avg_wait_up": 16.052115437501513,
      "p95_wait": 37.66674200000409,
      "max_wait": 55.93344520000608,
      "throughput": 34.33326466680124,
      "avg_queue": 12.133333333333333,
      "max_queue": 25,
      "queues": [
        3,
        4,
        4,
        11
      ],
      "crossed": 103,
      "spawned": 125,
      "external_spawned": 85,
      "transferred_in": 40,
      "exited_world": 66,
      "red_light_violations": 0,
      "fairness": 0.7469135802469136,
      "iid": 1
    },
    {
      "avg_wait": 17.643578830632453,
      "avg_wait_right": 10.57541797619132,
      "avg_wait_down": 15.729518638463201,
      "avg_wait_left": 31.258664667745304,
      "avg_wait_up": 7.694182055000764,
      "p95_wait": 49.53343240000538,
      "max_wait": 74.41681550000808,
      "throughput": 32.66660133346138,
      "avg_queue": 12.202777777777778,
      "max_queue": 22,
      "queues": [
        3,
        2,
        7,
        1
      ],
      "crossed": 98,
      "spawned": 111,
      "external_spawned": 83,
      "transferred_in": 28,
      "exited_world": 53,
      "red_light_violations": 0,
      "fairness": 0.6706349206349206,
      "iid": 2
    },
    {
      "avg_wait": 14.928876011539957,
      "avg_wait_right": 12.92951303846277,
      "avg_wait_down": 19.24401996944635,
      "avg_wait_left": 18.119334484212494,
      "avg_wait_up": 10.059440408696718,
      "p95_wait": 47.11676090000512,
      "max_wait": 61.716790100006705,
      "throughput": 37.99992400014895,
      "avg_queue": 13.205555555555556,
      "max_queue": 28,
      "queues": [
        7,
        3,
        4,
        2
      ],
      "crossed": 114,
      "spawned": 130,
      "external_spawned": 100,
      "transferred_in": 30,
      "exited_world": 78,
      "red_light_violations": 0,
      "fairness": 0.8205128205128205,
      "iid": 3
    }
  ],
  "overall": {
    "avg_wait": 14.826511027928875,
    "avg_wait_right": 12.250701803389616,
    "avg_wait_down": 16.208838570951357,
    "avg_wait_left": 18.142902557279,
    "avg_wait_up": 11.204793640543896,
    "p95_wait": 41.38341610000375,
    "throughput": 143.3330466672285,
    "avg_queue": 12.189583333333333,
    "fairness": 0.7355716683768326,
    "crossed": 430,
    "spawned": 501,
    "external_spawned": 360,
    "transferred_in": 141,
    "exited_world": 277,
    "red_light_violations": 0
  }
}