{
  "mode": "rl",
  "seed": 46,
  "spawn_rate": 2.0,
  "duration_s": 300.00059999995244,
  "fixed_dt_s": 0.0166667,
  "rl": {
    "model_path": "models/studies/final_final_results_train10/shared_qtable.json",
    "training": true,
    "epsilon": 0.02,
    "updates": 209,
    "state_profile": "fine",
    "state_table_size": 9216
  },
  "neural": {
    "model_path": "models/neural_hybrid.pt",
    "collect_data": false,
    "data_path": "data/neural/greedy_data.csv",
    "teacher_policy": "greedy"
  },
  "intersections": [
    {
      "avg_wait": 14.511432531576114,
      "avg_wait_right": 11.71854195555011,
      "avg_wait_down": 12.407396609611501,
      "avg_wait_left": 12.827803433331956,
      "avg_wait_up": 20.015900246771924,
      "p95_wait": 39.5667458000043,
      "max_wait": 51.5334364000056,
      "throughput": 40.59991880016883,
      "avg_queue": 14.755,
      "max_queue": 27,
      "queues": [
        5,
        10,
        4,
        6
      ],
      "crossed": 203,
      "spawned": 228,
      "external_spawned": 164,
      "transferred_in": 64,
      "exited_world": 126,
      "red_light_violations": 0,
      "fairness": 0.882768361581921,
      "iid": 0
    },
    {
      "avg_wait": 14.753222652801348,
      "avg_wait_right": 16.114010722576072,
      "avg_wait_down": 15.393658238233915,
      "avg_wait_left": 8.650467751349144,
      "avg_wait_up": 16.230485135801242,
      "p95_wait": 43.51675370000473,
      "max_wait": 69.60013920000756,
      "throughput": 39.399921200163845,
      "avg_queue": 13.416666666666666,
      "max_queue": 23,
      "queues": [
        3,
        2,
        3,
        9
      ],
      "crossed": 197,
      "spawned": 214,
      "external_spawned": 147,
      "transferred_in": 67,
      "exited_world": 123,
      "red_light_violations": 0,
      "fairness": 0.7014563106796117,
      "iid": 1
    },
    {
      "avg_wait": 16.527889080749798,
      "avg_wait_right": 10.124213796773278,
      "avg_wait_down": 20.55643380684658,
      "avg_wait_left": 15.907415781011684,
      "avg_wait_up": 14.976141063333735,
      "p95_wait": 45.48342430000494,
      "max_wait": 56.83344700000428,
      "throughput": 40.79991840016967,
      "avg_queue": 13.163333333333334,
      "max_queue": 29,
      "queues": [
        3,
        3,
        3,
        0
      ],
      "crossed": 204,
      "spawned": 213,
      "external_spawned": 132,
      "transferred_in": 81,
      "exited_world": 146,
      "red_light_violations": 0,
      "fairness": 0.75,
      "iid": 2
    },
    {
      "avg_wait": 13.967385845619008,
      "avg_wait_right": 12.95073012675583,
      "avg_wait_down": 18.88210847120796,
      "avg_wait_left": 12.082960673808744,
      "avg_wait_up": 9.413615318420218,
      "p95_wait": 39.28341190000086,
      "max_wait": 67.6168018999627,
      "throughput": 37.999924000158025,
      "avg_queue": 13.116666666666667,
      "max_queue": 28,
      "queues": [
        12,
        10,
        3,
        2
      ],
      "crossed": 190,
      "spawned": 217,
      "external_spawned": 157,
      "transferred_in": 60,
      "exited_world": 115,
      "red_light_violations": 0,
      "fairness": 0.7091439688715954,
      "iid": 3
    }
  ],
  "overall": {
    "avg_wait": 14.939982527686567,
    "avg_wait_right": 12.726874150413822,
    "avg_wait_down": 16.80989928147499,
    "avg_wait_left": 12.367161909875382,
    "avg_wait_up": 15.15903544108178,
    "p95_wait": 41.962583925003706,
    "throughput": 158.79968240066037,
    "avg_queue": 13.612916666666667,
    "fairness": 0.760842160283282,
    "crossed": 794,
    "spawned": 872,
    "external_spawned": 600,
    "transferred_in": 272,
    "exited_world": 510,
    "red_light_violations": 0
  }
}