{
  "mode": "greedy",
  "seed": 32,
  "spawn_rate": 1.0,
  "duration_s": 300.0000000000558,
  "fixed_dt_s": 0.016666666666666666,
  "rl": {
    "model_path": "models/rl_qtable.json",
    "training": false,
    "epsilon": null,
    "updates": 0
  },
  "neural": {
    "model_path": "models/neural_greedy.pt",
    "collect_data": true,
    "data_path": "data/neural/hybrid_val.csv",
    "teacher_policy": "hybrid"
  },
  "intersections": [
    {
      "avg_wait": 28.856386292843794,
      "avg_wait_right": 31.652083333337867,
      "avg_wait_down": 22.021969696981078,
      "avg_wait_left": 38.443452380963365,
      "avg_wait_up": 24.885365853666396,
      "p95_wait": 69.81666666668389,
      "max_wait": 79.06666666668951,
      "throughput": 19.599999999996353,
      "avg_queue": 8.877586206896552,
      "max_queue": 18,
      "queues": [
        4,
        1,
        0,
        4
      ],
      "crossed": 98,
      "spawned": 107,
      "external_spawned": 71,
      "transferred_in": 36,
      "exited_world": 65,
      "red_light_violations": 0,
      "fairness": 0.6136363636363636,
      "iid": 0
    },
    {
      "avg_wait": 24.263839285721456,
      "avg_wait_right": 30.080952380958706,
      "avg_wait_down": 21.619444444450586,
      "avg_wait_left": 25.9095238095389,
      "avg_wait_up": 19.249122807021614,
      "p95_wait": 63.60000000004838,
      "max_wait": 80.58333333337697,
      "throughput": 19.999999999996277,
      "avg_queue": 9.375862068965517,
      "max_queue": 18,
      "queues": [
        1,
        3,
        2,
        6
      ],
      "crossed": 100,
      "spawned": 112,
      "external_spawned": 88,
      "transferred_in": 24,
      "exited_world": 66,
      "red_light_violations": 0,
      "fairness": 0.72,
      "iid": 1
    },
    {
      "avg_wait": 28.914434523816087,
      "avg_wait_right": 30.59117647060228,
      "avg_wait_down": 32.796124031012546,
      "avg_wait_left": 25.30944444445107,
      "avg_wait_up": 24.947727272731438,
      "p95_wait": 70.78333333332824,
      "max_wait": 90.60000000005161,
      "throughput": 20.599999999996164,
      "avg_queue": 10.098275862068965,
      "max_queue": 24,
      "queues": [
        3,
        0,
        1,
        5
      ],
      "crossed": 103,
      "spawned": 112,
      "external_spawned": 76,
      "transferred_in": 36,
      "exited_world": 68,
      "red_light_violations": 0,
      "fairness": 0.5785714285714286,
      "iid": 2
    },
    {
      "avg_wait": 30.168617021283943,
      "avg_wait_right": 36.165555555569334,
      "avg_wait_down": 32.42873563219255,
      "avg_wait_left": 23.813333333333038,
      "avg_wait_up": 22.278888888891068,
      "p95_wait": 76.2333333333315,
      "max_wait": 105.05000000002138,
      "throughput": 15.79999999999706,
      "avg_queue": 8.274137931034483,
      "max_queue": 19,
      "queues": [
        1,
        6,
        5,
        3
      ],
      "crossed": 79,
      "spawned": 94,
      "external_spawned": 65,
      "transferred_in": 29,
      "exited_world": 51,
      "red_light_violations": 0,
      "fairness": 0.7922535211267606,
      "iid": 3
    }
  ],
  "overall": {
    "avg_wait": 28.050819280916322,
    "avg_wait_right": 32.122441935117045,
    "avg_wait_down": 27.21656845115919,
    "avg_wait_left": 28.368938492071592,
    "avg_wait_up": 22.84027620557763,
    "p95_wait": 70.108333333348,
    "throughput": 75.99999999998586,
    "avg_queue": 9.15646551724138,
    "fairness": 0.6761153283336382,
    "crossed": 380,
    "spawned": 425,
    "external_spawned": 300,
    "transferred_in": 125,
    "exited_world": 250,
    "red_light_violations": 0
  }
}