{
  "mode": "rl",
  "seed": 41,
  "spawn_rate": 2.0,
  "duration_s": 300.00059999995244,
  "fixed_dt_s": 0.0166667,
  "rl": {
    "model_path": "models/studies/final_final_results_train10/shared_qtable.json",
    "training": true,
    "epsilon": 0.02,
    "updates": 214,
    "state_profile": "fine",
    "state_table_size": 9216
  },
  "neural": {
    "model_path": "models/neural_hybrid.pt",
    "collect_data": false,
    "data_path": "data/neural/greedy_data.csv",
    "teacher_policy": "greedy"
  },
  "intersections": [
    {
      "avg_wait": 14.92786318899667,
      "avg_wait_right": 12.730460243478188,
      "avg_wait_down": 15.051479378258453,
      "avg_wait_left": 16.357355946965843,
      "avg_wait_up": 14.987722283071493,
      "p95_wait": 34.38340209994885,
      "max_wait": 73.33348000000797,
      "throughput": 36.19992760015054,
      "avg_queue": 11.738333333333333,
      "max_queue": 20,
      "queues": [
        1,
        3,
        7,
        8
      ],
      "crossed": 181,
      "spawned": 200,
      "external_spawned": 138,
      "transferred_in": 62,
      "exited_world": 113,
      "red_light_violations": 0,
      "fairness": 0.733739837398374,
      "iid": 0
    },
    {
      "avg_wait": 16.95456724239796,
      "avg_wait_right": 17.26651393370621,
      "avg_wait_down": 15.988757467645447,
      "avg_wait_left": 17.397509542419744,
      "avg_wait_up": 16.85304789042383,
      "p95_wait": 39.483412299984565,
      "max_wait": 62.6001252000068,
      "throughput": 45.3999092001888,
      "avg_queue": 16.553333333333335,
      "max_queue": 29,
      "queues": [
        2,
        7,
        3,
        11
      ],
      "crossed": 227,
      "spawned": 250,
      "external_spawned": 160,
      "transferred_in": 90,
      "exited_world": 164,
      "red_light_violations": 0,
      "fairness": 0.7226775956284153,
      "iid": 1
    },
    {
      "avg_wait": 14.3665320009781,
      "avg_wait_right": 9.980853294998095,
      "avg_wait_down": 17.473368279997402,
      "avg_wait_left": 15.325469247366588,
      "avg_wait_up": 12.29598418787549,
      "p95_wait": 34.666736000003766,
      "max_wait": 59.40011880000645,
      "throughput": 36.79992640015303,
      "avg_queue": 13.033333333333333,
      "max_queue": 23,
      "queues": [
        5,
        5,
        9,
        1
      ],
      "crossed": 184,
      "spawned": 204,
      "external_spawned": 151,
      "transferred_in": 53,
      "exited_world": 117,
      "red_light_violations": 0,
      "fairness": 0.7575757575757576,
      "iid": 2
    },
    {
      "avg_wait": 14.358244678871767,
      "avg_wait_right": 13.76602753199701,
      "avg_wait_down": 19.35640234908934,
      "avg_wait_left": 12.018161291176613,
      "avg_wait_up": 11.278253848979436,
      "p95_wait": 38.28340990000416,
      "max_wait": 60.150120300006535,
      "throughput": 39.59992080016468,
      "avg_queue": 12.935,
      "max_queue": 22,
      "queues": [
        7,
        3,
        1,
        4
      ],
      "crossed": 198,
      "spawned": 213,
      "external_spawned": 151,
      "transferred_in": 62,
      "exited_world": 115,
      "red_light_violations": 0,
      "fairness": 0.75,
      "iid": 3
    }
  ],
  "overall": {
    "avg_wait": 15.151801777811125,
    "avg_wait_right": 13.435963751044875,
    "avg_wait_down": 16.96750186874766,
    "avg_wait_left": 15.274624006982197,
    "avg_wait_up": 13.853752052587563,
    "p95_wait": 36.704240074985336,
    "throughput": 157.99968400065706,
    "avg_queue": 13.565000000000001,
    "fairness": 0.7409982976506367,
    "crossed": 790,
    "spawned": 867,
    "external_spawned": 600,
    "transferred_in": 267,
    "exited_world": 509,
    "red_light_violations": 0
  }
}