{
  "mode": "greedy",
  "seed": 51,
  "spawn_rate": 2.0,
  "duration_s": 180.00036000001444,
  "fixed_dt_s": 0.0166667,
  "rl": {
    "model_path": "models/rl_qtable.json",
    "training": false,
    "epsilon": null,
    "updates": 0,
    "state_profile": "default",
    "state_table_size": 4096
  },
  "neural": {
    "model_path": "models/neural_hybrid.pt",
    "collect_data": false,
    "data_path": "data/neural/greedy_data.csv",
    "teacher_policy": "greedy"
  },
  "intersections": [
    {
      "avg_wait": 10.75330617810317,
      "avg_wait_right": 9.321685310000975,
      "avg_wait_down": 10.808354950000815,
      "avg_wait_left": 10.92002184000089,
      "avg_wait_up": 11.119320484211629,
      "p95_wait": 27.866722400003027,
      "max_wait": 49.81676630000541,
      "throughput": 40.99991800016071,
      "avg_queue": 9.569444444444445,
      "max_queue": 17,
      "queues": [
        3,
        2,
        3,
        6
      ],
      "crossed": 123,
      "spawned": 137,
      "external_spawned": 85,
      "transferred_in": 52,
      "exited_world": 86,
      "red_light_violations": 0,
      "fairness": 0.8448275862068966,
      "iid": 0
    },
    {
      "avg_wait": 10.677488021600935,
      "avg_wait_right": 10.476516679488123,
      "avg_wait_down": 8.635273680769934,
      "avg_wait_left": 7.504181675000569,
      "avg_wait_up": 14.48567711944578,
      "p95_wait": 34.483402300003746,
      "max_wait": 48.95009790000532,
      "throughput": 34.99993000013719,
      "avg_queue": 9.527777777777779,
      "max_queue": 20,
      "queues": [
        4,
        3,
        3,
        10
      ],
      "crossed": 105,
      "spawned": 125,
      "external_spawned": 93,
      "transferred_in": 32,
      "exited_world": 58,
      "red_light_violations": 0,
      "fairness": 0.746268656716418,
      "iid": 1
    },
    {
      "avg_wait": 11.171897343751114,
      "avg_wait_right": 8.33183484545545,
      "avg_wait_down": 12.303971976316854,
      "avg_wait_left": 13.944472333334813,
      "avg_wait_up": 9.113827751429525,
      "p95_wait": 36.35007270000395,
      "max_wait": 57.41678150000624,
      "throughput": 37.99992400014895,
      "avg_queue": 10.683333333333334,
      "max_queue": 20,
      "queues": [
        3,
        3,
        6,
        2
      ],
      "crossed": 114,
      "spawned": 128,
      "external_spawned": 95,
      "transferred_in": 33,
      "exited_world": 62,
      "red_light_violations": 0,
      "fairness": 0.8448275862068966,
      "iid": 2
    },
    {
      "avg_wait": 9.302085787597777,
      "avg_wait_right": 8.786684240000863,
      "avg_wait_down": 8.61192198571499,
      "avg_wait_left": 9.297745868182828,
      "avg_wait_up": 12.331506144445676,
      "p95_wait": 33.000066000003585,
      "max_wait": 43.500087000004726,
      "throughput": 37.99992400014895,
      "avg_queue": 8.897222222222222,
      "max_queue": 23,
      "queues": [
        1,
        6,
        7,
        1
      ],
      "crossed": 114,
      "spawned": 129,
      "external_spawned": 87,
      "transferred_in": 42,
      "exited_world": 82,
      "red_light_violations": 0,
      "fairness": 0.646551724137931,
      "iid": 3
    }
  ],
  "overall": {
    "avg_wait": 10.47619433276325,
    "avg_wait_right": 9.229180268736354,
    "avg_wait_down": 10.089880648200648,
    "avg_wait_left": 10.416605429129776,
    "avg_wait_up": 11.762582874883153,
    "p95_wait": 32.92506585000358,
    "throughput": 151.9996960005958,
    "avg_queue": 9.669444444444444,
    "fairness": 0.7706188883170355,
    "crossed": 456,
    "spawned": 519,
    "external_spawned": 360,
    "transferred_in": 159,
    "exited_world": 288,
    "red_light_violations": 0
  }
}