{
  "mode": "rl",
  "seed": 44,
  "spawn_rate": 2.0,
  "duration_s": 300.00059999995244,
  "fixed_dt_s": 0.0166667,
  "rl": {
    "model_path": "models/studies/pres2_sw015_ws12_20260313/shared_qtable.json",
    "training": true,
    "epsilon": 0.03,
    "updates": 208
  },
  "neural": {
    "model_path": "models/neural_hybrid.pt",
    "collect_data": false,
    "data_path": "data/neural/greedy_data.csv",
    "teacher_policy": "greedy"
  },
  "intersections": [
    {
      "avg_wait": 13.042281976765583,
      "avg_wait_right": 9.580639316277368,
      "avg_wait_down": 11.847554559257942,
      "avg_wait_left": 15.829063916127916,
      "avg_wait_up": 13.168460680299445,
      "p95_wait": 35.16673700000382,
      "max_wait": 58.16678300000632,
      "throughput": 36.399927200151375,
      "avg_queue": 11.183333333333334,
      "max_queue": 20,
      "queues": [
        3,
        1,
        5,
        7
      ],
      "crossed": 182,
      "spawned": 198,
      "external_spawned": 148,
      "transferred_in": 50,
      "exited_world": 116,
      "red_light_violations": 0,
      "fairness": 0.7619047619047619,
      "iid": 0
    },
    {
      "avg_wait": 14.942705520624516,
      "avg_wait_right": 14.348242982139482,
      "avg_wait_down": 13.190430421207362,
      "avg_wait_left": 15.120696908000893,
      "avg_wait_up": 16.21813943209488,
      "p95_wait": 42.80008559997563,
      "max_wait": 56.70011340000616,
      "throughput": 40.79991840016967,
      "avg_queue": 13.158333333333333,
      "max_queue": 26,
      "queues": [
        6,
        6,
        3,
        4
      ],
      "crossed": 204,
      "spawned": 223,
      "external_spawned": 145,
      "transferred_in": 78,
      "exited_world": 148,
      "red_light_violations": 0,
      "fairness": 0.9304123711340206,
      "iid": 1
    },
    {
      "avg_wait": 12.053692368896744,
      "avg_wait_right": 8.334044445831319,
      "avg_wait_down": 11.774190214997292,
      "avg_wait_left": 15.433111674239523,
      "avg_wait_up": 11.261451094282009,
      "p95_wait": 33.51673370000364,
      "max_wait": 51.133435599948655,
      "throughput": 37.799924400157195,
      "avg_queue": 12.04,
      "max_queue": 22,
      "queues": [
        6,
        4,
        3,
        7
      ],
      "crossed": 189,
      "spawned": 209,
      "external_spawned": 159,
      "transferred_in": 50,
      "exited_world": 115,
      "red_light_violations": 0,
      "fairness": 0.9090909090909091,
      "iid": 2
    },
    {
      "avg_wait": 13.81968969769281,
      "avg_wait_right": 13.231574082139145,
      "avg_wait_down": 14.676642256448861,
      "avg_wait_left": 12.823835171426301,
      "avg_wait_up": 14.381424111625256,
      "p95_wait": 36.01673870000391,
      "max_wait": 49.51676570000538,
      "throughput": 39.59992080016468,
      "avg_queue": 13.176666666666666,
      "max_queue": 32,
      "queues": [
        8,
        2,
        4,
        5
      ],
      "crossed": 198,
      "spawned": 217,
      "external_spawned": 148,
      "transferred_in": 69,
      "exited_world": 129,
      "red_light_violations": 0,
      "fairness": 0.8279816513761468,
      "iid": 3
    }
  ],
  "overall": {
    "avg_wait": 13.464592390994913,
    "avg_wait_right": 11.373625206596829,
    "avg_wait_down": 12.872204362977865,
    "avg_wait_left": 14.801676917448658,
    "avg_wait_up": 13.757368829575398,
    "p95_wait": 36.87507374999675,
    "throughput": 154.59969080064292,
    "avg_queue": 12.389583333333333,
    "fairness": 0.8573474233764595,
    "crossed": 773,
    "spawned": 847,
    "external_spawned": 600,
    "transferred_in": 247,
    "exited_world": 508,
    "red_light_violations": 0
  }
}