{
  "mode": "rl",
  "seed": 40,
  "spawn_rate": 2.0,
  "duration_s": 300.00059999995244,
  "fixed_dt_s": 0.0166667,
  "rl": {
    "model_path": "models/studies/final_final_results_train10/shared_qtable.json",
    "training": true,
    "epsilon": 0.02,
    "updates": 210,
    "state_profile": "fine",
    "state_table_size": 9216
  },
  "neural": {
    "model_path": "models/neural_hybrid.pt",
    "collect_data": false,
    "data_path": "data/neural/greedy_data.csv",
    "teacher_policy": "greedy"
  },
  "intersections": [
    {
      "avg_wait": 14.522052853569141,
      "avg_wait_right": 12.27754393488171,
      "avg_wait_down": 16.51174473512967,
      "avg_wait_left": 13.830694327998884,
      "avg_wait_up": 15.605345220287827,
      "p95_wait": 36.46673960000396,
      "max_wait": 63.6001271999512,
      "throughput": 40.59991880016883,
      "avg_queue": 14.473333333333333,
      "max_queue": 27,
      "queues": [
        7,
        2,
        10,
        2
      ],
      "crossed": 203,
      "spawned": 224,
      "external_spawned": 159,
      "transferred_in": 65,
      "exited_world": 130,
      "red_light_violations": 0,
      "fairness": 0.7022292993630573,
      "iid": 0
    },
    {
      "avg_wait": 14.394238491077793,
      "avg_wait_right": 15.754688372057942,
      "avg_wait_down": 16.023561458821337,
      "avg_wait_left": 9.348392680485881,
      "avg_wait_up": 15.236697139996906,
      "p95_wait": 36.233405800003936,
      "max_wait": 44.416755500004825,
      "throughput": 40.399919200168,
      "avg_queue": 12.09,
      "max_queue": 25,
      "queues": [
        4,
        0,
        3,
        4
      ],
      "crossed": 202,
      "spawned": 213,
      "external_spawned": 148,
      "transferred_in": 65,
      "exited_world": 127,
      "red_light_violations": 0,
      "fairness": 0.7378048780487805,
      "iid": 1
    },
    {
      "avg_wait": 17.940634171792066,
      "avg_wait_right": 13.092883328565845,
      "avg_wait_down": 19.014727294911065,
      "avg_wait_left": 23.22136997205908,
      "avg_wait_up": 10.280323590905393,
      "p95_wait": 44.85008970000487,
      "max_wait": 63.25012650000687,
      "throughput": 34.59993080014389,
      "avg_queue": 13.003333333333334,
      "max_queue": 27,
      "queues": [
        9,
        6,
        1,
        6
      ],
      "crossed": 173,
      "spawned": 195,
      "external_spawned": 129,
      "transferred_in": 66,
      "exited_world": 119,
      "red_light_violations": 0,
      "fairness": 0.7857142857142857,
      "iid": 2
    },
    {
      "avg_wait": 15.874808535266283,
      "avg_wait_right": 15.971576658534165,
      "avg_wait_down": 17.434234002595193,
      "avg_wait_left": 12.23973036176368,
      "avg_wait_up": 15.732289529033888,
      "p95_wait": 40.20008040000437,
      "max_wait": 58.98345130000641,
      "throughput": 40.9999180001705,
      "avg_queue": 15.165,
      "max_queue": 28,
      "queues": [
        13,
        3,
        1,
        2
      ],
      "crossed": 205,
      "spawned": 224,
      "external_spawned": 164,
      "transferred_in": 60,
      "exited_world": 143,
      "red_light_violations": 0,
      "fairness": 0.4931693989071038,
      "iid": 3
    }
  ],
  "overall": {
    "avg_wait": 15.68293351292632,
    "avg_wait_right": 14.274173073509916,
    "avg_wait_down": 17.24606687286432,
    "avg_wait_left": 14.660046835576882,
    "avg_wait_up": 14.213663870056003,
    "p95_wait": 39.437578875004284,
    "throughput": 156.59968680065123,
    "avg_queue": 13.682916666666667,
    "fairness": 0.6797294655083068,
    "crossed": 783,
    "spawned": 856,
    "external_spawned": 600,
    "transferred_in": 256,
    "exited_world": 519,
    "red_light_violations": 0
  }
}