{
  "mode": "rl",
  "seed": 49,
  "spawn_rate": 2.0,
  "duration_s": 180.00036000001444,
  "fixed_dt_s": 0.0166667,
  "rl": {
    "model_path": "models\\epoch_snapshots\\final_final_results_train10\\epoch_010.json",
    "training": false,
    "epsilon": 0.02,
    "updates": 0,
    "state_profile": "fine",
    "state_table_size": 9216
  },
  "neural": {
    "model_path": "models/neural_hybrid.pt",
    "collect_data": false,
    "data_path": "data/neural/greedy_data.csv",
    "teacher_policy": "greedy"
  },
  "intersections": [
    {
      "avg_wait": 15.116696900001356,
      "avg_wait_right": 14.607080496155005,
      "avg_wait_down": 16.546699760001797,
      "avg_wait_left": 15.411795529413038,
      "avg_wait_up": 14.441139993334705,
      "p95_wait": 32.816732300003565,
      "max_wait": 58.25011650000633,
      "throughput": 43.33324666683653,
      "avg_queue": 14.2,
      "max_queue": 28,
      "queues": [
        6,
        1,
        3,
        2
      ],
      "crossed": 130,
      "spawned": 142,
      "external_spawned": 101,
      "transferred_in": 41,
      "exited_world": 91,
      "red_light_violations": 0,
      "fairness": 0.72,
      "iid": 0
    },
    {
      "avg_wait": 13.27237796589267,
      "avg_wait_right": 19.740828955265,
      "avg_wait_down": 8.580881359260061,
      "avg_wait_left": 11.714904382143866,
      "avg_wait_up": 11.174559386112069,
      "p95_wait": 35.8667384000039,
      "max_wait": 72.7501455000079,
      "throughput": 37.66659133348098,
      "avg_queue": 11.391666666666667,
      "max_queue": 20,
      "queues": [
        5,
        5,
        3,
        3
      ],
      "crossed": 113,
      "spawned": 129,
      "external_spawned": 95,
      "transferred_in": 34,
      "exited_world": 64,
      "red_light_violations": 0,
      "fairness": 0.9411764705882353,
      "iid": 1
    },
    {
      "avg_wait": 12.86306920434912,
      "avg_wait_right": 12.858359050000946,
      "avg_wait_down": 12.94478779428708,
      "avg_wait_left": 12.415814305264485,
      "avg_wait_up": 13.45558246666807,
      "p95_wait": 30.866728400003353,
      "max_wait": 36.66674000000398,
      "throughput": 34.33326466680124,
      "avg_queue": 9.844444444444445,
      "max_queue": 19,
      "queues": [
        2,
        1,
        3,
        6
      ],
      "crossed": 103,
      "spawned": 115,
      "external_spawned": 86,
      "transferred_in": 29,
      "exited_world": 69,
      "red_light_violations": 0,
      "fairness": 0.72,
      "iid": 2
    },
    {
      "avg_wait": 13.213330520176715,
      "avg_wait_right": 11.137938942500941,
      "avg_wait_down": 16.717106604879703,
      "avg_wait_left": 12.037061111112418,
      "avg_wait_up": 10.582243386667775,
      "p95_wait": 33.816734300003674,
      "max_wait": 46.166759000005015,
      "throughput": 33.6665993334653,
      "avg_queue": 9.725,
      "max_queue": 23,
      "queues": [
        2,
        4,
        6,
        1
      ],
      "crossed": 101,
      "spawned": 114,
      "external_spawned": 78,
      "transferred_in": 36,
      "exited_world": 73,
      "red_light_violations": 0,
      "fairness": 0.7412280701754386,
      "iid": 3
    }
  ],
  "overall": {
    "avg_wait": 13.616368647604965,
    "avg_wait_right": 14.586051860980472,
    "avg_wait_down": 13.697368879607161,
    "avg_wait_left": 12.894893831983453,
    "avg_wait_up": 12.413381308195655,
    "p95_wait": 33.34173335000362,
    "throughput": 148.99970200058405,
    "avg_queue": 11.290277777777778,
    "fairness": 0.7806011351909184,
    "crossed": 447,
    "spawned": 500,
    "external_spawned": 360,
    "transferred_in": 140,
    "exited_world": 297,
    "red_light_violations": 0
  }
}