{
  "mode": "rl",
  "seed": 45,
  "spawn_rate": 2.0,
  "duration_s": 300.00059999995244,
  "fixed_dt_s": 0.0166667,
  "rl": {
    "model_path": "models/studies/final_final_results_train10/shared_qtable.json",
    "training": true,
    "epsilon": 0.02,
    "updates": 212,
    "state_profile": "fine",
    "state_table_size": 9216
  },
  "neural": {
    "model_path": "models/neural_hybrid.pt",
    "collect_data": false,
    "data_path": "data/neural/greedy_data.csv",
    "teacher_policy": "greedy"
  },
  "intersections": [
    {
      "avg_wait": 14.792246565562436,
      "avg_wait_right": 13.933361199998489,
      "avg_wait_down": 12.275024549998514,
      "avg_wait_left": 16.09553483650468,
      "avg_wait_up": 15.653787176050121,
      "p95_wait": 40.11674689994328,
      "max_wait": 79.53349239995919,
      "throughput": 37.599924800156366,
      "avg_queue": 12.06,
      "max_queue": 30,
      "queues": [
        2,
        6,
        11,
        5
      ],
      "crossed": 188,
      "spawned": 212,
      "external_spawned": 147,
      "transferred_in": 65,
      "exited_world": 109,
      "red_light_violations": 0,
      "fairness": 0.7741935483870968,
      "iid": 0
    },
    {
      "avg_wait": 16.01755942159359,
      "avg_wait_right": 16.848808207349602,
      "avg_wait_down": 13.273144825805403,
      "avg_wait_left": 15.337173531423018,
      "avg_wait_up": 16.680413107593534,
      "p95_wait": 45.98342529996066,
      "max_wait": 72.23347780000785,
      "throughput": 38.79992240016135,
      "avg_queue": 13.721666666666666,
      "max_queue": 24,
      "queues": [
        4,
        5,
        3,
        7
      ],
      "crossed": 194,
      "spawned": 213,
      "external_spawned": 149,
      "transferred_in": 64,
      "exited_world": 132,
      "red_light_violations": 0,
      "fairness": 0.9116161616161617,
      "iid": 1
    },
    {
      "avg_wait": 19.538927966663937,
      "avg_wait_right": 16.86825079069649,
      "avg_wait_down": 23.244490933330265,
      "avg_wait_left": 18.923371179997613,
      "avg_wait_up": 15.028951626466043,
      "p95_wait": 42.53341840000462,
      "max_wait": 86.23350579994849,
      "throughput": 43.59991280018131,
      "avg_queue": 17.366666666666667,
      "max_queue": 31,
      "queues": [
        6,
        0,
        6,
        1
      ],
      "crossed": 218,
      "spawned": 231,
      "external_spawned": 154,
      "transferred_in": 77,
      "exited_world": 141,
      "red_light_violations": 0,
      "fairness": 0.5787671232876712,
      "iid": 2
    },
    {
      "avg_wait": 16.89643441877683,
      "avg_wait_right": 18.73360228194177,
      "avg_wait_down": 19.79420625499811,
      "avg_wait_left": 13.835497756408605,
      "avg_wait_up": 12.449628073805606,
      "p95_wait": 42.3167513000046,
      "max_wait": 78.53349040000853,
      "throughput": 39.79992040016551,
      "avg_queue": 13.805,
      "max_queue": 27,
      "queues": [
        3,
        2,
        2,
        7
      ],
      "crossed": 199,
      "spawned": 213,
      "external_spawned": 150,
      "transferred_in": 63,
      "exited_world": 121,
      "red_light_violations": 0,
      "fairness": 0.7424242424242424,
      "iid": 3
    }
  ],
  "overall": {
    "avg_wait": 16.8112920931492,
    "avg_wait_right": 16.59600561999659,
    "avg_wait_down": 17.146716641033073,
    "avg_wait_left": 16.04789432608348,
    "avg_wait_up": 14.953194995978826,
    "p95_wait": 42.73758547497829,
    "throughput": 159.79968040066453,
    "avg_queue": 14.238333333333333,
    "fairness": 0.751750268928793,
    "crossed": 799,
    "spawned": 869,
    "external_spawned": 600,
    "transferred_in": 269,
    "exited_world": 503,
    "red_light_violations": 0
  }
}