{
  "mode": "rl",
  "seed": 40,
  "spawn_rate": 2.0,
  "duration_s": 300.00059999995244,
  "fixed_dt_s": 0.0166667,
  "rl": {
    "model_path": "models/studies/final_final_results_train10/shared_qtable.json",
    "training": true,
    "epsilon": 0.030702645863695296,
    "updates": 216,
    "state_profile": "fine",
    "state_table_size": 9216
  },
  "neural": {
    "model_path": "models/neural_hybrid.pt",
    "collect_data": false,
    "data_path": "data/neural/greedy_data.csv",
    "teacher_policy": "greedy"
  },
  "intersections": [
    {
      "avg_wait": 23.192477946858965,
      "avg_wait_right": 14.831892408821249,
      "avg_wait_down": 10.250637785182603,
      "avg_wait_left": 21.748869788731128,
      "avg_wait_up": 33.00828823866725,
      "p95_wait": 64.15012830000697,
      "max_wait": 116.41689950001265,
      "throughput": 37.799924400157195,
      "avg_queue": 17.606666666666666,
      "max_queue": 37,
      "queues": [
        7,
        3,
        4,
        4
      ],
      "crossed": 189,
      "spawned": 207,
      "external_spawned": 143,
      "transferred_in": 64,
      "exited_world": 138,
      "red_light_violations": 0,
      "fairness": 0.9,
      "iid": 0
    },
    {
      "avg_wait": 20.55480301428343,
      "avg_wait_right": 27.301593064615737,
      "avg_wait_down": 12.016690699997074,
      "avg_wait_left": 20.302001388232085,
      "avg_wait_up": 18.975138351803537,
      "p95_wait": 53.86677440000585,
      "max_wait": 71.8501437000078,
      "throughput": 40.79991840016967,
      "avg_queue": 16.996666666666666,
      "max_queue": 33,
      "queues": [
        2,
        4,
        3,
        4
      ],
      "crossed": 204,
      "spawned": 217,
      "external_spawned": 151,
      "transferred_in": 66,
      "exited_world": 142,
      "red_light_violations": 0,
      "fairness": 0.9388888888888889,
      "iid": 1
    },
    {
      "avg_wait": 18.04416874132388,
      "avg_wait_right": 16.393043538707623,
      "avg_wait_down": 17.805949590319056,
      "avg_wait_left": 21.648327610289925,
      "avg_wait_up": 12.926216328572782,
      "p95_wait": 51.36676939999194,
      "max_wait": 71.31680930000775,
      "throughput": 35.79992840014887,
      "avg_queue": 14.096666666666666,
      "max_queue": 28,
      "queues": [
        4,
        3,
        8,
        2
      ],
      "crossed": 179,
      "spawned": 196,
      "external_spawned": 142,
      "transferred_in": 54,
      "exited_world": 111,
      "red_light_violations": 0,
      "fairness": 0.7768817204301075,
      "iid": 2
    },
    {
      "avg_wait": 16.651684954952803,
      "avg_wait_right": 21.417953283579095,
      "avg_wait_down": 14.895969962817617,
      "avg_wait_left": 14.87895132646901,
      "avg_wait_up": 13.811655530232608,
      "p95_wait": 45.783424900004974,
      "max_wait": 76.23348580000828,
      "throughput": 38.99992200016218,
      "avg_queue": 15.408333333333333,
      "max_queue": 29,
      "queues": [
        12,
        7,
        4,
        4
      ],
      "crossed": 195,
      "spawned": 222,
      "external_spawned": 164,
      "transferred_in": 58,
      "exited_world": 126,
      "red_light_violations": 0,
      "fairness": 0.81,
      "iid": 3
    }
  ],
  "overall": {
    "avg_wait": 19.61078366435477,
    "avg_wait_right": 19.986120573930926,
    "avg_wait_down": 13.742312009579088,
    "avg_wait_left": 19.644537528430536,
    "avg_wait_up": 19.680324612319044,
    "p95_wait": 53.79177425000243,
    "throughput": 153.39969320063793,
    "avg_queue": 16.027083333333334,
    "fairness": 0.8564426523297491,
    "crossed": 767,
    "spawned": 842,
    "external_spawned": 600,
    "transferred_in": 242,
    "exited_world": 517,
    "red_light_violations": 0
  }
}