epoch,eval_summary_csv,n_runs,avg_wait_mean,throughput_mean,fairness_mean,red_light_violations_mean,best_run_id,best_model_path,best_avg_wait,best_throughput,best_fairness,best_red_light_violations
1,results\rl_boost_protocol_v1_val_e001\summary.csv,5,27.23291836682683,64.93333333332056,0.6004227553222146,0.0,rl_seed31_spawn1p00,models\epoch_snapshots\rl_boost_protocol_v1\epoch_001.json,23.932555050693495,63.33333333332088,0.6525380463334859,0.0
2,results\rl_boost_protocol_v1_val_e002\summary.csv,5,26.281820153873632,64.5999999999873,0.6033553589946448,0.0,rl_seed31_spawn1p00,models\epoch_snapshots\rl_boost_protocol_v1\epoch_002.json,22.55383036155702,65.66666666665375,0.6353440312295131,0.0
3,results\rl_boost_protocol_v1_val_e003\summary.csv,5,28.141948127912638,63.199999999987575,0.5632607638836973,0.0,rl_seed34_spawn1p00,models\epoch_snapshots\rl_boost_protocol_v1\epoch_003.json,26.09242989805297,62.66666666665435,0.5940487758369992,0.0
4,results\rl_boost_protocol_v1_val_e004\summary.csv,5,26.07973885165456,65.19999999998718,0.6276655213846232,0.0,rl_seed31_spawn1p00,models\epoch_snapshots\rl_boost_protocol_v1\epoch_004.json,22.669682504381434,65.99999999998703,0.6380986010223298,0.0
5,results\rl_boost_protocol_v1_val_e005\summary.csv,5,28.039351190232136,65.53333333332046,0.5822263519716219,0.0,rl_seed33_spawn1p00,models\epoch_snapshots\rl_boost_protocol_v1\epoch_005.json,26.07587349209783,62.66666666665435,0.5655439273860327,0.0
6,results\rl_boost_protocol_v1_val_e006\summary.csv,5,29.765763369089935,64.19999999998737,0.6025905386487596,0.0,rl_seed32_spawn1p00,models\epoch_snapshots\rl_boost_protocol_v1\epoch_006.json,26.940025285229428,66.99999999998683,0.6728086219592107,0.0
