{
  "mode": "rl",
  "seed": 43,
  "spawn_rate": 2.0,
  "duration_s": 300.00059999995244,
  "fixed_dt_s": 0.0166667,
  "rl": {
    "model_path": "models/studies/final_final_results_train10/shared_qtable.json",
    "training": true,
    "epsilon": 0.02,
    "updates": 215,
    "state_profile": "fine",
    "state_table_size": 9216
  },
  "neural": {
    "model_path": "models/neural_hybrid.pt",
    "collect_data": false,
    "data_path": "data/neural/greedy_data.csv",
    "teacher_policy": "greedy"
  },
  "intersections": [
    {
      "avg_wait": 18.687448722336672,
      "avg_wait_right": 14.007805793324533,
      "avg_wait_down": 16.465465029625655,
      "avg_wait_left": 20.17332076983948,
      "avg_wait_up": 20.257638554408505,
      "p95_wait": 42.066750799952416,
      "max_wait": 70.36680739995433,
      "throughput": 34.19993160014222,
      "avg_queue": 11.786666666666667,
      "max_queue": 23,
      "queues": [
        9,
        0,
        6,
        2
      ],
      "crossed": 171,
      "spawned": 188,
      "external_spawned": 124,
      "transferred_in": 64,
      "exited_world": 118,
      "red_light_violations": 0,
      "fairness": 0.5971074380165289,
      "iid": 0
    },
    {
      "avg_wait": 13.093934817256951,
      "avg_wait_right": 14.911696489999754,
      "avg_wait_down": 8.313691841023209,
      "avg_wait_left": 16.890986162854265,
      "avg_wait_up": 12.58221694520311,
      "p95_wait": 34.750069500003775,
      "max_wait": 48.71676410000529,
      "throughput": 37.39992520015553,
      "avg_queue": 11.523333333333333,
      "max_queue": 23,
      "queues": [
        4,
        0,
        3,
        3
      ],
      "crossed": 187,
      "spawned": 197,
      "external_spawned": 146,
      "transferred_in": 51,
      "exited_world": 116,
      "red_light_violations": 0,
      "fairness": 0.7352941176470589,
      "iid": 1
    },
    {
      "avg_wait": 19.632683893386176,
      "avg_wait_right": 14.87121029791466,
      "avg_wait_down": 22.897762690408413,
      "avg_wait_left": 19.467882072940526,
      "avg_wait_up": 19.74957653610533,
      "p95_wait": 50.483434300005484,
      "max_wait": 79.90015980000868,
      "throughput": 43.799912400182144,
      "avg_queue": 18.905,
      "max_queue": 35,
      "queues": [
        3,
        10,
        6,
        4
      ],
      "crossed": 219,
      "spawned": 242,
      "external_spawned": 173,
      "transferred_in": 69,
      "exited_world": 134,
      "red_light_violations": 0,
      "fairness": 0.8214285714285714,
      "iid": 2
    },
    {
      "avg_wait": 18.860871054996174,
      "avg_wait_right": 24.654724106092623,
      "avg_wait_down": 18.36328458973762,
      "avg_wait_left": 13.725721895833148,
      "avg_wait_up": 12.929713359373793,
      "p95_wait": 49.23343179999682,
      "max_wait": 75.98348530000825,
      "throughput": 42.59991480017715,
      "avg_queue": 17.85,
      "max_queue": 34,
      "queues": [
        10,
        9,
        6,
        2
      ],
      "crossed": 213,
      "spawned": 240,
      "external_spawned": 157,
      "transferred_in": 83,
      "exited_world": 135,
      "red_light_violations": 0,
      "fairness": 0.8246606334841629,
      "iid": 3
    }
  ],
  "overall": {
    "avg_wait": 17.568734621993993,
    "avg_wait_right": 17.11135917183289,
    "avg_wait_down": 16.510051037698723,
    "avg_wait_left": 17.564477725366856,
    "avg_wait_up": 16.379786348772683,
    "p95_wait": 44.133421599989624,
    "throughput": 157.99968400065706,
    "avg_queue": 15.016250000000001,
    "fairness": 0.7446226901440804,
    "crossed": 790,
    "spawned": 867,
    "external_spawned": 600,
    "transferred_in": 267,
    "exited_world": 503,
    "red_light_violations": 0
  }
}