{
  "mode": "rl",
  "seed": 43,
  "spawn_rate": 2.0,
  "duration_s": 300.00059999995244,
  "fixed_dt_s": 0.0166667,
  "rl": {
    "model_path": "models/studies/final_final_results_train10/shared_qtable.json",
    "training": true,
    "epsilon": 0.12757506724807469,
    "updates": 220,
    "state_profile": "fine",
    "state_table_size": 9216
  },
  "neural": {
    "model_path": "models/neural_hybrid.pt",
    "collect_data": false,
    "data_path": "data/neural/greedy_data.csv",
    "teacher_policy": "greedy"
  },
  "intersections": [
    {
      "avg_wait": 18.311222808555822,
      "avg_wait_right": 9.933843397056005,
      "avg_wait_down": 11.32298560888495,
      "avg_wait_left": 24.016939925671444,
      "avg_wait_up": 20.877577986956208,
      "p95_wait": 52.233437800005674,
      "max_wait": 71.83347700000462,
      "throughput": 40.59991880016883,
      "avg_queue": 14.45,
      "max_queue": 26,
      "queues": [
        6,
        4,
        4,
        5
      ],
      "crossed": 203,
      "spawned": 222,
      "external_spawned": 153,
      "transferred_in": 69,
      "exited_world": 127,
      "red_light_violations": 0,
      "fairness": 0.9704301075268817,
      "iid": 0
    },
    {
      "avg_wait": 18.26345835574964,
      "avg_wait_right": 18.680513551424017,
      "avg_wait_down": 12.929755589188114,
      "avg_wait_left": 19.89011914523631,
      "avg_wait_up": 19.559995829868225,
      "p95_wait": 48.61676390000528,
      "max_wait": 69.53347240000755,
      "throughput": 40.79991840016967,
      "avg_queue": 16.926666666666666,
      "max_queue": 31,
      "queues": [
        7,
        3,
        3,
        9
      ],
      "crossed": 204,
      "spawned": 226,
      "external_spawned": 168,
      "transferred_in": 58,
      "exited_world": 127,
      "red_light_violations": 0,
      "fairness": 0.8175675675675675,
      "iid": 1
    },
    {
      "avg_wait": 20.915319608330094,
      "avg_wait_right": 16.66013433029281,
      "avg_wait_down": 22.529745914099628,
      "avg_wait_left": 21.66561710163931,
      "avg_wait_up": 19.938060709372117,
      "p95_wait": 50.91676850000553,
      "max_wait": 82.23349780000893,
      "throughput": 36.19992760015054,
      "avg_queue": 16.06,
      "max_queue": 26,
      "queues": [
        8,
        11,
        3,
        1
      ],
      "crossed": 181,
      "spawned": 204,
      "external_spawned": 134,
      "transferred_in": 70,
      "exited_world": 125,
      "red_light_violations": 0,
      "fairness": 0.6782051282051282,
      "iid": 2
    },
    {
      "avg_wait": 20.59030520693026,
      "avg_wait_right": 17.47618879846204,
      "avg_wait_down": 28.40987417123197,
      "avg_wait_left": 11.483846497057185,
      "avg_wait_up": 18.63059281666673,
      "p95_wait": 59.8334530000042,
      "max_wait": 88.76684420000964,
      "throughput": 37.19992560015469,
      "avg_queue": 16.52,
      "max_queue": 30,
      "queues": [
        4,
        7,
        5,
        0
      ],
      "crossed": 186,
      "spawned": 202,
      "external_spawned": 145,
      "transferred_in": 57,
      "exited_world": 127,
      "red_light_violations": 0,
      "fairness": 0.7111111111111111,
      "iid": 3
    }
  ],
  "overall": {
    "avg_wait": 19.520076494891455,
    "avg_wait_right": 15.687670019308719,
    "avg_wait_down": 18.798090320851166,
    "avg_wait_left": 19.264130667401062,
    "avg_wait_up": 19.75155683571582,
    "p95_wait": 52.90010580000517,
    "throughput": 154.79969040064373,
    "avg_queue": 15.989166666666666,
    "fairness": 0.7943284786026722,
    "crossed": 774,
    "spawned": 854,
    "external_spawned": 600,
    "transferred_in": 254,
    "exited_world": 506,
    "red_light_violations": 0
  }
}