{
  "mode": "rl",
  "seed": 43,
  "spawn_rate": 2.0,
  "duration_s": 300.00059999995244,
  "fixed_dt_s": 0.0166667,
  "rl": {
    "model_path": "models/studies/final_final_results_train10/shared_qtable.json",
    "training": true,
    "epsilon": 0.02,
    "updates": 209,
    "state_profile": "fine",
    "state_table_size": 9216
  },
  "neural": {
    "model_path": "models/neural_hybrid.pt",
    "collect_data": false,
    "data_path": "data/neural/greedy_data.csv",
    "teacher_policy": "greedy"
  },
  "intersections": [
    {
      "avg_wait": 17.46201905095009,
      "avg_wait_right": 13.58516230539966,
      "avg_wait_down": 17.24417863243216,
      "avg_wait_left": 19.920999437874325,
      "avg_wait_up": 17.307891758571945,
      "p95_wait": 46.9500939000051,
      "max_wait": 63.45012690000689,
      "throughput": 39.199921600163016,
      "avg_queue": 14.716666666666667,
      "max_queue": 30,
      "queues": [
        4,
        2,
        5,
        3
      ],
      "crossed": 196,
      "spawned": 210,
      "external_spawned": 150,
      "transferred_in": 60,
      "exited_world": 126,
      "red_light_violations": 0,
      "fairness": 0.9074074074074074,
      "iid": 0
    },
    {
      "avg_wait": 18.97512128349675,
      "avg_wait_right": 22.193079211936784,
      "avg_wait_down": 15.144196954997145,
      "avg_wait_left": 13.457645962854139,
      "avg_wait_up": 21.22935280344491,
      "p95_wait": 51.600103200005606,
      "max_wait": 86.80017360000906,
      "throughput": 35.79992840014887,
      "avg_queue": 13.645,
      "max_queue": 24,
      "queues": [
        13,
        4,
        2,
        2
      ],
      "crossed": 179,
      "spawned": 200,
      "external_spawned": 136,
      "transferred_in": 64,
      "exited_world": 110,
      "red_light_violations": 0,
      "fairness": 0.5712435233160622,
      "iid": 1
    },
    {
      "avg_wait": 18.59284345341619,
      "avg_wait_right": 8.857517714996368,
      "avg_wait_down": 23.586269394664576,
      "avg_wait_left": 18.80956142857073,
      "avg_wait_up": 18.498608425707104,
      "p95_wait": 51.70010339993058,
      "max_wait": 71.70014340000779,
      "throughput": 42.39991520017632,
      "avg_queue": 16.936666666666667,
      "max_queue": 30,
      "queues": [
        4,
        4,
        6,
        8
      ],
      "crossed": 212,
      "spawned": 234,
      "external_spawned": 160,
      "transferred_in": 74,
      "exited_world": 144,
      "red_light_violations": 0,
      "fairness": 0.9166666666666666,
      "iid": 2
    },
    {
      "avg_wait": 17.765301017254824,
      "avg_wait_right": 15.741975928329795,
      "avg_wait_down": 23.112391903702786,
      "avg_wait_left": 10.31542943584714,
      "avg_wait_up": 20.363061559374326,
      "p95_wait": 41.98341730000456,
      "max_wait": 61.50012300000668,
      "throughput": 39.99992000016634,
      "avg_queue": 16.676666666666666,
      "max_queue": 30,
      "queues": [
        9,
        6,
        10,
        1
      ],
      "crossed": 200,
      "spawned": 226,
      "external_spawned": 154,
      "transferred_in": 72,
      "exited_world": 126,
      "red_light_violations": 0,
      "fairness": 0.7752293577981652,
      "iid": 3
    }
  ],
  "overall": {
    "avg_wait": 18.198821201279465,
    "avg_wait_right": 15.094433790165652,
    "avg_wait_down": 19.771759221449166,
    "avg_wait_left": 15.625909066286583,
    "avg_wait_up": 19.34972863677457,
    "p95_wait": 48.05842944998646,
    "throughput": 157.39968520065455,
    "avg_queue": 15.49375,
    "fairness": 0.7926367387970754,
    "crossed": 787,
    "spawned": 870,
    "external_spawned": 600,
    "transferred_in": 270,
    "exited_world": 506,
    "red_light_violations": 0
  }
}