{
  "mode": "rl",
  "seed": 50,
  "spawn_rate": 2.0,
  "duration_s": 180.00036000001444,
  "fixed_dt_s": 0.0166667,
  "rl": {
    "model_path": "models\\epoch_snapshots\\final_final_results_train10\\epoch_005.json",
    "training": false,
    "epsilon": 0.02,
    "updates": 0,
    "state_profile": "fine",
    "state_table_size": 9216
  },
  "neural": {
    "model_path": "models/neural_hybrid.pt",
    "collect_data": false,
    "data_path": "data/neural/greedy_data.csv",
    "teacher_policy": "greedy"
  },
  "intersections": [
    {
      "avg_wait": 15.024030048001343,
      "avg_wait_right": 15.559451408697111,
      "avg_wait_down": 12.1087198695661,
      "avg_wait_left": 14.086932935715632,
      "avg_wait_up": 17.5671522513529,
      "p95_wait": 37.81674230000411,
      "max_wait": 57.45011490000624,
      "throughput": 36.66659333347705,
      "avg_queue": 12.286111111111111,
      "max_queue": 27,
      "queues": [
        4,
        3,
        7,
        1
      ],
      "crossed": 110,
      "spawned": 125,
      "external_spawned": 93,
      "transferred_in": 32,
      "exited_world": 64,
      "red_light_violations": 0,
      "fairness": 0.75,
      "iid": 0
    },
    {
      "avg_wait": 12.833087996749116,
      "avg_wait_right": 12.422674417949917,
      "avg_wait_down": 11.34446713333426,
      "avg_wait_left": 9.90089699473775,
      "avg_wait_up": 15.453689443903786,
      "p95_wait": 29.333392000002267,
      "max_wait": 49.100098200005334,
      "throughput": 38.33325666681692,
      "avg_queue": 8.944444444444445,
      "max_queue": 20,
      "queues": [
        1,
        0,
        1,
        6
      ],
      "crossed": 115,
      "spawned": 123,
      "external_spawned": 82,
      "transferred_in": 41,
      "exited_world": 65,
      "red_light_violations": 0,
      "fairness": 0.42105263157894735,
      "iid": 1
    },
    {
      "avg_wait": 11.95816640992473,
      "avg_wait_right": 8.585136217857968,
      "avg_wait_down": 11.614606562500878,
      "avg_wait_left": 12.004734154348997,
      "avg_wait_up": 18.196114823531037,
      "p95_wait": 34.50006900000375,
      "max_wait": 45.800091600004976,
      "throughput": 37.99992400014895,
      "avg_queue": 10.2,
      "max_queue": 23,
      "queues": [
        6,
        6,
        2,
        3
      ],
      "crossed": 114,
      "spawned": 131,
      "external_spawned": 87,
      "transferred_in": 44,
      "exited_world": 70,
      "red_light_violations": 0,
      "fairness": 0.85,
      "iid": 2
    },
    {
      "avg_wait": 14.565879947553894,
      "avg_wait_right": 13.32299961892025,
      "avg_wait_down": 17.920035840001756,
      "avg_wait_left": 9.775945477778762,
      "avg_wait_up": 14.184056145834772,
      "p95_wait": 36.216739100003934,
      "max_wait": 60.516787700006574,
      "throughput": 40.99991800016071,
      "avg_queue": 13.675,
      "max_queue": 25,
      "queues": [
        9,
        6,
        3,
        2
      ],
      "crossed": 123,
      "spawned": 143,
      "external_spawned": 98,
      "transferred_in": 45,
      "exited_world": 69,
      "red_light_violations": 0,
      "fairness": 0.7692307692307693,
      "iid": 3
    }
  ],
  "overall": {
    "avg_wait": 13.59529110055727,
    "avg_wait_right": 12.472565415856312,
    "avg_wait_down": 13.246957351350748,
    "avg_wait_left": 11.442127390645286,
    "avg_wait_up": 16.350253166155625,
    "p95_wait": 34.46673560000352,
    "throughput": 153.99969200060363,
    "avg_queue": 11.276388888888889,
    "fairness": 0.6975708502024291,
    "crossed": 462,
    "spawned": 522,
    "external_spawned": 360,
    "transferred_in": 162,
    "exited_world": 268,
    "red_light_violations": 0
  }
}