{
  "mode": "rl",
  "seed": 22,
  "spawn_rate": 1.0,
  "duration_s": 600.0166666664496,
  "fixed_dt_s": 0.016666666666666666,
  "rl": {
    "model_path": "models/rl_boost_epoch.json",
    "training": true,
    "epsilon": 0.02,
    "updates": 114
  },
  "neural": {
    "model_path": "models/neural_greedy.pt",
    "collect_data": false,
    "data_path": "data/neural/greedy_data.csv"
  },
  "intersections": [
    {
      "avg_wait": 51.623318042792725,
      "avg_wait_right": 52.32380952379786,
      "avg_wait_down": 33.588297872330706,
      "avg_wait_left": 52.82453703702183,
      "avg_wait_up": 62.067605633765645,
      "p95_wait": 146.23333333320033,
      "max_wait": 183.19999999983338,
      "throughput": 20.199438904482182,
      "avg_queue": 16.435831180017228,
      "max_queue": 33,
      "queues": [
        0,
        8,
        6,
        2
      ],
      "crossed": 202,
      "spawned": 218,
      "external_spawned": 145,
      "transferred_in": 73,
      "exited_world": 135,
      "red_light_violations": 0,
      "fairness": 0.6153846153846154,
      "iid": 0
    },
    {
      "avg_wait": 46.1258454106093,
      "avg_wait_right": 43.566169154210876,
      "avg_wait_down": 41.44952380950931,
      "avg_wait_left": 52.34814814813059,
      "avg_wait_up": 47.0452777777549,
      "p95_wait": 129.34999999988236,
      "max_wait": 180.7166666667361,
      "throughput": 17.49951390239793,
      "avg_queue": 13.336778639104221,
      "max_queue": 32,
      "queues": [
        12,
        10,
        9,
        1
      ],
      "crossed": 175,
      "spawned": 207,
      "external_spawned": 148,
      "transferred_in": 59,
      "exited_world": 114,
      "red_light_violations": 0,
      "fairness": 0.7852760736196319,
      "iid": 1
    },
    {
      "avg_wait": 47.17909604517629,
      "avg_wait_right": 40.407916666653946,
      "avg_wait_down": 48.477702702682315,
      "avg_wait_left": 56.61816239313474,
      "avg_wait_up": 34.41780303028285,
      "p95_wait": 127.09999999989878,
      "max_wait": 197.2166666664873,
      "throughput": 20.699425015979266,
      "avg_queue": 16.62101636520241,
      "max_queue": 36,
      "queues": [
        1,
        2,
        19,
        7
      ],
      "crossed": 207,
      "spawned": 236,
      "external_spawned": 159,
      "transferred_in": 77,
      "exited_world": 131,
      "red_light_violations": 0,
      "fairness": 0.5066265060240964,
      "iid": 2
    },
    {
      "avg_wait": 45.73586097944607,
      "avg_wait_right": 48.04846491226303,
      "avg_wait_down": 40.902923976599816,
      "avg_wait_left": 44.25740740738651,
      "avg_wait_up": 50.7737373737136,
      "p95_wait": 134.05000000008926,
      "max_wait": 161.31666666661425,
      "throughput": 19.199466681488015,
      "avg_queue": 14.347114556416882,
      "max_queue": 29,
      "queues": [
        5,
        5,
        7,
        2
      ],
      "crossed": 192,
      "spawned": 211,
      "external_spawned": 148,
      "transferred_in": 63,
      "exited_world": 123,
      "red_light_violations": 0,
      "fairness": 0.8762135922330098,
      "iid": 3
    }
  ],
  "overall": {
    "avg_wait": 47.6660301195061,
    "avg_wait_right": 46.08659006423143,
    "avg_wait_down": 41.10461209028054,
    "avg_wait_left": 51.51206374641842,
    "avg_wait_up": 48.57610595387925,
    "p95_wait": 134.18333333326768,
    "throughput": 77.59784450434739,
    "avg_queue": 15.185185185185185,
    "fairness": 0.6958751968153384,
    "crossed": 776,
    "spawned": 872,
    "external_spawned": 600,
    "transferred_in": 272,
    "exited_world": 503,
    "red_light_violations": 0
  }
}