{
  "mode": "rl",
  "seed": 35,
  "spawn_rate": 1.0,
  "duration_s": 180.00000000003539,
  "fixed_dt_s": 0.016666666666666666,
  "rl": {
    "model_path": "models\\epoch_snapshots\\rl_boost_protocol_v1\\epoch_003.json",
    "training": false,
    "epsilon": 0.03352766244440963,
    "updates": 0
  },
  "neural": {
    "model_path": "models/neural_greedy.pt",
    "collect_data": false,
    "data_path": "data/neural/greedy_data.csv"
  },
  "intersections": [
    {
      "avg_wait": 22.15701754386656,
      "avg_wait_right": 30.034848484862554,
      "avg_wait_down": 19.289743589751136,
      "avg_wait_left": 17.43181818182291,
      "avg_wait_up": 27.11818181818518,
      "p95_wait": 60.50000000003662,
      "max_wait": 76.14999999999569,
      "throughput": 15.999999999996856,
      "avg_queue": 7.508620689655173,
      "max_queue": 17,
      "queues": [
        4,
        1,
        1,
        3
      ],
      "crossed": 48,
      "spawned": 57,
      "external_spawned": 50,
      "transferred_in": 7,
      "exited_world": 23,
      "red_light_violations": 0,
      "fairness": 0.75,
      "iid": 0
    },
    {
      "avg_wait": 24.88280423280896,
      "avg_wait_right": 20.61333333333523,
      "avg_wait_down": 18.692307692309914,
      "avg_wait_left": 24.96833333334279,
      "avg_wait_up": 37.306666666675135,
      "p95_wait": 65.38333333337394,
      "max_wait": 76.51666666668618,
      "throughput": 17.333333333329925,
      "avg_queue": 8.048850574712644,
      "max_queue": 14,
      "queues": [
        5,
        0,
        6,
        0
      ],
      "crossed": 52,
      "spawned": 63,
      "external_spawned": 47,
      "transferred_in": 16,
      "exited_world": 35,
      "red_light_violations": 0,
      "fairness": 0.4959016393442623,
      "iid": 1
    },
    {
      "avg_wait": 29.77715053764435,
      "avg_wait_right": 38.86372549021337,
      "avg_wait_down": 26.287681159429972,
      "avg_wait_left": 25.76078431372967,
      "avg_wait_up": 28.590000000005695,
      "p95_wait": 68.4666666667071,
      "max_wait": 84.61666666667713,
      "throughput": 16.33333333333012,
      "avg_queue": 9.580459770114942,
      "max_queue": 23,
      "queues": [
        9,
        0,
        2,
        2
      ],
      "crossed": 49,
      "spawned": 62,
      "external_spawned": 44,
      "transferred_in": 18,
      "exited_world": 36,
      "red_light_violations": 0,
      "fairness": 0.4747191011235955,
      "iid": 2
    },
    {
      "avg_wait": 28.19444444445086,
      "avg_wait_right": 35.92083333334233,
      "avg_wait_down": 23.030303030304605,
      "avg_wait_left": 23.580769230776305,
      "avg_wait_up": 33.74629629630898,
      "p95_wait": 71.51666666668646,
      "max_wait": 76.51666666668618,
      "throughput": 15.666666666663588,
      "avg_queue": 8.362068965517242,
      "max_queue": 17,
      "queues": [
        6,
        0,
        7,
        0
      ],
      "crossed": 47,
      "spawned": 60,
      "external_spawned": 39,
      "transferred_in": 21,
      "exited_world": 32,
      "red_light_violations": 0,
      "fairness": 0.4970588235294118,
      "iid": 3
    }
  ],
  "overall": {
    "avg_wait": 26.252854189692684,
    "avg_wait_right": 31.35818516043837,
    "avg_wait_down": 21.825008867948906,
    "avg_wait_left": 22.93542626491792,
    "avg_wait_up": 31.690286195293748,
    "p95_wait": 66.46666666670103,
    "throughput": 65.3333333333205,
    "avg_queue": 8.375,
    "fairness": 0.5544198909993174,
    "crossed": 196,
    "spawned": 242,
    "external_spawned": 180,
    "transferred_in": 62,
    "exited_world": 126,
    "red_light_violations": 0
  }
}