{
  "mode": "rl",
  "seed": 42,
  "spawn_rate": 1.5,
  "duration_s": 180.00036000001444,
  "fixed_dt_s": 0.0166667,
  "rl": {
    "model_path": "models/rl_boost_best.json",
    "training": false,
    "epsilon": 0.02,
    "updates": 0
  },
  "neural": {
    "model_path": "models/neural_greedy.pt",
    "collect_data": false,
    "data_path": "data/neural/greedy_data.csv",
    "teacher_policy": "greedy"
  },
  "intersections": [
    {
      "avg_wait": 29.278446835167756,
      "avg_wait_right": 40.734696853850515,
      "avg_wait_down": 28.43589020500289,
      "avg_wait_left": 22.453748611113284,
      "avg_wait_up": 34.44249312727604,
      "p95_wait": 96.6501933000105,
      "max_wait": 124.48358230001321,
      "throughput": 23.33328666675813,
      "avg_queue": 15.008333333333333,
      "max_queue": 26,
      "queues": [
        9,
        1,
        3,
        8
      ],
      "crossed": 70,
      "spawned": 91,
      "external_spawned": 66,
      "transferred_in": 25,
      "exited_world": 47,
      "red_light_violations": 0,
      "fairness": 0.7112903225806452,
      "iid": 0
    },
    {
      "avg_wait": 30.580142460978657,
      "avg_wait_right": 22.46671160000198,
      "avg_wait_down": 37.5653529083368,
      "avg_wait_left": 21.968983331820326,
      "avg_wait_up": 39.53801011034908,
      "p95_wait": 88.03350940000956,
      "max_wait": 108.80021760001182,
      "throughput": 23.33328666675813,
      "avg_queue": 13.547222222222222,
      "max_queue": 31,
      "queues": [
        1,
        4,
        6,
        1
      ],
      "crossed": 70,
      "spawned": 82,
      "external_spawned": 63,
      "transferred_in": 19,
      "exited_world": 38,
      "red_light_violations": 0,
      "fairness": 0.6666666666666666,
      "iid": 1
    },
    {
      "avg_wait": 28.050662161820995,
      "avg_wait_right": 26.355935064708746,
      "avg_wait_down": 24.018798037502457,
      "avg_wait_left": 37.96072406944823,
      "avg_wait_up": 18.246114923530946,
      "p95_wait": 93.16685300001012,
      "max_wait": 124.73358280001324,
      "throughput": 25.666615333433942,
      "avg_queue": 12.983333333333333,
      "max_queue": 37,
      "queues": [
        8,
        1,
        16,
        8
      ],
      "crossed": 77,
      "spawned": 110,
      "external_spawned": 76,
      "transferred_in": 34,
      "exited_world": 57,
      "red_light_violations": 0,
      "fairness": 0.7071428571428572,
      "iid": 2
    },
    {
      "avg_wait": 31.303314639027516,
      "avg_wait_right": 33.827051780955955,
      "avg_wait_down": 24.750743945835552,
      "avg_wait_left": 41.44174955000401,
      "avg_wait_up": 27.18601928421346,
      "p95_wait": 90.48351430000983,
      "max_wait": 135.4336042000147,
      "throughput": 20.999958000082316,
      "avg_queue": 14.613888888888889,
      "max_queue": 32,
      "queues": [
        9,
        6,
        0,
        4
      ],
      "crossed": 63,
      "spawned": 82,
      "external_spawned": 65,
      "transferred_in": 17,
      "exited_world": 30,
      "red_light_violations": 0,
      "fairness": 0.6785714285714286,
      "iid": 3
    }
  ],
  "overall": {
    "avg_wait": 29.80314152424873,
    "avg_wait_right": 30.8460988248793,
    "avg_wait_down": 28.692696274169425,
    "avg_wait_left": 30.956301390596465,
    "avg_wait_up": 29.85315936134238,
    "p95_wait": 92.08351750001,
    "throughput": 93.33314666703252,
    "avg_queue": 14.038194444444445,
    "fairness": 0.6909178187403994,
    "crossed": 280,
    "spawned": 365,
    "external_spawned": 270,
    "transferred_in": 95,
    "exited_world": 172,
    "red_light_violations": 0
  }
}