{
  "mode": "rl",
  "seed": 48,
  "spawn_rate": 2.0,
  "duration_s": 180.00036000001444,
  "fixed_dt_s": 0.0166667,
  "rl": {
    "model_path": "models\\epoch_snapshots\\final_final_results_train10\\epoch_010.json",
    "training": false,
    "epsilon": 0.02,
    "updates": 0,
    "state_profile": "fine",
    "state_table_size": 9216
  },
  "neural": {
    "model_path": "models/neural_hybrid.pt",
    "collect_data": false,
    "data_path": "data/neural/greedy_data.csv",
    "teacher_policy": "greedy"
  },
  "intersections": [
    {
      "avg_wait": 16.07986307753777,
      "avg_wait_right": 17.914202495001515,
      "avg_wait_down": 9.16378644347907,
      "avg_wait_left": 16.78545023750167,
      "avg_wait_up": 17.791853765456295,
      "p95_wait": 44.30008860000481,
      "max_wait": 91.53351640000994,
      "throughput": 39.99992000015679,
      "avg_queue": 12.144444444444444,
      "max_queue": 24,
      "queues": [
        4,
        3,
        7,
        4
      ],
      "crossed": 120,
      "spawned": 138,
      "external_spawned": 96,
      "transferred_in": 42,
      "exited_world": 76,
      "red_light_violations": 0,
      "fairness": 0.9,
      "iid": 0
    },
    {
      "avg_wait": 14.237379665179839,
      "avg_wait_right": 15.577381582052666,
      "avg_wait_down": 13.149045905883433,
      "avg_wait_left": 18.387073811113044,
      "avg_wait_up": 11.38335610000091,
      "p95_wait": 36.01673870000391,
      "max_wait": 44.93342320000488,
      "throughput": 32.99993400012936,
      "avg_queue": 10.238888888888889,
      "max_queue": 18,
      "queues": [
        4,
        5,
        1,
        3
      ],
      "crossed": 99,
      "spawned": 112,
      "external_spawned": 84,
      "transferred_in": 28,
      "exited_world": 70,
      "red_light_violations": 0,
      "fairness": 0.8284313725490197,
      "iid": 1
    },
    {
      "avg_wait": 16.938651763416278,
      "avg_wait_right": 8.088557843750687,
      "avg_wait_down": 15.429078477144392,
      "avg_wait_left": 20.13918756511828,
      "avg_wait_up": 18.89773894482936,
      "p95_wait": 45.73342480000497,
      "max_wait": 79.38349210000862,
      "throughput": 34.99993000013719,
      "avg_queue": 13.088888888888889,
      "max_queue": 28,
      "queues": [
        5,
        7,
        4,
        2
      ],
      "crossed": 105,
      "spawned": 123,
      "external_spawned": 81,
      "transferred_in": 42,
      "exited_world": 61,
      "red_light_violations": 0,
      "fairness": 0.8617021276595744,
      "iid": 2
    },
    {
      "avg_wait": 11.578438457378056,
      "avg_wait_right": 13.961644084849876,
      "avg_wait_down": 10.60768788200086,
      "avg_wait_left": 9.647120743479272,
      "avg_wait_up": 12.472941612500668,
      "p95_wait": 31.3000626000034,
      "max_wait": 39.95007990000434,
      "throughput": 37.33325866681301,
      "avg_queue": 10.827777777777778,
      "max_queue": 19,
      "queues": [
        1,
        4,
        1,
        4
      ],
      "crossed": 112,
      "spawned": 122,
      "external_spawned": 99,
      "transferred_in": 23,
      "exited_world": 77,
      "red_light_violations": 0,
      "fairness": 0.7352941176470589,
      "iid": 3
    }
  ],
  "overall": {
    "avg_wait": 14.708583240877985,
    "avg_wait_right": 13.885446501413686,
    "avg_wait_down": 12.087399677126939,
    "avg_wait_left": 16.23970808930307,
    "avg_wait_up": 15.136472605696808,
    "p95_wait": 39.33757867500427,
    "throughput": 145.33304266723636,
    "avg_queue": 11.575,
    "fairness": 0.8313569044639133,
    "crossed": 436,
    "spawned": 495,
    "external_spawned": 360,
    "transferred_in": 135,
    "exited_world": 284,
    "red_light_violations": 0
  }
}