{
  "mode": "rl",
  "seed": 31,
  "spawn_rate": 1.0,
  "duration_s": 180.00000000003539,
  "fixed_dt_s": 0.016666666666666666,
  "rl": {
    "model_path": "models\\epoch_snapshots\\rl_boost_protocol_v1\\epoch_002.json",
    "training": false,
    "epsilon": 0.06022076741587431,
    "updates": 0
  },
  "neural": {
    "model_path": "models/neural_greedy.pt",
    "collect_data": false,
    "data_path": "data/neural/greedy_data.csv"
  },
  "intersections": [
    {
      "avg_wait": 22.075845410633242,
      "avg_wait_right": 18.103703703709183,
      "avg_wait_down": 13.870370370375563,
      "avg_wait_left": 18.84753086420273,
      "avg_wait_up": 30.274305555560726,
      "p95_wait": 72.01666666667364,
      "max_wait": 107.56666666667164,
      "throughput": 17.666666666663193,
      "avg_queue": 6.017241379310345,
      "max_queue": 14,
      "queues": [
        1,
        4,
        9,
        2
      ],
      "crossed": 53,
      "spawned": 69,
      "external_spawned": 45,
      "transferred_in": 24,
      "exited_world": 40,
      "red_light_violations": 0,
      "fairness": 0.6274509803921569,
      "iid": 0
    },
    {
      "avg_wait": 13.427575757580048,
      "avg_wait_right": 11.337878787882145,
      "avg_wait_down": 9.76388888889563,
      "avg_wait_left": 15.14444444445157,
      "avg_wait_up": 16.944444444445683,
      "p95_wait": 42.983333333330904,
      "max_wait": 45.41666666669725,
      "throughput": 16.33333333333012,
      "avg_queue": 4.204022988505747,
      "max_queue": 11,
      "queues": [
        2,
        3,
        0,
        1
      ],
      "crossed": 49,
      "spawned": 55,
      "external_spawned": 43,
      "transferred_in": 12,
      "exited_world": 31,
      "red_light_violations": 0,
      "fairness": 0.6428571428571429,
      "iid": 1
    },
    {
      "avg_wait": 27.73280423281003,
      "avg_wait_right": 32.912121212136974,
      "avg_wait_down": 19.9614583333388,
      "avg_wait_left": 22.45000000000149,
      "avg_wait_up": 43.912500000005714,
      "p95_wait": 77.60000000003224,
      "max_wait": 107.56666666667164,
      "throughput": 17.333333333329925,
      "avg_queue": 9.543103448275861,
      "max_queue": 21,
      "queues": [
        1,
        3,
        6,
        1
      ],
      "crossed": 52,
      "spawned": 63,
      "external_spawned": 43,
      "transferred_in": 20,
      "exited_world": 31,
      "red_light_violations": 0,
      "fairness": 0.6436170212765957,
      "iid": 2
    },
    {
      "avg_wait": 26.97909604520475,
      "avg_wait_right": 31.990196078442096,
      "avg_wait_down": 23.282222222224693,
      "avg_wait_left": 16.057843137256178,
      "avg_wait_up": 42.571666666683925,
      "p95_wait": 85.13333333332885,
      "max_wait": 95.66666666670555,
      "throughput": 14.333333333330517,
      "avg_queue": 8.494252873563218,
      "max_queue": 14,
      "queues": [
        8,
        1,
        1,
        6
      ],
      "crossed": 43,
      "spawned": 59,
      "external_spawned": 49,
      "transferred_in": 10,
      "exited_world": 23,
      "red_light_violations": 0,
      "fairness": 0.6274509803921569,
      "iid": 3
    }
  ],
  "overall": {
    "avg_wait": 22.55383036155702,
    "avg_wait_right": 23.5859749455426,
    "avg_wait_down": 16.719484953708672,
    "avg_wait_left": 18.124954611477992,
    "avg_wait_up": 33.42572916667401,
    "p95_wait": 69.43333333334141,
    "throughput": 65.66666666665375,
    "avg_queue": 7.064655172413793,
    "fairness": 0.6353440312295131,
    "crossed": 197,
    "spawned": 246,
    "external_spawned": 180,
    "transferred_in": 66,
    "exited_world": 125,
    "red_light_violations": 0
  }
}