{
  "mode": "rl",
  "seed": 42,
  "spawn_rate": 2.0,
  "duration_s": 300.00059999995244,
  "fixed_dt_s": 0.0166667,
  "rl": {
    "model_path": "models/studies/final_final_results_train10/shared_qtable.json",
    "training": true,
    "epsilon": 0.02,
    "updates": 211,
    "state_profile": "fine",
    "state_table_size": 9216
  },
  "neural": {
    "model_path": "models/neural_hybrid.pt",
    "collect_data": false,
    "data_path": "data/neural/greedy_data.csv",
    "teacher_policy": "greedy"
  },
  "intersections": [
    {
      "avg_wait": 17.997159513702623,
      "avg_wait_right": 12.013087089186111,
      "avg_wait_down": 14.40002879999809,
      "avg_wait_left": 18.666019067120075,
      "avg_wait_up": 22.359607560652698,
      "p95_wait": 48.95009790000532,
      "max_wait": 68.25013649998354,
      "throughput": 36.79992640015303,
      "avg_queue": 12.811666666666667,
      "max_queue": 25,
      "queues": [
        5,
        2,
        4,
        2
      ],
      "crossed": 184,
      "spawned": 197,
      "external_spawned": 130,
      "transferred_in": 67,
      "exited_world": 128,
      "red_light_violations": 0,
      "fairness": 0.8622448979591837,
      "iid": 0
    },
    {
      "avg_wait": 14.144136815346158,
      "avg_wait_right": 14.935383406059907,
      "avg_wait_down": 11.095636226312793,
      "avg_wait_left": 11.304732754347231,
      "avg_wait_up": 17.13234195691709,
      "p95_wait": 41.23341579993931,
      "max_wait": 64.51679569995039,
      "throughput": 39.199921600163016,
      "avg_queue": 13.368333333333334,
      "max_queue": 29,
      "queues": [
        4,
        5,
        8,
        2
      ],
      "crossed": 196,
      "spawned": 215,
      "external_spawned": 158,
      "transferred_in": 57,
      "exited_world": 120,
      "red_light_violations": 0,
      "fairness": 0.8279816513761468,
      "iid": 1
    },
    {
      "avg_wait": 18.876516829433527,
      "avg_wait_right": 14.684781142550827,
      "avg_wait_down": 16.125032249998476,
      "avg_wait_left": 22.796068319310933,
      "avg_wait_up": 19.757331181249715,
      "p95_wait": 50.88343510000553,
      "max_wait": 71.60014319995713,
      "throughput": 41.59991680017299,
      "avg_queue": 18.35333333333333,
      "max_queue": 31,
      "queues": [
        11,
        2,
        7,
        3
      ],
      "crossed": 208,
      "spawned": 231,
      "external_spawned": 168,
      "transferred_in": 63,
      "exited_world": 143,
      "red_light_violations": 0,
      "fairness": 0.7226775956284153,
      "iid": 2
    },
    {
      "avg_wait": 15.90323994412799,
      "avg_wait_right": 19.53243343098534,
      "avg_wait_down": 17.844306521865853,
      "avg_wait_left": 10.481416311628305,
      "avg_wait_up": 11.652880448567752,
      "p95_wait": 45.45009090000494,
      "max_wait": 57.200114400006214,
      "throughput": 38.199923600158854,
      "avg_queue": 13.356666666666667,
      "max_queue": 28,
      "queues": [
        4,
        9,
        4,
        5
      ],
      "crossed": 191,
      "spawned": 213,
      "external_spawned": 144,
      "transferred_in": 69,
      "exited_world": 117,
      "red_light_violations": 0,
      "fairness": 0.8768115942028986,
      "iid": 3
    }
  ],
  "overall": {
    "avg_wait": 16.730263275652575,
    "avg_wait_right": 15.291421267195545,
    "avg_wait_down": 14.866250949543803,
    "avg_wait_left": 15.812059113101636,
    "avg_wait_up": 17.725540286846815,
    "p95_wait": 46.62925992498877,
    "throughput": 155.79968840064788,
    "avg_queue": 14.4725,
    "fairness": 0.8224289347916611,
    "crossed": 779,
    "spawned": 856,
    "external_spawned": 600,
    "transferred_in": 256,
    "exited_world": 508,
    "red_light_violations": 0
  }
}