{
  "mode": "rl",
  "seed": 42,
  "spawn_rate": 2.0,
  "duration_s": 300.00059999995244,
  "fixed_dt_s": 0.0166667,
  "rl": {
    "model_path": "models/studies/final_final_results_train10/shared_qtable.json",
    "training": true,
    "epsilon": 0.02,
    "updates": 213,
    "state_profile": "fine",
    "state_table_size": 9216
  },
  "neural": {
    "model_path": "models/neural_hybrid.pt",
    "collect_data": false,
    "data_path": "data/neural/greedy_data.csv",
    "teacher_policy": "greedy"
  },
  "intersections": [
    {
      "avg_wait": 15.10548743805144,
      "avg_wait_right": 15.656014217944715,
      "avg_wait_down": 9.79360933076986,
      "avg_wait_left": 17.54753509499854,
      "avg_wait_up": 14.96326522058638,
      "p95_wait": 39.93341320000434,
      "max_wait": 56.566779800006145,
      "throughput": 41.99991600017466,
      "avg_queue": 14.323333333333334,
      "max_queue": 24,
      "queues": [
        6,
        3,
        4,
        3
      ],
      "crossed": 210,
      "spawned": 226,
      "external_spawned": 152,
      "transferred_in": 74,
      "exited_world": 141,
      "red_light_violations": 0,
      "fairness": 0.9142857142857143,
      "iid": 0
    },
    {
      "avg_wait": 15.102241894785283,
      "avg_wait_right": 15.890656781249326,
      "avg_wait_down": 15.30234541944075,
      "avg_wait_left": 12.900025799999739,
      "avg_wait_up": 15.864846544442598,
      "p95_wait": 34.61673590000376,
      "max_wait": 70.96680860000771,
      "throughput": 40.399919200168,
      "avg_queue": 13.363333333333333,
      "max_queue": 21,
      "queues": [
        3,
        0,
        4,
        2
      ],
      "crossed": 202,
      "spawned": 211,
      "external_spawned": 151,
      "transferred_in": 60,
      "exited_world": 119,
      "red_light_violations": 0,
      "fairness": 0.6982758620689655,
      "iid": 1
    },
    {
      "avg_wait": 16.715041328908807,
      "avg_wait_right": 14.448304758618974,
      "avg_wait_down": 19.485304671013527,
      "avg_wait_left": 18.90446818860641,
      "avg_wait_up": 7.939231564704937,
      "p95_wait": 41.13341560000447,
      "max_wait": 57.13344760000621,
      "throughput": 39.399921200163845,
      "avg_queue": 14.17,
      "max_queue": 29,
      "queues": [
        4,
        1,
        5,
        4
      ],
      "crossed": 197,
      "spawned": 211,
      "external_spawned": 141,
      "transferred_in": 70,
      "exited_world": 141,
      "red_light_violations": 0,
      "fairness": 0.8448275862068966,
      "iid": 2
    },
    {
      "avg_wait": 15.47038424331275,
      "avg_wait_right": 15.897580814700367,
      "avg_wait_down": 17.788577243746516,
      "avg_wait_left": 13.751027501992057,
      "avg_wait_up": 12.8576447628532,
      "p95_wait": 46.40009279995559,
      "max_wait": 65.95013189995743,
      "throughput": 36.79992640015303,
      "avg_queue": 13.74,
      "max_queue": 39,
      "queues": [
        10,
        7,
        15,
        1
      ],
      "crossed": 184,
      "spawned": 217,
      "external_spawned": 156,
      "transferred_in": 61,
      "exited_world": 115,
      "red_light_violations": 0,
      "fairness": 0.726,
      "iid": 3
    }
  ],
  "overall": {
    "avg_wait": 15.59828872626457,
    "avg_wait_right": 15.473139143128346,
    "avg_wait_down": 15.592459166242662,
    "avg_wait_left": 15.775764146399187,
    "avg_wait_up": 12.90624702314678,
    "p95_wait": 40.52091437499204,
    "throughput": 158.59968280065954,
    "avg_queue": 13.899166666666666,
    "fairness": 0.7958472906403941,
    "crossed": 793,
    "spawned": 865,
    "external_spawned": 600,
    "transferred_in": 265,
    "exited_world": 516,
    "red_light_violations": 0
  }
}