{
  "mode": "rl",
  "seed": 47,
  "spawn_rate": 2.0,
  "duration_s": 300.00059999995244,
  "fixed_dt_s": 0.0166667,
  "rl": {
    "model_path": "models/studies/final_final_results_train10/shared_qtable.json",
    "training": true,
    "epsilon": 0.02,
    "updates": 217,
    "state_profile": "fine",
    "state_table_size": 9216
  },
  "neural": {
    "model_path": "models/neural_hybrid.pt",
    "collect_data": false,
    "data_path": "data/neural/greedy_data.csv",
    "teacher_policy": "greedy"
  },
  "intersections": [
    {
      "avg_wait": 15.774559850941012,
      "avg_wait_right": 12.750395871108207,
      "avg_wait_down": 14.36130323235027,
      "avg_wait_left": 20.245314122386677,
      "avg_wait_up": 14.0260381530274,
      "p95_wait": 43.71675410000475,
      "max_wait": 82.91683250000901,
      "throughput": 38.99992200016218,
      "avg_queue": 13.61,
      "max_queue": 25,
      "queues": [
        4,
        2,
        5,
        6
      ],
      "crossed": 195,
      "spawned": 212,
      "external_spawned": 151,
      "transferred_in": 61,
      "exited_world": 122,
      "red_light_violations": 0,
      "fairness": 0.8919753086419753,
      "iid": 0
    },
    {
      "avg_wait": 19.09328142972631,
      "avg_wait_right": 23.375164121118924,
      "avg_wait_down": 12.988914866660192,
      "avg_wait_left": 16.564318842858007,
      "avg_wait_up": 19.92703515915576,
      "p95_wait": 50.78343490000552,
      "max_wait": 94.78352289998642,
      "throughput": 40.19991960016717,
      "avg_queue": 16.83,
      "max_queue": 29,
      "queues": [
        3,
        9,
        6,
        3
      ],
      "crossed": 201,
      "spawned": 222,
      "external_spawned": 157,
      "transferred_in": 65,
      "exited_world": 123,
      "red_light_violations": 0,
      "fairness": 0.8166666666666667,
      "iid": 1
    },
    {
      "avg_wait": 15.950192930913946,
      "avg_wait_right": 16.102347019439303,
      "avg_wait_down": 17.629983176559698,
      "avg_wait_left": 17.228043715272506,
      "avg_wait_up": 10.09335351999804,
      "p95_wait": 43.2667532000047,
      "max_wait": 70.03347340000761,
      "throughput": 37.799924400157195,
      "avg_queue": 12.981666666666667,
      "max_queue": 27,
      "queues": [
        5,
        2,
        8,
        3
      ],
      "crossed": 189,
      "spawned": 207,
      "external_spawned": 144,
      "transferred_in": 63,
      "exited_world": 117,
      "red_light_violations": 0,
      "fairness": 0.7941176470588235,
      "iid": 2
    },
    {
      "avg_wait": 15.827473515347139,
      "avg_wait_right": 16.407651862854237,
      "avg_wait_down": 16.522976768830954,
      "avg_wait_left": 14.777172411425607,
      "avg_wait_up": 14.087906963635096,
      "p95_wait": 40.733414799945166,
      "max_wait": 52.83343900000574,
      "throughput": 40.19991960016717,
      "avg_queue": 13.606666666666667,
      "max_queue": 22,
      "queues": [
        5,
        0,
        4,
        5
      ],
      "crossed": 201,
      "spawned": 215,
      "external_spawned": 148,
      "transferred_in": 67,
      "exited_world": 139,
      "red_light_violations": 0,
      "fairness": 0.7424242424242424,
      "iid": 3
    }
  ],
  "overall": {
    "avg_wait": 16.6613769317321,
    "avg_wait_right": 17.158889718630167,
    "avg_wait_down": 15.375794511100278,
    "avg_wait_left": 17.203712272985697,
    "avg_wait_up": 14.533583448954074,
    "p95_wait": 44.62508924999003,
    "throughput": 157.1996856006537,
    "avg_queue": 14.257083333333334,
    "fairness": 0.811295966197927,
    "crossed": 786,
    "spawned": 856,
    "external_spawned": 600,
    "transferred_in": 256,
    "exited_world": 501,
    "red_light_violations": 0
  }
}