{
  "mode": "rl",
  "seed": 48,
  "spawn_rate": 2.0,
  "duration_s": 180.00036000001444,
  "fixed_dt_s": 0.0166667,
  "rl": {
    "model_path": "models\\epoch_snapshots\\final_final_results_train10\\epoch_009.json",
    "training": false,
    "epsilon": 0.02,
    "updates": 0,
    "state_profile": "fine",
    "state_table_size": 9216
  },
  "neural": {
    "model_path": "models/neural_hybrid.pt",
    "collect_data": false,
    "data_path": "data/neural/greedy_data.csv",
    "teacher_policy": "greedy"
  },
  "intersections": [
    {
      "avg_wait": 13.979657588890193,
      "avg_wait_right": 11.424328404167548,
      "avg_wait_down": 14.461695590001355,
      "avg_wait_left": 14.360634781819602,
      "avg_wait_up": 14.722724480852452,
      "p95_wait": 34.86673639999975,
      "max_wait": 41.68341670000453,
      "throughput": 38.33325666681692,
      "avg_queue": 11.180555555555555,
      "max_queue": 24,
      "queues": [
        1,
        9,
        4,
        6
      ],
      "crossed": 115,
      "spawned": 135,
      "external_spawned": 86,
      "transferred_in": 49,
      "exited_world": 77,
      "red_light_violations": 0,
      "fairness": 0.746268656716418,
      "iid": 0
    },
    {
      "avg_wait": 13.869850971970966,
      "avg_wait_right": 15.04957964864996,
      "avg_wait_down": 12.48252496500106,
      "avg_wait_left": 12.50707629615516,
      "avg_wait_up": 14.268395883674765,
      "p95_wait": 31.416729500003413,
      "max_wait": 39.23341180000426,
      "throughput": 39.33325466682084,
      "avg_queue": 11.261111111111111,
      "max_queue": 24,
      "queues": [
        7,
        2,
        4,
        1
      ],
      "crossed": 118,
      "spawned": 132,
      "external_spawned": 86,
      "transferred_in": 46,
      "exited_world": 78,
      "red_light_violations": 0,
      "fairness": 0.7,
      "iid": 1
    },
    {
      "avg_wait": 13.991484565547536,
      "avg_wait_right": 12.36073900714398,
      "avg_wait_down": 12.152044506061777,
      "avg_wait_left": 19.203290439026283,
      "avg_wait_up": 9.79303033871048,
      "p95_wait": 42.78341890000465,
      "max_wait": 72.33347800000786,
      "throughput": 33.6665993334653,
      "avg_queue": 10.713888888888889,
      "max_queue": 23,
      "queues": [
        2,
        4,
        9,
        3
      ],
      "crossed": 101,
      "spawned": 119,
      "external_spawned": 89,
      "transferred_in": 30,
      "exited_world": 61,
      "red_light_violations": 0,
      "fairness": 0.7363636363636363,
      "iid": 2
    },
    {
      "avg_wait": 15.07850784724549,
      "avg_wait_right": 16.458366250001664,
      "avg_wait_down": 16.07396377179624,
      "avg_wait_left": 15.342784308697281,
      "avg_wait_up": 12.116690900000961,
      "p95_wait": 37.233407800004045,
      "max_wait": 49.80009960000541,
      "throughput": 38.6665893334849,
      "avg_queue": 13.38888888888889,
      "max_queue": 25,
      "queues": [
        2,
        3,
        4,
        2
      ],
      "crossed": 116,
      "spawned": 127,
      "external_spawned": 99,
      "transferred_in": 28,
      "exited_world": 66,
      "red_light_violations": 0,
      "fairness": 0.9166666666666666,
      "iid": 3
    }
  ],
  "overall": {
    "avg_wait": 14.229875243413545,
    "avg_wait_right": 13.823253327490788,
    "avg_wait_down": 13.792557208215108,
    "avg_wait_left": 15.353446456424582,
    "avg_wait_up": 12.725210400809665,
    "p95_wait": 36.575073150002964,
    "throughput": 149.99970000058795,
    "avg_queue": 11.636111111111111,
    "fairness": 0.7748247399366802,
    "crossed": 450,
    "spawned": 513,
    "external_spawned": 360,
    "transferred_in": 153,
    "exited_world": 282,
    "red_light_violations": 0
  }
}