{
  "mode": "rl",
  "seed": 41,
  "spawn_rate": 2.0,
  "duration_s": 300.00059999995244,
  "fixed_dt_s": 0.0166667,
  "rl": {
    "model_path": "models/studies/pres2_sw010_ws12_20260313/shared_qtable.json",
    "training": true,
    "epsilon": 0.06157714482525804,
    "updates": 209
  },
  "neural": {
    "model_path": "models/neural_hybrid.pt",
    "collect_data": false,
    "data_path": "data/neural/greedy_data.csv",
    "teacher_policy": "greedy"
  },
  "intersections": [
    {
      "avg_wait": 12.707775758434307,
      "avg_wait_right": 11.402245026664069,
      "avg_wait_down": 11.272008359572114,
      "avg_wait_left": 13.062262411390767,
      "avg_wait_up": 14.072018884720741,
      "p95_wait": 33.833401000003676,
      "max_wait": 48.966764599981445,
      "throughput": 44.7999104001863,
      "avg_queue": 14.91,
      "max_queue": 29,
      "queues": [
        3,
        2,
        9,
        5
      ],
      "crossed": 224,
      "spawned": 243,
      "external_spawned": 182,
      "transferred_in": 61,
      "exited_world": 137,
      "red_light_violations": 0,
      "fairness": 0.7584033613445378,
      "iid": 0
    },
    {
      "avg_wait": 11.776167343134908,
      "avg_wait_right": 12.06882755640734,
      "avg_wait_down": 9.54518038064161,
      "avg_wait_left": 10.719213357573706,
      "avg_wait_up": 13.08604767741817,
      "p95_wait": 28.116722899955107,
      "max_wait": 44.90008980000488,
      "throughput": 37.19992560015469,
      "avg_queue": 9.796666666666667,
      "max_queue": 19,
      "queues": [
        9,
        4,
        4,
        1
      ],
      "crossed": 186,
      "spawned": 204,
      "external_spawned": 133,
      "transferred_in": 71,
      "exited_world": 127,
      "red_light_violations": 0,
      "fairness": 0.7105263157894737,
      "iid": 1
    },
    {
      "avg_wait": 15.091960802260237,
      "avg_wait_right": 12.048172244442917,
      "avg_wait_down": 16.90244344336951,
      "avg_wait_left": 16.467457177271193,
      "avg_wait_up": 11.439837694444424,
      "p95_wait": 35.200070400003824,
      "max_wait": 67.58346849995172,
      "throughput": 41.59991680017299,
      "avg_queue": 13.6,
      "max_queue": 24,
      "queues": [
        1,
        2,
        6,
        4
      ],
      "crossed": 208,
      "spawned": 221,
      "external_spawned": 146,
      "transferred_in": 75,
      "exited_world": 138,
      "red_light_violations": 0,
      "fairness": 0.7412280701754386,
      "iid": 2
    },
    {
      "avg_wait": 12.306492274624409,
      "avg_wait_right": 12.32913263943439,
      "avg_wait_down": 13.956237062742199,
      "avg_wait_left": 12.285112289470483,
      "avg_wait_up": 10.234979819510587,
      "p95_wait": 28.833390999966525,
      "max_wait": 50.06676680000544,
      "throughput": 35.9999280001497,
      "avg_queue": 10.761666666666667,
      "max_queue": 21,
      "queues": [
        5,
        2,
        8,
        6
      ],
      "crossed": 180,
      "spawned": 201,
      "external_spawned": 139,
      "transferred_in": 62,
      "exited_world": 112,
      "red_light_violations": 0,
      "fairness": 0.8546511627906976,
      "iid": 3
    }
  ],
  "overall": {
    "avg_wait": 12.970599044613465,
    "avg_wait_right": 11.96209436673718,
    "avg_wait_down": 12.918967311581358,
    "avg_wait_left": 13.133511308926536,
    "avg_wait_up": 12.20822101902348,
    "p95_wait": 31.495896324982283,
    "throughput": 159.5996808006637,
    "avg_queue": 12.267083333333334,
    "fairness": 0.7662022275250369,
    "crossed": 798,
    "spawned": 869,
    "external_spawned": 600,
    "transferred_in": 269,
    "exited_world": 514,
    "red_light_violations": 0
  }
}