{
  "mode": "rl",
  "seed": 43,
  "spawn_rate": 2.0,
  "duration_s": 300.00059999995244,
  "fixed_dt_s": 0.0166667,
  "rl": {
    "model_path": "models/studies/final_final_results_train10/shared_qtable.json",
    "training": true,
    "epsilon": 0.02,
    "updates": 217,
    "state_profile": "fine",
    "state_table_size": 9216
  },
  "neural": {
    "model_path": "models/neural_hybrid.pt",
    "collect_data": false,
    "data_path": "data/neural/greedy_data.csv",
    "teacher_policy": "greedy"
  },
  "intersections": [
    {
      "avg_wait": 15.371794497571026,
      "avg_wait_right": 16.955589466665806,
      "avg_wait_down": 8.688478915384296,
      "avg_wait_left": 17.234844596201793,
      "avg_wait_up": 16.530907378684024,
      "p95_wait": 44.03342139999114,
      "max_wait": 55.76677820000606,
      "throughput": 38.59992280016052,
      "avg_queue": 11.65,
      "max_queue": 21,
      "queues": [
        1,
        5,
        5,
        2
      ],
      "crossed": 193,
      "spawned": 206,
      "external_spawned": 136,
      "transferred_in": 70,
      "exited_world": 128,
      "red_light_violations": 0,
      "fairness": 0.7681818181818182,
      "iid": 0
    },
    {
      "avg_wait": 20.01133285747565,
      "avg_wait_right": 25.651717969998174,
      "avg_wait_down": 12.867974453842676,
      "avg_wait_left": 15.009289277778457,
      "avg_wait_up": 21.825599206667043,
      "p95_wait": 56.116778900006096,
      "max_wait": 74.56681580000809,
      "throughput": 39.79992040016551,
      "avg_queue": 17.47833333333333,
      "max_queue": 33,
      "queues": [
        5,
        3,
        6,
        1
      ],
      "crossed": 199,
      "spawned": 214,
      "external_spawned": 165,
      "transferred_in": 49,
      "exited_world": 123,
      "red_light_violations": 0,
      "fairness": 0.7922535211267606,
      "iid": 1
    },
    {
      "avg_wait": 15.982119191585127,
      "avg_wait_right": 17.323367979998704,
      "avg_wait_down": 17.262241097181313,
      "avg_wait_left": 15.587372946828927,
      "avg_wait_up": 13.042673144114627,
      "p95_wait": 42.116750899959385,
      "max_wait": 58.88345109996689,
      "throughput": 37.999924000158025,
      "avg_queue": 14.438333333333333,
      "max_queue": 25,
      "queues": [
        3,
        2,
        17,
        2
      ],
      "crossed": 190,
      "spawned": 214,
      "external_spawned": 150,
      "transferred_in": 64,
      "exited_world": 131,
      "red_light_violations": 0,
      "fairness": 0.47058823529411764,
      "iid": 2
    },
    {
      "avg_wait": 19.05412615848367,
      "avg_wait_right": 17.48132151227693,
      "avg_wait_down": 20.20042799766722,
      "avg_wait_left": 12.877966932349276,
      "avg_wait_up": 24.798621025699898,
      "p95_wait": 47.05009409994028,
      "max_wait": 69.4001387999325,
      "throughput": 36.99992600015386,
      "avg_queue": 15.505,
      "max_queue": 37,
      "queues": [
        1,
        10,
        4,
        12
      ],
      "crossed": 185,
      "spawned": 212,
      "external_spawned": 149,
      "transferred_in": 63,
      "exited_world": 125,
      "red_light_violations": 0,
      "fairness": 0.6982758620689655,
      "iid": 3
    }
  ],
  "overall": {
    "avg_wait": 17.60484317627887,
    "avg_wait_right": 19.352999232234904,
    "avg_wait_down": 14.754780616018877,
    "avg_wait_left": 15.177368438289612,
    "avg_wait_up": 19.049450188791397,
    "p95_wait": 47.329261324974226,
    "throughput": 153.39969320063793,
    "avg_queue": 14.767916666666666,
    "fairness": 0.6823248591679155,
    "crossed": 767,
    "spawned": 846,
    "external_spawned": 600,
    "transferred_in": 246,
    "exited_world": 507,
    "red_light_violations": 0
  }
}