{
  "mode": "rl",
  "seed": 45,
  "spawn_rate": 2.0,
  "duration_s": 300.00059999995244,
  "fixed_dt_s": 0.0166667,
  "rl": {
    "model_path": "models/studies/final_final_results_train10/shared_qtable.json",
    "training": true,
    "epsilon": 0.042539385419249925,
    "updates": 220,
    "state_profile": "fine",
    "state_table_size": 9216
  },
  "neural": {
    "model_path": "models/neural_hybrid.pt",
    "collect_data": false,
    "data_path": "data/neural/greedy_data.csv",
    "teacher_policy": "greedy"
  },
  "intersections": [
    {
      "avg_wait": 17.64768787746229,
      "avg_wait_right": 8.702934072500126,
      "avg_wait_down": 21.879635595914326,
      "avg_wait_left": 17.304600819174862,
      "avg_wait_up": 21.088277470586196,
      "p95_wait": 48.46676359998139,
      "max_wait": 81.36682940000884,
      "throughput": 38.399923200159684,
      "avg_queue": 15.256666666666666,
      "max_queue": 32,
      "queues": [
        3,
        3,
        12,
        3
      ],
      "crossed": 192,
      "spawned": 213,
      "external_spawned": 163,
      "transferred_in": 50,
      "exited_world": 109,
      "red_light_violations": 0,
      "fairness": 0.6447368421052632,
      "iid": 0
    },
    {
      "avg_wait": 18.185265438386356,
      "avg_wait_right": 23.528650660809824,
      "avg_wait_down": 13.820662561905273,
      "avg_wait_left": 15.865656731244924,
      "avg_wait_up": 15.996857390471982,
      "p95_wait": 47.01676070000511,
      "max_wait": 79.06682479996641,
      "throughput": 38.99992200016218,
      "avg_queue": 16.048333333333332,
      "max_queue": 28,
      "queues": [
        8,
        5,
        0,
        3
      ],
      "crossed": 195,
      "spawned": 211,
      "external_spawned": 152,
      "transferred_in": 59,
      "exited_world": 126,
      "red_light_violations": 0,
      "fairness": 0.6530612244897959,
      "iid": 1
    },
    {
      "avg_wait": 19.29360705186445,
      "avg_wait_right": 13.160379856058452,
      "avg_wait_down": 25.586291482554113,
      "avg_wait_left": 17.18067952257808,
      "avg_wait_up": 19.094482633332564,
      "p95_wait": 56.850113700006176,
      "max_wait": 74.78348290000812,
      "throughput": 42.79991440017798,
      "avg_queue": 16.96,
      "max_queue": 30,
      "queues": [
        10,
        7,
        8,
        2
      ],
      "crossed": 214,
      "spawned": 241,
      "external_spawned": 170,
      "transferred_in": 71,
      "exited_world": 133,
      "red_light_violations": 0,
      "fairness": 0.8398617511520737,
      "iid": 2
    },
    {
      "avg_wait": 19.0024418509568,
      "avg_wait_right": 18.015497878309734,
      "avg_wait_down": 22.509358744108354,
      "avg_wait_left": 20.94819004444457,
      "avg_wait_up": 12.032801843331153,
      "p95_wait": 49.50009899995533,
      "max_wait": 74.78348290000812,
      "throughput": 39.199921600163016,
      "avg_queue": 12.966666666666667,
      "max_queue": 32,
      "queues": [
        3,
        3,
        2,
        4
      ],
      "crossed": 196,
      "spawned": 208,
      "external_spawned": 115,
      "transferred_in": 93,
      "exited_world": 137,
      "red_light_violations": 0,
      "fairness": 0.9473684210526315,
      "iid": 3
    }
  ],
  "overall": {
    "avg_wait": 18.532250554667474,
    "avg_wait_right": 15.851865616919534,
    "avg_wait_down": 20.94898709612052,
    "avg_wait_left": 17.82478177936061,
    "avg_wait_up": 17.053104834430474,
    "p95_wait": 50.458434249987,
    "throughput": 159.39968120066285,
    "avg_queue": 15.307916666666667,
    "fairness": 0.7712570596999411,
    "crossed": 797,
    "spawned": 873,
    "external_spawned": 600,
    "transferred_in": 273,
    "exited_world": 505,
    "red_light_violations": 0
  }
}