{
  "mode": "rl",
  "seed": 47,
  "spawn_rate": 2.0,
  "duration_s": 300.00059999995244,
  "fixed_dt_s": 0.0166667,
  "rl": {
    "model_path": "models/studies/final_final_results_train10/shared_qtable.json",
    "training": true,
    "epsilon": 0.02,
    "updates": 213,
    "state_profile": "fine",
    "state_table_size": 9216
  },
  "neural": {
    "model_path": "models/neural_hybrid.pt",
    "collect_data": false,
    "data_path": "data/neural/greedy_data.csv",
    "teacher_policy": "greedy"
  },
  "intersections": [
    {
      "avg_wait": 17.66174703513289,
      "avg_wait_right": 13.18285464848419,
      "avg_wait_down": 12.912618417773132,
      "avg_wait_left": 19.296913593748798,
      "avg_wait_up": 20.872541744997626,
      "p95_wait": 46.633426600005066,
      "max_wait": 70.15014030000762,
      "throughput": 39.59992080016468,
      "avg_queue": 15.918333333333333,
      "max_queue": 32,
      "queues": [
        4,
        10,
        1,
        9
      ],
      "crossed": 198,
      "spawned": 222,
      "external_spawned": 161,
      "transferred_in": 61,
      "exited_world": 131,
      "red_light_violations": 0,
      "fairness": 0.7272727272727273,
      "iid": 0
    },
    {
      "avg_wait": 14.68473810727981,
      "avg_wait_right": 16.475285475755808,
      "avg_wait_down": 10.555694870211749,
      "avg_wait_left": 13.618418041376852,
      "avg_wait_up": 16.353678540623076,
      "p95_wait": 37.70007539999466,
      "max_wait": 60.90012179999778,
      "throughput": 37.599924800156366,
      "avg_queue": 12.391666666666667,
      "max_queue": 25,
      "queues": [
        8,
        4,
        3,
        3
      ],
      "crossed": 188,
      "spawned": 206,
      "external_spawned": 144,
      "transferred_in": 62,
      "exited_world": 115,
      "red_light_violations": 0,
      "fairness": 0.826530612244898,
      "iid": 1
    },
    {
      "avg_wait": 14.925760845612148,
      "avg_wait_right": 16.39249310238109,
      "avg_wait_down": 14.378339258903129,
      "avg_wait_left": 15.459848271229852,
      "avg_wait_up": 13.410026819996409,
      "p95_wait": 37.80007560000411,
      "max_wait": 50.83343499998904,
      "throughput": 42.59991480017715,
      "avg_queue": 15.03,
      "max_queue": 25,
      "queues": [
        4,
        3,
        6,
        2
      ],
      "crossed": 213,
      "spawned": 228,
      "external_spawned": 161,
      "transferred_in": 67,
      "exited_world": 137,
      "red_light_violations": 0,
      "fairness": 0.8653846153846154,
      "iid": 2
    },
    {
      "avg_wait": 15.922357426044424,
      "avg_wait_right": 20.662118618839095,
      "avg_wait_down": 16.395978737835602,
      "avg_wait_left": 10.703174559456812,
      "avg_wait_up": 11.09430790285478,
      "p95_wait": 43.41675350000472,
      "max_wait": 66.08346550000718,
      "throughput": 39.99992000016634,
      "avg_queue": 12.696666666666667,
      "max_queue": 22,
      "queues": [
        2,
        6,
        5,
        2
      ],
      "crossed": 200,
      "spawned": 215,
      "external_spawned": 134,
      "transferred_in": 81,
      "exited_world": 130,
      "red_light_violations": 0,
      "fairness": 0.8152173913043478,
      "iid": 3
    }
  ],
  "overall": {
    "avg_wait": 15.798650853517318,
    "avg_wait_right": 16.678187961365044,
    "avg_wait_down": 13.560657821180904,
    "avg_wait_left": 14.769588616453078,
    "avg_wait_up": 15.432638752117972,
    "p95_wait": 41.38758277500214,
    "throughput": 159.79968040066456,
    "avg_queue": 14.009166666666667,
    "fairness": 0.8086013365516471,
    "crossed": 799,
    "spawned": 871,
    "external_spawned": 600,
    "transferred_in": 271,
    "exited_world": 513,
    "red_light_violations": 0
  }
}