{
  "mode": "neural",
  "seed": 53,
  "spawn_rate": 2.0,
  "duration_s": 180.00036000001444,
  "fixed_dt_s": 0.0166667,
  "rl": {
    "model_path": "models/rl_qtable.json",
    "training": false,
    "epsilon": null,
    "updates": 0,
    "state_profile": "default",
    "state_table_size": 4096
  },
  "neural": {
    "model_path": "models/neural_hybrid.pt",
    "collect_data": false,
    "data_path": "data/neural/greedy_data.csv",
    "teacher_policy": "greedy"
  },
  "intersections": [
    {
      "avg_wait": 10.13267609187092,
      "avg_wait_right": 9.103641395653067,
      "avg_wait_down": 12.12943602353073,
      "avg_wait_left": 9.878807636364575,
      "avg_wait_up": 10.155575866667665,
      "p95_wait": 23.9167145000026,
      "max_wait": 32.2333978000035,
      "throughput": 33.33326666679732,
      "avg_queue": 9.066666666666666,
      "max_queue": 24,
      "queues": [
        7,
        1,
        10,
        5
      ],
      "crossed": 100,
      "spawned": 123,
      "external_spawned": 88,
      "transferred_in": 35,
      "exited_world": 68,
      "red_light_violations": 0,
      "fairness": 0.7557142857142857,
      "iid": 0
    },
    {
      "avg_wait": 11.576585653126084,
      "avg_wait_right": 9.869067357143724,
      "avg_wait_down": 10.512521025000897,
      "avg_wait_left": 10.118136178261969,
      "avg_wait_up": 13.868361070001304,
      "p95_wait": 27.950055900003036,
      "max_wait": 35.51673770000386,
      "throughput": 37.33325866681301,
      "avg_queue": 9.802777777777777,
      "max_queue": 19,
      "queues": [
        2,
        4,
        2,
        8
      ],
      "crossed": 112,
      "spawned": 128,
      "external_spawned": 92,
      "transferred_in": 36,
      "exited_world": 71,
      "red_light_violations": 0,
      "fairness": 0.7272727272727273,
      "iid": 1
    },
    {
      "avg_wait": 11.818056422951976,
      "avg_wait_right": 11.386979295653282,
      "avg_wait_down": 12.81752563500137,
      "avg_wait_left": 11.434189535000993,
      "avg_wait_up": 11.043881736843213,
      "p95_wait": 29.250058500003178,
      "max_wait": 38.85007770000422,
      "throughput": 36.66659333347705,
      "avg_queue": 9.997222222222222,
      "max_queue": 19,
      "queues": [
        0,
        5,
        2,
        5
      ],
      "crossed": 110,
      "spawned": 122,
      "external_spawned": 90,
      "transferred_in": 32,
      "exited_world": 73,
      "red_light_violations": 0,
      "fairness": 0.6666666666666666,
      "iid": 2
    },
    {
      "avg_wait": 12.673570320636017,
      "avg_wait_right": 11.581134273334312,
      "avg_wait_down": 13.16044298750098,
      "avg_wait_left": 12.201876255556726,
      "avg_wait_up": 14.333362000001467,
      "p95_wait": 31.2833959000034,
      "max_wait": 43.93342120000477,
      "throughput": 39.66658733348882,
      "avg_queue": 11.008333333333333,
      "max_queue": 21,
      "queues": [
        2,
        2,
        1,
        2
      ],
      "crossed": 119,
      "spawned": 126,
      "external_spawned": 90,
      "transferred_in": 36,
      "exited_world": 81,
      "red_light_violations": 0,
      "fairness": 0.9423076923076923,
      "iid": 3
    }
  ],
  "overall": {
    "avg_wait": 11.550222122146248,
    "avg_wait_right": 10.485205580446095,
    "avg_wait_down": 12.154981417758494,
    "avg_wait_left": 10.908252401296066,
    "avg_wait_up": 12.350295168378413,
    "p95_wait": 28.100056200003053,
    "throughput": 146.9997060005762,
    "avg_queue": 9.96875,
    "fairness": 0.772990342990343,
    "crossed": 441,
    "spawned": 499,
    "external_spawned": 360,
    "transferred_in": 139,
    "exited_world": 293,
    "red_light_violations": 0
  }
}