{
  "mode": "rl",
  "seed": 30,
  "spawn_rate": 1.0,
  "duration_s": 300.00059999995244,
  "fixed_dt_s": 0.0166667,
  "rl": {
    "model_path": "models/rl_budget_5m.json",
    "training": true,
    "epsilon": 0.09052831354983307,
    "updates": 64
  },
  "neural": {
    "model_path": "models/neural_greedy.pt",
    "collect_data": false,
    "data_path": "data/neural/greedy_data.csv",
    "teacher_policy": "greedy"
  },
  "intersections": [
    {
      "avg_wait": 61.00342530989169,
      "avg_wait_right": 26.67922002500052,
      "avg_wait_down": 32.02387357142937,
      "avg_wait_left": 63.049313090214895,
      "avg_wait_up": 93.54513658482249,
      "p95_wait": 167.50033499994484,
      "max_wait": 268.8672043999527,
      "throughput": 14.599970800060714,
      "avg_queue": 19.911666666666665,
      "max_queue": 41,
      "queues": [
        1,
        1,
        18,
        18
      ],
      "crossed": 73,
      "spawned": 111,
      "external_spawned": 84,
      "transferred_in": 27,
      "exited_world": 35,
      "red_light_violations": 0,
      "fairness": 0.5553846153846154,
      "iid": 0
    },
    {
      "avg_wait": 35.53388059142665,
      "avg_wait_right": 39.58189734545588,
      "avg_wait_down": 60.776788219989385,
      "avg_wait_left": 30.054446073680452,
      "avg_wait_up": 24.793909236841717,
      "p95_wait": 105.20021040001143,
      "max_wait": 126.61691990001202,
      "throughput": 18.799962400078183,
      "avg_queue": 12.153333333333334,
      "max_queue": 26,
      "queues": [
        3,
        0,
        3,
        5
      ],
      "crossed": 94,
      "spawned": 105,
      "external_spawned": 79,
      "transferred_in": 26,
      "exited_world": 63,
      "red_light_violations": 0,
      "fairness": 0.7034883720930233,
      "iid": 1
    },
    {
      "avg_wait": 43.857348440587614,
      "avg_wait_right": 70.31983760906144,
      "avg_wait_down": 39.52693090555043,
      "avg_wait_left": 31.047562094997563,
      "avg_wait_up": 70.80014159999679,
      "p95_wait": 123.51691370001342,
      "max_wait": 178.95035790001796,
      "throughput": 16.199967600067367,
      "avg_queue": 13.146666666666667,
      "max_queue": 24,
      "queues": [
        6,
        10,
        1,
        3
      ],
      "crossed": 81,
      "spawned": 101,
      "external_spawned": 61,
      "transferred_in": 40,
      "exited_world": 64,
      "red_light_violations": 0,
      "fairness": 0.684931506849315,
      "iid": 2
    },
    {
      "avg_wait": 40.53254634270387,
      "avg_wait_right": 57.9521992375059,
      "avg_wait_down": 47.756762179988996,
      "avg_wait_left": 17.894732759087955,
      "avg_wait_up": 29.006724679992008,
      "p95_wait": 113.98356130001238,
      "max_wait": 165.650331300018,
      "throughput": 16.599966800069033,
      "avg_queue": 11.53,
      "max_queue": 29,
      "queues": [
        2,
        5,
        2,
        4
      ],
      "crossed": 83,
      "spawned": 96,
      "external_spawned": 76,
      "transferred_in": 20,
      "exited_world": 50,
      "red_light_violations": 0,
      "fairness": 0.8622448979591837,
      "iid": 3
    }
  ],
  "overall": {
    "avg_wait": 45.23180017115246,
    "avg_wait_right": 48.633288554255934,
    "avg_wait_down": 45.02108871923954,
    "avg_wait_left": 35.51151350449521,
    "avg_wait_up": 54.53647802541325,
    "p95_wait": 127.55025509999552,
    "throughput": 66.1998676002753,
    "avg_queue": 14.185416666666667,
    "fairness": 0.7015123480715344,
    "crossed": 331,
    "spawned": 413,
    "external_spawned": 300,
    "transferred_in": 113,
    "exited_world": 212,
    "red_light_violations": 0
  }
}