{
  "mode": "rl",
  "seed": 53,
  "spawn_rate": 2.0,
  "duration_s": 180.00036000001444,
  "fixed_dt_s": 0.0166667,
  "rl": {
    "model_path": "models/rl_best_final_final_results.json",
    "training": false,
    "epsilon": 0.08207181587385382,
    "updates": 0,
    "state_profile": "fine",
    "state_table_size": 9216
  },
  "neural": {
    "model_path": "models/neural_hybrid.pt",
    "collect_data": false,
    "data_path": "data/neural/greedy_data.csv",
    "teacher_policy": "greedy"
  },
  "intersections": [
    {
      "avg_wait": 14.7417661781526,
      "avg_wait_right": 16.32258166470737,
      "avg_wait_down": 12.567617727778774,
      "avg_wait_left": 13.362188886487763,
      "avg_wait_up": 15.956143023334787,
      "p95_wait": 41.90008380000455,
      "max_wait": 51.88343710000203,
      "throughput": 35.66659533347314,
      "avg_queue": 10.894444444444444,
      "max_queue": 20,
      "queues": [
        3,
        7,
        1,
        1
      ],
      "crossed": 107,
      "spawned": 119,
      "external_spawned": 83,
      "transferred_in": 36,
      "exited_world": 63,
      "red_light_violations": 0,
      "fairness": 0.6,
      "iid": 0
    },
    {
      "avg_wait": 14.5293114659736,
      "avg_wait_right": 16.473502334695414,
      "avg_wait_down": 8.351251270371131,
      "avg_wait_left": 17.46322937083501,
      "avg_wait_up": 14.554953352274142,
      "p95_wait": 38.13340960000414,
      "max_wait": 51.88343710000203,
      "throughput": 40.99991800016071,
      "avg_queue": 11.561111111111112,
      "max_queue": 24,
      "queues": [
        4,
        2,
        6,
        9
      ],
      "crossed": 123,
      "spawned": 144,
      "external_spawned": 92,
      "transferred_in": 52,
      "exited_world": 73,
      "red_light_violations": 0,
      "fairness": 0.8047445255474452,
      "iid": 1
    },
    {
      "avg_wait": 9.732102797500845,
      "avg_wait_right": 7.569245907693044,
      "avg_wait_down": 10.114305942857888,
      "avg_wait_left": 8.949567448649383,
      "avg_wait_up": 12.99623811363768,
      "p95_wait": 31.533396400003426,
      "max_wait": 48.21676310000524,
      "throughput": 35.99992800014111,
      "avg_queue": 9.080555555555556,
      "max_queue": 19,
      "queues": [
        3,
        0,
        5,
        4
      ],
      "crossed": 108,
      "spawned": 120,
      "external_spawned": 93,
      "transferred_in": 27,
      "exited_world": 67,
      "red_light_violations": 0,
      "fairness": 0.72,
      "iid": 2
    },
    {
      "avg_wait": 12.26966739642973,
      "avg_wait_right": 11.006625786793565,
      "avg_wait_down": 14.111268532559473,
      "avg_wait_left": 12.334873154546393,
      "avg_wait_up": 11.647750568182966,
      "p95_wait": 32.40006479999911,
      "max_wait": 45.91675850000195,
      "throughput": 40.33325266682476,
      "avg_queue": 11.858333333333333,
      "max_queue": 21,
      "queues": [
        7,
        6,
        6,
        0
      ],
      "crossed": 121,
      "spawned": 140,
      "external_spawned": 92,
      "transferred_in": 48,
      "exited_world": 83,
      "red_light_violations": 0,
      "fairness": 0.7458677685950413,
      "iid": 3
    }
  ],
  "overall": {
    "avg_wait": 12.818211959514194,
    "avg_wait_right": 12.84298892347235,
    "avg_wait_down": 11.286110868391816,
    "avg_wait_left": 13.027464715129637,
    "avg_wait_up": 13.788771264357393,
    "p95_wait": 35.99173865000281,
    "throughput": 152.99969400059973,
    "avg_queue": 10.848611111111111,
    "fairness": 0.7176530735356217,
    "crossed": 459,
    "spawned": 523,
    "external_spawned": 360,
    "transferred_in": 163,
    "exited_world": 286,
    "red_light_violations": 0
  }
}