{
  "mode": "rl",
  "seed": 44,
  "spawn_rate": 2.0,
  "duration_s": 300.00059999995244,
  "fixed_dt_s": 0.0166667,
  "rl": {
    "model_path": "models/studies/final_final_results_train10/shared_qtable.json",
    "training": true,
    "epsilon": 0.02,
    "updates": 213,
    "state_profile": "fine",
    "state_table_size": 9216
  },
  "neural": {
    "model_path": "models/neural_hybrid.pt",
    "collect_data": false,
    "data_path": "data/neural/greedy_data.csv",
    "teacher_policy": "greedy"
  },
  "intersections": [
    {
      "avg_wait": 17.55829199724453,
      "avg_wait_right": 11.699584802627461,
      "avg_wait_down": 14.506169363152617,
      "avg_wait_left": 22.166710999998124,
      "avg_wait_up": 17.719049522532362,
      "p95_wait": 45.73342480000497,
      "max_wait": 81.18349569995178,
      "throughput": 40.19991960016717,
      "avg_queue": 15.466666666666667,
      "max_queue": 25,
      "queues": [
        0,
        6,
        4,
        7
      ],
      "crossed": 201,
      "spawned": 218,
      "external_spawned": 154,
      "transferred_in": 64,
      "exited_world": 123,
      "red_light_violations": 0,
      "fairness": 0.7153465346534653,
      "iid": 0
    },
    {
      "avg_wait": 13.967326512792232,
      "avg_wait_right": 15.57104563477686,
      "avg_wait_down": 10.413788943475826,
      "avg_wait_left": 14.098986531247505,
      "avg_wait_up": 14.726591953121087,
      "p95_wait": 33.95006790000369,
      "max_wait": 58.73345079998762,
      "throughput": 39.59992080016468,
      "avg_queue": 12.206666666666667,
      "max_queue": 25,
      "queues": [
        6,
        3,
        2,
        2
      ],
      "crossed": 198,
      "spawned": 211,
      "external_spawned": 137,
      "transferred_in": 74,
      "exited_world": 118,
      "red_light_violations": 0,
      "fairness": 0.7971698113207547,
      "iid": 1
    },
    {
      "avg_wait": 15.195623339901354,
      "avg_wait_right": 11.546992790906556,
      "avg_wait_down": 19.909986056446833,
      "avg_wait_left": 13.869472183331927,
      "avg_wait_up": 13.240026479999182,
      "p95_wait": 36.66674000000398,
      "max_wait": 51.283435900003795,
      "throughput": 38.59992280016052,
      "avg_queue": 12.951666666666666,
      "max_queue": 27,
      "queues": [
        6,
        4,
        4,
        1
      ],
      "crossed": 193,
      "spawned": 208,
      "external_spawned": 144,
      "transferred_in": 64,
      "exited_world": 128,
      "red_light_violations": 0,
      "fairness": 0.8152173913043478,
      "iid": 2
    },
    {
      "avg_wait": 14.83733463914707,
      "avg_wait_right": 18.52490477460287,
      "avg_wait_down": 16.14586562499762,
      "avg_wait_left": 12.068445189471234,
      "avg_wait_up": 8.94485915952126,
      "p95_wait": 40.15008030000436,
      "max_wait": 58.650117299970816,
      "throughput": 41.59991680017299,
      "avg_queue": 14.943333333333333,
      "max_queue": 33,
      "queues": [
        6,
        10,
        6,
        5
      ],
      "crossed": 208,
      "spawned": 235,
      "external_spawned": 165,
      "transferred_in": 70,
      "exited_world": 139,
      "red_light_violations": 0,
      "fairness": 0.9251269035532995,
      "iid": 3
    }
  ],
  "overall": {
    "avg_wait": 15.389644122271296,
    "avg_wait_right": 14.335632000728436,
    "avg_wait_down": 15.243952497018224,
    "avg_wait_left": 15.550903726012198,
    "avg_wait_up": 13.657631778793473,
    "p95_wait": 39.12507825000425,
    "throughput": 159.99968000066536,
    "avg_queue": 13.892083333333334,
    "fairness": 0.8132151602079668,
    "crossed": 800,
    "spawned": 872,
    "external_spawned": 600,
    "transferred_in": 272,
    "exited_world": 508,
    "red_light_violations": 0
  }
}