{
  "mode": "rl",
  "seed": 42,
  "spawn_rate": 2.0,
  "duration_s": 300.00059999995244,
  "fixed_dt_s": 0.0166667,
  "rl": {
    "model_path": "models/studies/final_final_results_train10/shared_qtable.json",
    "training": true,
    "epsilon": 0.02,
    "updates": 215,
    "state_profile": "fine",
    "state_table_size": 9216
  },
  "neural": {
    "model_path": "models/neural_hybrid.pt",
    "collect_data": false,
    "data_path": "data/neural/greedy_data.csv",
    "teacher_policy": "greedy"
  },
  "intersections": [
    {
      "avg_wait": 15.045996606390558,
      "avg_wait_right": 8.755573066666026,
      "avg_wait_down": 22.57905750369769,
      "avg_wait_left": 16.3082655481916,
      "avg_wait_up": 13.926740182189247,
      "p95_wait": 44.03342139996556,
      "max_wait": 69.08347149998875,
      "throughput": 39.79992040016551,
      "avg_queue": 13.738333333333333,
      "max_queue": 27,
      "queues": [
        4,
        1,
        9,
        6
      ],
      "crossed": 199,
      "spawned": 219,
      "external_spawned": 147,
      "transferred_in": 72,
      "exited_world": 138,
      "red_light_violations": 0,
      "fairness": 0.746268656716418,
      "iid": 0
    },
    {
      "avg_wait": 14.224008039794791,
      "avg_wait_right": 13.582203090276742,
      "avg_wait_down": 11.377295481815073,
      "avg_wait_left": 11.652587407691275,
      "avg_wait_up": 17.54342133015813,
      "p95_wait": 38.60007720000419,
      "max_wait": 69.43347219999902,
      "throughput": 36.19992760015054,
      "avg_queue": 12.495,
      "max_queue": 21,
      "queues": [
        9,
        2,
        2,
        2
      ],
      "crossed": 181,
      "spawned": 196,
      "external_spawned": 139,
      "transferred_in": 57,
      "exited_world": 124,
      "red_light_violations": 0,
      "fairness": 0.6048387096774194,
      "iid": 1
    },
    {
      "avg_wait": 15.241842077822156,
      "avg_wait_right": 11.133818563887399,
      "avg_wait_down": 20.830770828119174,
      "avg_wait_left": 15.850406232579767,
      "avg_wait_up": 8.803676143900567,
      "p95_wait": 49.60009920000539,
      "max_wait": 61.96679060000673,
      "throughput": 41.59991680017299,
      "avg_queue": 13.865,
      "max_queue": 31,
      "queues": [
        3,
        0,
        13,
        6
      ],
      "crossed": 208,
      "spawned": 230,
      "external_spawned": 167,
      "transferred_in": 63,
      "exited_world": 134,
      "red_light_violations": 0,
      "fairness": 0.5654205607476636,
      "iid": 2
    },
    {
      "avg_wait": 15.156932670702579,
      "avg_wait_right": 19.674217752106767,
      "avg_wait_down": 12.633645956891963,
      "avg_wait_left": 14.362945392496183,
      "avg_wait_up": 10.239100937929265,
      "p95_wait": 45.38342410000493,
      "max_wait": 66.2667992000072,
      "throughput": 36.19992760015054,
      "avg_queue": 13.18,
      "max_queue": 32,
      "queues": [
        7,
        3,
        3,
        4
      ],
      "crossed": 181,
      "spawned": 198,
      "external_spawned": 147,
      "transferred_in": 51,
      "exited_world": 118,
      "red_light_violations": 0,
      "fairness": 0.8704819277108434,
      "iid": 3
    }
  ],
  "overall": {
    "avg_wait": 14.917194848677521,
    "avg_wait_right": 13.286453118234233,
    "avg_wait_down": 16.855192442630976,
    "avg_wait_left": 14.543551145239705,
    "avg_wait_up": 12.628234648544302,
    "p95_wait": 44.40425547499502,
    "throughput": 153.79969240063957,
    "avg_queue": 13.319583333333334,
    "fairness": 0.6967524637130861,
    "crossed": 769,
    "spawned": 843,
    "external_spawned": 600,
    "transferred_in": 243,
    "exited_world": 514,
    "red_light_violations": 0
  }
}