{
  "mode": "fixed",
  "seed": 45,
  "spawn_rate": 1.0,
  "duration_s": 180.00036000001444,
  "fixed_dt_s": 0.0166667,
  "rl": {
    "model_path": "models/rl_qtable.json",
    "training": false,
    "epsilon": null,
    "updates": 0
  },
  "neural": {
    "model_path": "models/neural_greedy.pt",
    "collect_data": false,
    "data_path": "data/neural/greedy_data.csv",
    "teacher_policy": "greedy"
  },
  "intersections": [
    {
      "avg_wait": 27.083870592756064,
      "avg_wait_right": 25.227828233335668,
      "avg_wait_down": 21.208375750002244,
      "avg_wait_left": 35.02877376111482,
      "avg_wait_up": 25.223939336668458,
      "p95_wait": 49.7167661000054,
      "max_wait": 75.20015040000817,
      "throughput": 18.666629333406505,
      "avg_queue": 9.063888888888888,
      "max_queue": 18,
      "queues": [
        3,
        4,
        5,
        1
      ],
      "crossed": 56,
      "spawned": 69,
      "external_spawned": 45,
      "transferred_in": 24,
      "exited_world": 42,
      "red_light_violations": 0,
      "fairness": 0.8284313725490197,
      "iid": 0
    },
    {
      "avg_wait": 24.986865894032356,
      "avg_wait_right": 33.573215294447884,
      "avg_wait_down": 24.47560450666931,
      "avg_wait_left": 14.437907663637866,
      "avg_wait_up": 23.64569946521956,
      "p95_wait": 62.41679150000678,
      "max_wait": 90.13351360000655,
      "throughput": 19.66662733341042,
      "avg_queue": 9.044444444444444,
      "max_queue": 21,
      "queues": [
        2,
        5,
        1,
        0
      ],
      "crossed": 59,
      "spawned": 67,
      "external_spawned": 49,
      "transferred_in": 18,
      "exited_world": 39,
      "red_light_violations": 0,
      "fairness": 0.5333333333333333,
      "iid": 1
    },
    {
      "avg_wait": 25.313500919300466,
      "avg_wait_right": 13.738916366668159,
      "avg_wait_down": 26.969845606252637,
      "avg_wait_left": 27.544499533335724,
      "avg_wait_up": 27.992913128573427,
      "p95_wait": 63.833461000006935,
      "max_wait": 93.9335212000102,
      "throughput": 14.33330466672285,
      "avg_queue": 7.394444444444445,
      "max_queue": 16,
      "queues": [
        5,
        3,
        6,
        0
      ],
      "crossed": 43,
      "spawned": 57,
      "external_spawned": 42,
      "transferred_in": 15,
      "exited_world": 25,
      "red_light_violations": 0,
      "fairness": 0.7,
      "iid": 2
    },
    {
      "avg_wait": 23.742288863795633,
      "avg_wait_right": 28.787312476473563,
      "avg_wait_down": 24.62724223684477,
      "avg_wait_left": 25.704813314288508,
      "avg_wait_up": 15.98780975333507,
      "p95_wait": 67.06680080000729,
      "max_wait": 74.00014800000804,
      "throughput": 14.999970000058797,
      "avg_queue": 7.466666666666667,
      "max_queue": 17,
      "queues": [
        8,
        2,
        0,
        3
      ],
      "crossed": 45,
      "spawned": 58,
      "external_spawned": 44,
      "transferred_in": 14,
      "exited_world": 26,
      "red_light_violations": 0,
      "fairness": 0.5487012987012987,
      "iid": 3
    }
  ],
  "overall": {
    "avg_wait": 25.28163156747113,
    "avg_wait_right": 25.331818092731318,
    "avg_wait_down": 24.32026702494224,
    "avg_wait_left": 25.67899856809423,
    "avg_wait_up": 23.21259042094913,
    "p95_wait": 60.7584548500066,
    "throughput": 67.66653133359857,
    "avg_queue": 8.24236111111111,
    "fairness": 0.6526165011459129,
    "crossed": 203,
    "spawned": 251,
    "external_spawned": 180,
    "transferred_in": 71,
    "exited_world": 132,
    "red_light_violations": 0
  }
}