{
  "mode": "rl",
  "seed": 40,
  "spawn_rate": 2.0,
  "duration_s": 300.00059999995244,
  "fixed_dt_s": 0.0166667,
  "rl": {
    "model_path": "models/studies/final_final_results_train10/shared_qtable.json",
    "training": true,
    "epsilon": 0.02,
    "updates": 215,
    "state_profile": "fine",
    "state_table_size": 9216
  },
  "neural": {
    "model_path": "models/neural_hybrid.pt",
    "collect_data": false,
    "data_path": "data/neural/greedy_data.csv",
    "teacher_policy": "greedy"
  },
  "intersections": [
    {
      "avg_wait": 17.210813857708132,
      "avg_wait_right": 13.59083177930929,
      "avg_wait_down": 21.667247635482553,
      "avg_wait_left": 16.62080618840214,
      "avg_wait_up": 17.31554389027303,
      "p95_wait": 42.78341890000465,
      "max_wait": 61.6501233000067,
      "throughput": 35.59992880014804,
      "avg_queue": 13.126666666666667,
      "max_queue": 29,
      "queues": [
        3,
        1,
        9,
        10
      ],
      "crossed": 178,
      "spawned": 201,
      "external_spawned": 134,
      "transferred_in": 67,
      "exited_world": 122,
      "red_light_violations": 0,
      "fairness": 0.6924083769633508,
      "iid": 0
    },
    {
      "avg_wait": 15.550559004522738,
      "avg_wait_right": 15.14742612812491,
      "avg_wait_down": 10.457428322221032,
      "avg_wait_left": 13.845149641459106,
      "avg_wait_up": 19.038996411246877,
      "p95_wait": 40.21674710000437,
      "max_wait": 61.76679020000671,
      "throughput": 40.9999180001705,
      "avg_queue": 13.771666666666667,
      "max_queue": 30,
      "queues": [
        4,
        2,
        3,
        7
      ],
      "crossed": 205,
      "spawned": 221,
      "external_spawned": 156,
      "transferred_in": 65,
      "exited_world": 133,
      "red_light_violations": 0,
      "fairness": 0.8205128205128205,
      "iid": 1
    },
    {
      "avg_wait": 17.247407236943854,
      "avg_wait_right": 15.287961610344668,
      "avg_wait_down": 22.00342564927256,
      "avg_wait_left": 15.99801179393706,
      "avg_wait_up": 12.404298312819346,
      "p95_wait": 42.83341900000465,
      "max_wait": 67.56680180000734,
      "throughput": 37.599924800156366,
      "avg_queue": 12.788333333333334,
      "max_queue": 26,
      "queues": [
        2,
        6,
        3,
        4
      ],
      "crossed": 188,
      "spawned": 203,
      "external_spawned": 141,
      "transferred_in": 62,
      "exited_world": 122,
      "red_light_violations": 0,
      "fairness": 0.8653846153846154,
      "iid": 2
    },
    {
      "avg_wait": 15.105102673910789,
      "avg_wait_right": 15.253271247220185,
      "avg_wait_down": 16.084032167999165,
      "avg_wait_left": 14.27319927804475,
      "avg_wait_up": 13.915107195234663,
      "p95_wait": 36.06673880000392,
      "max_wait": 46.46675960000505,
      "throughput": 42.59991480017715,
      "avg_queue": 15.185,
      "max_queue": 25,
      "queues": [
        8,
        4,
        2,
        3
      ],
      "crossed": 213,
      "spawned": 230,
      "external_spawned": 169,
      "transferred_in": 61,
      "exited_world": 135,
      "red_light_violations": 0,
      "fairness": 0.7768817204301075,
      "iid": 3
    }
  ],
  "overall": {
    "avg_wait": 16.278470693271377,
    "avg_wait_right": 14.819872691249763,
    "avg_wait_down": 17.55303344374383,
    "avg_wait_left": 15.184291725460763,
    "avg_wait_up": 15.668486452393479,
    "p95_wait": 40.4750809500044,
    "throughput": 156.79968640065206,
    "avg_queue": 13.717916666666667,
    "fairness": 0.7887968833227236,
    "crossed": 784,
    "spawned": 855,
    "external_spawned": 600,
    "transferred_in": 255,
    "exited_world": 512,
    "red_light_violations": 0
  }
}