{
  "mode": "rl",
  "seed": 47,
  "spawn_rate": 2.0,
  "duration_s": 300.00059999995244,
  "fixed_dt_s": 0.0166667,
  "rl": {
    "model_path": "models/studies/final_final_results_train10/shared_qtable.json",
    "training": true,
    "epsilon": 0.02,
    "updates": 208,
    "state_profile": "fine",
    "state_table_size": 9216
  },
  "neural": {
    "model_path": "models/neural_hybrid.pt",
    "collect_data": false,
    "data_path": "data/neural/greedy_data.csv",
    "teacher_policy": "greedy"
  },
  "intersections": [
    {
      "avg_wait": 15.700965981306426,
      "avg_wait_right": 17.556805946873705,
      "avg_wait_down": 16.427675131700582,
      "avg_wait_left": 15.13308582166594,
      "avg_wait_up": 15.020606172838718,
      "p95_wait": 43.10008620000468,
      "max_wait": 66.10013220000718,
      "throughput": 39.79992040016551,
      "avg_queue": 14.051666666666666,
      "max_queue": 25,
      "queues": [
        5,
        1,
        3,
        6
      ],
      "crossed": 199,
      "spawned": 214,
      "external_spawned": 157,
      "transferred_in": 57,
      "exited_world": 132,
      "red_light_violations": 0,
      "fairness": 0.7922535211267606,
      "iid": 0
    },
    {
      "avg_wait": 15.64697573833105,
      "avg_wait_right": 19.018751487718283,
      "avg_wait_down": 7.736051508106489,
      "avg_wait_left": 13.74623961362967,
      "avg_wait_up": 17.870869074997724,
      "p95_wait": 44.61675590000141,
      "max_wait": 61.83345700000672,
      "throughput": 32.399935200134735,
      "avg_queue": 10.163333333333334,
      "max_queue": 21,
      "queues": [
        5,
        4,
        1,
        8
      ],
      "crossed": 162,
      "spawned": 180,
      "external_spawned": 119,
      "transferred_in": 61,
      "exited_world": 108,
      "red_light_violations": 0,
      "fairness": 0.7641509433962265,
      "iid": 1
    },
    {
      "avg_wait": 18.448275378858085,
      "avg_wait_right": 12.712525425000026,
      "avg_wait_down": 24.42761295768321,
      "avg_wait_left": 17.84003567999742,
      "avg_wait_up": 14.690180895454613,
      "p95_wait": 53.900107800005856,
      "max_wait": 70.71680809996815,
      "throughput": 44.19991160018381,
      "avg_queue": 18.078333333333333,
      "max_queue": 33,
      "queues": [
        2,
        10,
        8,
        5
      ],
      "crossed": 221,
      "spawned": 246,
      "external_spawned": 173,
      "transferred_in": 73,
      "exited_world": 138,
      "red_light_violations": 0,
      "fairness": 0.8095854922279793,
      "iid": 2
    },
    {
      "avg_wait": 14.858141810618037,
      "avg_wait_right": 16.20241335714099,
      "avg_wait_down": 15.014942310524269,
      "avg_wait_left": 13.642820078377468,
      "avg_wait_up": 12.90095172777804,
      "p95_wait": 35.90007179995956,
      "max_wait": 49.61676590000539,
      "throughput": 41.39991720017216,
      "avg_queue": 14.098333333333333,
      "max_queue": 27,
      "queues": [
        5,
        8,
        4,
        2
      ],
      "crossed": 207,
      "spawned": 226,
      "external_spawned": 151,
      "transferred_in": 75,
      "exited_world": 140,
      "red_light_violations": 0,
      "fairness": 0.8279816513761468,
      "iid": 3
    }
  ],
  "overall": {
    "avg_wait": 16.1635897272784,
    "avg_wait_right": 16.37262405418325,
    "avg_wait_down": 15.901570477003638,
    "avg_wait_left": 15.090545298417625,
    "avg_wait_up": 15.120651967767273,
    "p95_wait": 44.37925542499288,
    "throughput": 157.79968440065622,
    "avg_queue": 14.097916666666666,
    "fairness": 0.7984929020317783,
    "crossed": 789,
    "spawned": 866,
    "external_spawned": 600,
    "transferred_in": 266,
    "exited_world": 518,
    "red_light_violations": 0
  }
}