{
  "mode": "rl",
  "seed": 24,
  "spawn_rate": 1.0,
  "duration_s": 600.0166666664496,
  "fixed_dt_s": 0.016666666666666666,
  "rl": {
    "model_path": "models/rl_boost_epoch.json",
    "training": true,
    "epsilon": 0.15497341642737525,
    "updates": 123
  },
  "neural": {
    "model_path": "models/neural_greedy.pt",
    "collect_data": false,
    "data_path": "data/neural/greedy_data.csv"
  },
  "intersections": [
    {
      "avg_wait": 51.95526315787256,
      "avg_wait_right": 39.17391304347199,
      "avg_wait_down": 25.48288288286649,
      "avg_wait_left": 65.28632478628592,
      "avg_wait_up": 62.946874999985226,
      "p95_wait": 132.1500000000625,
      "max_wait": 214.9833333334089,
      "throughput": 18.899475014589765,
      "avg_queue": 16.9328165374677,
      "max_queue": 30,
      "queues": [
        2,
        1,
        12,
        5
      ],
      "crossed": 189,
      "spawned": 209,
      "external_spawned": 147,
      "transferred_in": 62,
      "exited_world": 109,
      "red_light_violations": 0,
      "fairness": 0.5747126436781609,
      "iid": 0
    },
    {
      "avg_wait": 51.03690476188723,
      "avg_wait_right": 63.25249999998706,
      "avg_wait_down": 36.34476190475908,
      "avg_wait_left": 35.539999999981944,
      "avg_wait_up": 54.041239316210756,
      "p95_wait": 142.7833333333446,
      "max_wait": 172.76666666670178,
      "throughput": 20.499430571380433,
      "avg_queue": 16.56244616709733,
      "max_queue": 33,
      "queues": [
        8,
        2,
        1,
        22
      ],
      "crossed": 205,
      "spawned": 238,
      "external_spawned": 153,
      "transferred_in": 85,
      "exited_world": 128,
      "red_light_violations": 0,
      "fairness": 0.4923146473779385,
      "iid": 1
    },
    {
      "avg_wait": 52.74841666664653,
      "avg_wait_right": 25.324509803922076,
      "avg_wait_down": 55.4598173515782,
      "avg_wait_left": 69.73928571425505,
      "avg_wait_up": 32.97101449273444,
      "p95_wait": 174.14999999991184,
      "max_wait": 234.63333333329163,
      "throughput": 18.899475014589765,
      "avg_queue": 16.96124031007752,
      "max_queue": 40,
      "queues": [
        1,
        3,
        2,
        5
      ],
      "crossed": 189,
      "spawned": 200,
      "external_spawned": 140,
      "transferred_in": 60,
      "exited_world": 137,
      "red_light_violations": 0,
      "fairness": 0.7756410256410257,
      "iid": 2
    },
    {
      "avg_wait": 48.27935103243064,
      "avg_wait_right": 54.12101449272852,
      "avg_wait_down": 42.703205128190234,
      "avg_wait_left": 44.41578947367725,
      "avg_wait_up": 52.63739837396301,
      "p95_wait": 139.299999999995,
      "max_wait": 173.19999999984248,
      "throughput": 21.099413905176934,
      "avg_queue": 17.789836347975882,
      "max_queue": 34,
      "queues": [
        2,
        6,
        7,
        0
      ],
      "crossed": 211,
      "spawned": 226,
      "external_spawned": 160,
      "transferred_in": 66,
      "exited_world": 139,
      "red_light_violations": 0,
      "fairness": 0.6320224719101124,
      "iid": 3
    }
  ],
  "overall": {
    "avg_wait": 51.004983904709235,
    "avg_wait_right": 45.46798433502741,
    "avg_wait_down": 39.9976668168485,
    "avg_wait_left": 53.745349993550036,
    "avg_wait_up": 50.649131795723356,
    "p95_wait": 147.09583333332847,
    "throughput": 79.3977945057369,
    "avg_queue": 17.06158484065461,
    "fairness": 0.6186726971518094,
    "crossed": 794,
    "spawned": 873,
    "external_spawned": 600,
    "transferred_in": 273,
    "exited_world": 513,
    "red_light_violations": 0
  }
}