{
  "mode": "rl",
  "seed": 41,
  "spawn_rate": 2.0,
  "duration_s": 300.00059999995244,
  "fixed_dt_s": 0.0166667,
  "rl": {
    "model_path": "models/studies/pres2_sw010_ws12_20260313/shared_qtable.json",
    "training": true,
    "epsilon": 0.03732508961871913,
    "updates": 204
  },
  "neural": {
    "model_path": "models/neural_hybrid.pt",
    "collect_data": false,
    "data_path": "data/neural/greedy_data.csv",
    "teacher_policy": "greedy"
  },
  "intersections": [
    {
      "avg_wait": 13.238023021758897,
      "avg_wait_right": 11.467669994114301,
      "avg_wait_down": 14.915654831245666,
      "avg_wait_left": 13.407249036663806,
      "avg_wait_up": 13.183608456714797,
      "p95_wait": 31.65006329998897,
      "max_wait": 40.616747900000725,
      "throughput": 36.399927200151375,
      "avg_queue": 10.625,
      "max_queue": 23,
      "queues": [
        2,
        5,
        2,
        2
      ],
      "crossed": 182,
      "spawned": 193,
      "external_spawned": 133,
      "transferred_in": 60,
      "exited_world": 119,
      "red_light_violations": 0,
      "fairness": 0.8175675675675675,
      "iid": 0
    },
    {
      "avg_wait": 13.498644508753314,
      "avg_wait_right": 13.3322338716185,
      "avg_wait_down": 9.675574906665057,
      "avg_wait_left": 12.454325983868141,
      "avg_wait_up": 16.733366799997906,
      "p95_wait": 35.850071700003895,
      "max_wait": 46.266759200005026,
      "throughput": 39.79992040016551,
      "avg_queue": 12.178333333333333,
      "max_queue": 24,
      "queues": [
        5,
        7,
        2,
        4
      ],
      "crossed": 199,
      "spawned": 217,
      "external_spawned": 150,
      "transferred_in": 67,
      "exited_world": 129,
      "red_light_violations": 0,
      "fairness": 0.8617021276595744,
      "iid": 1
    },
    {
      "avg_wait": 14.828362989996108,
      "avg_wait_right": 9.015112369808845,
      "avg_wait_down": 16.733615556712664,
      "avg_wait_left": 19.494654373840522,
      "avg_wait_up": 11.31811787428266,
      "p95_wait": 38.333409999994075,
      "max_wait": 57.083447500002514,
      "throughput": 38.99992200016218,
      "avg_queue": 13.665,
      "max_queue": 33,
      "queues": [
        3,
        5,
        13,
        4
      ],
      "crossed": 195,
      "spawned": 220,
      "external_spawned": 162,
      "transferred_in": 58,
      "exited_world": 114,
      "red_light_violations": 0,
      "fairness": 0.7134703196347032,
      "iid": 2
    },
    {
      "avg_wait": 13.62269112259271,
      "avg_wait_right": 12.717260282952259,
      "avg_wait_down": 14.488917866665718,
      "avg_wait_left": 15.086516659458926,
      "avg_wait_up": 12.745263585713024,
      "p95_wait": 31.233395800003393,
      "max_wait": 51.383436099939615,
      "throughput": 43.39991320018048,
      "avg_queue": 13.87,
      "max_queue": 26,
      "queues": [
        5,
        4,
        6,
        7
      ],
      "crossed": 217,
      "spawned": 239,
      "external_spawned": 155,
      "transferred_in": 84,
      "exited_world": 151,
      "red_light_violations": 0,
      "fairness": 0.9603174603174603,
      "iid": 3
    }
  ],
  "overall": {
    "avg_wait": 13.796930410775257,
    "avg_wait_right": 11.633069129623475,
    "avg_wait_down": 13.953440790322276,
    "avg_wait_left": 15.11068651345785,
    "avg_wait_up": 13.495089179177096,
    "p95_wait": 34.26673519999758,
    "throughput": 158.59968280065954,
    "avg_queue": 12.584583333333333,
    "fairness": 0.8382643687948264,
    "crossed": 793,
    "spawned": 869,
    "external_spawned": 600,
    "transferred_in": 269,
    "exited_world": 513,
    "red_light_violations": 0
  }
}