{
  "mode": "rl",
  "seed": 42,
  "spawn_rate": 2.0,
  "duration_s": 300.00059999995244,
  "fixed_dt_s": 0.0166667,
  "rl": {
    "model_path": "models/studies/final_final_results_train10/shared_qtable.json",
    "training": true,
    "epsilon": 0.02,
    "updates": 214,
    "state_profile": "fine",
    "state_table_size": 9216
  },
  "neural": {
    "model_path": "models/neural_hybrid.pt",
    "collect_data": false,
    "data_path": "data/neural/greedy_data.csv",
    "teacher_policy": "greedy"
  },
  "intersections": [
    {
      "avg_wait": 15.374204922518361,
      "avg_wait_right": 13.274629723804939,
      "avg_wait_down": 11.693541905554476,
      "avg_wait_left": 16.071529727532255,
      "avg_wait_up": 17.67514646132776,
      "p95_wait": 35.98340530000391,
      "max_wait": 45.233423799949776,
      "throughput": 39.399921200163845,
      "avg_queue": 13.648333333333333,
      "max_queue": 32,
      "queues": [
        10,
        2,
        10,
        3
      ],
      "crossed": 197,
      "spawned": 222,
      "external_spawned": 147,
      "transferred_in": 75,
      "exited_world": 123,
      "red_light_violations": 0,
      "fairness": 0.7335680751173709,
      "iid": 0
    },
    {
      "avg_wait": 16.761457623001984,
      "avg_wait_right": 16.34810032898524,
      "avg_wait_down": 24.119279007683737,
      "avg_wait_left": 12.18949806315663,
      "avg_wait_up": 16.898367129996405,
      "p95_wait": 37.883409100004116,
      "max_wait": 63.63346060000691,
      "throughput": 40.59991880016883,
      "avg_queue": 14.176666666666666,
      "max_queue": 29,
      "queues": [
        4,
        2,
        2,
        2
      ],
      "crossed": 203,
      "spawned": 213,
      "external_spawned": 140,
      "transferred_in": 73,
      "exited_world": 141,
      "red_light_violations": 0,
      "fairness": 0.8928571428571429,
      "iid": 1
    },
    {
      "avg_wait": 15.429346334819536,
      "avg_wait_right": 15.108650906896344,
      "avg_wait_down": 18.313735257532475,
      "avg_wait_left": 14.837793388606237,
      "avg_wait_up": 11.835682586042298,
      "p95_wait": 39.283411899999855,
      "max_wait": 75.15015030000816,
      "throughput": 41.19991760017133,
      "avg_queue": 14.28,
      "max_queue": 23,
      "queues": [
        3,
        4,
        7,
        4
      ],
      "crossed": 206,
      "spawned": 224,
      "external_spawned": 150,
      "transferred_in": 74,
      "exited_world": 140,
      "red_light_violations": 0,
      "fairness": 0.9,
      "iid": 2
    },
    {
      "avg_wait": 15.371783482157209,
      "avg_wait_right": 17.392436745586483,
      "avg_wait_down": 21.673257632137716,
      "avg_wait_left": 8.789790306818455,
      "avg_wait_up": 10.912244046664005,
      "p95_wait": 48.48343029993825,
      "max_wait": 89.65017930000974,
      "throughput": 37.799924400157195,
      "avg_queue": 13.211666666666666,
      "max_queue": 33,
      "queues": [
        5,
        11,
        4,
        4
      ],
      "crossed": 189,
      "spawned": 213,
      "external_spawned": 163,
      "transferred_in": 50,
      "exited_world": 106,
      "red_light_violations": 0,
      "fairness": 0.8089887640449438,
      "iid": 3
    }
  ],
  "overall": {
    "avg_wait": 15.734198090624272,
    "avg_wait_right": 15.530954426318251,
    "avg_wait_down": 18.9499534507271,
    "avg_wait_left": 12.972152871528394,
    "avg_wait_up": 14.330360056007617,
    "p95_wait": 40.408414149986534,
    "throughput": 158.9996820006612,
    "avg_queue": 13.829166666666666,
    "fairness": 0.8338534955048644,
    "crossed": 795,
    "spawned": 872,
    "external_spawned": 600,
    "transferred_in": 272,
    "exited_world": 510,
    "red_light_violations": 0
  }
}