{
  "mode": "rl",
  "seed": 43,
  "spawn_rate": 2.0,
  "duration_s": 300.00059999995244,
  "fixed_dt_s": 0.0166667,
  "rl": {
    "model_path": "models/studies/final_final_results_train10/shared_qtable.json",
    "training": true,
    "epsilon": 0.053010254760415244,
    "updates": 220,
    "state_profile": "fine",
    "state_table_size": 9216
  },
  "neural": {
    "model_path": "models/neural_hybrid.pt",
    "collect_data": false,
    "data_path": "data/neural/greedy_data.csv",
    "teacher_policy": "greedy"
  },
  "intersections": [
    {
      "avg_wait": 18.92466062016093,
      "avg_wait_right": 20.501674990195653,
      "avg_wait_down": 13.605065969763594,
      "avg_wait_left": 18.601703869996854,
      "avg_wait_up": 21.44859362173253,
      "p95_wait": 46.43342620000496,
      "max_wait": 75.41681749998943,
      "throughput": 44.39991120018464,
      "avg_queue": 19.47,
      "max_queue": 33,
      "queues": [
        6,
        8,
        4,
        3
      ],
      "crossed": 222,
      "spawned": 243,
      "external_spawned": 184,
      "transferred_in": 59,
      "exited_world": 135,
      "red_light_violations": 0,
      "fairness": 0.882,
      "iid": 0
    },
    {
      "avg_wait": 18.330881307239,
      "avg_wait_right": 24.696293523943694,
      "avg_wait_down": 11.15153745454486,
      "avg_wait_left": 15.427947522498318,
      "avg_wait_up": 17.046354438959785,
      "p95_wait": 54.93344320000597,
      "max_wait": 85.88350510000933,
      "throughput": 41.19991760017133,
      "avg_queue": 14.633333333333333,
      "max_queue": 24,
      "queues": [
        4,
        2,
        5,
        4
      ],
      "crossed": 206,
      "spawned": 221,
      "external_spawned": 145,
      "transferred_in": 76,
      "exited_world": 137,
      "red_light_violations": 0,
      "fairness": 0.9221311475409836,
      "iid": 1
    },
    {
      "avg_wait": 17.684968029794064,
      "avg_wait_right": 18.38158438213291,
      "avg_wait_down": 17.6477719209846,
      "avg_wait_left": 20.11829420475904,
      "avg_wait_up": 11.154509488458878,
      "p95_wait": 47.8834291000052,
      "max_wait": 60.65012130000659,
      "throughput": 34.39993120014305,
      "avg_queue": 13.268333333333333,
      "max_queue": 28,
      "queues": [
        2,
        11,
        11,
        2
      ],
      "crossed": 172,
      "spawned": 198,
      "external_spawned": 132,
      "transferred_in": 66,
      "exited_world": 122,
      "red_light_violations": 0,
      "fairness": 0.676,
      "iid": 2
    },
    {
      "avg_wait": 16.46088762256018,
      "avg_wait_right": 21.02845735736948,
      "avg_wait_down": 18.154834289391427,
      "avg_wait_left": 11.989239664703131,
      "avg_wait_up": 9.449528702939894,
      "p95_wait": 44.98342330000489,
      "max_wait": 63.750127500006926,
      "throughput": 34.59993080014389,
      "avg_queue": 12.645,
      "max_queue": 24,
      "queues": [
        12,
        6,
        1,
        3
      ],
      "crossed": 173,
      "spawned": 195,
      "external_spawned": 139,
      "transferred_in": 56,
      "exited_world": 109,
      "red_light_violations": 0,
      "fairness": 0.6368421052631579,
      "iid": 3
    }
  ],
  "overall": {
    "avg_wait": 17.850349394938544,
    "avg_wait_right": 21.152002563410434,
    "avg_wait_down": 15.13980240867112,
    "avg_wait_left": 16.534296315489335,
    "avg_wait_up": 14.774746563022772,
    "p95_wait": 48.558430450005254,
    "throughput": 154.59969080064292,
    "avg_queue": 15.004166666666666,
    "fairness": 0.7792433132010353,
    "crossed": 773,
    "spawned": 857,
    "external_spawned": 600,
    "transferred_in": 257,
    "exited_world": 503,
    "red_light_violations": 0
  }
}