{
  "mode": "rl",
  "seed": 44,
  "spawn_rate": 2.0,
  "duration_s": 300.00059999995244,
  "fixed_dt_s": 0.0166667,
  "rl": {
    "model_path": "models/studies/final_final_results_train10/shared_qtable.json",
    "training": true,
    "epsilon": 0.02,
    "updates": 210,
    "state_profile": "fine",
    "state_table_size": 9216
  },
  "neural": {
    "model_path": "models/neural_hybrid.pt",
    "collect_data": false,
    "data_path": "data/neural/greedy_data.csv",
    "teacher_policy": "greedy"
  },
  "intersections": [
    {
      "avg_wait": 14.20606816742823,
      "avg_wait_right": 12.459773347168246,
      "avg_wait_down": 13.173359679998491,
      "avg_wait_left": 16.80446069218413,
      "avg_wait_up": 13.603783076052089,
      "p95_wait": 36.25007250000394,
      "max_wait": 68.48347030000704,
      "throughput": 38.59992280016052,
      "avg_queue": 14.001666666666667,
      "max_queue": 25,
      "queues": [
        8,
        5,
        2,
        10
      ],
      "crossed": 193,
      "spawned": 218,
      "external_spawned": 154,
      "transferred_in": 64,
      "exited_world": 115,
      "red_light_violations": 0,
      "fairness": 0.8095854922279793,
      "iid": 0
    },
    {
      "avg_wait": 16.69227082739404,
      "avg_wait_right": 18.751227978570533,
      "avg_wait_down": 16.190203320505262,
      "avg_wait_left": 11.9126675034471,
      "avg_wait_up": 16.471923491040286,
      "p95_wait": 46.21675910000502,
      "max_wait": 59.916786500006104,
      "throughput": 40.79991840016967,
      "avg_queue": 14.245,
      "max_queue": 28,
      "queues": [
        0,
        3,
        3,
        9
      ],
      "crossed": 204,
      "spawned": 219,
      "external_spawned": 140,
      "transferred_in": 79,
      "exited_world": 137,
      "red_light_violations": 0,
      "fairness": 0.5681818181818182,
      "iid": 1
    },
    {
      "avg_wait": 16.433289747244878,
      "avg_wait_right": 14.500505191427722,
      "avg_wait_down": 22.73951916315699,
      "avg_wait_left": 17.951255414629706,
      "avg_wait_up": 6.97236242954155,
      "p95_wait": 46.63342659995024,
      "max_wait": 60.28345390000477,
      "throughput": 38.79992240016135,
      "avg_queue": 14.388333333333334,
      "max_queue": 27,
      "queues": [
        3,
        4,
        11,
        6
      ],
      "crossed": 194,
      "spawned": 218,
      "external_spawned": 154,
      "transferred_in": 64,
      "exited_world": 124,
      "red_light_violations": 0,
      "fairness": 0.7912087912087912,
      "iid": 2
    },
    {
      "avg_wait": 16.12305550185764,
      "avg_wait_right": 17.911784457375926,
      "avg_wait_down": 17.65244758552193,
      "avg_wait_left": 15.807348687802595,
      "avg_wait_up": 10.382453197294259,
      "p95_wait": 41.21674910000448,
      "max_wait": 65.3667974000071,
      "throughput": 38.79992240016135,
      "avg_queue": 13.576666666666666,
      "max_queue": 30,
      "queues": [
        2,
        14,
        2,
        3
      ],
      "crossed": 194,
      "spawned": 215,
      "external_spawned": 152,
      "transferred_in": 63,
      "exited_world": 121,
      "red_light_violations": 0,
      "fairness": 0.5176056338028169,
      "iid": 3
    }
  ],
  "overall": {
    "avg_wait": 15.863671060981197,
    "avg_wait_right": 15.905822743635607,
    "avg_wait_down": 17.438882437295668,
    "avg_wait_left": 15.618933074515883,
    "avg_wait_up": 11.857630548482046,
    "p95_wait": 42.57925182499092,
    "throughput": 156.9996860006529,
    "avg_queue": 14.052916666666667,
    "fairness": 0.6716454338553514,
    "crossed": 785,
    "spawned": 870,
    "external_spawned": 600,
    "transferred_in": 270,
    "exited_world": 497,
    "red_light_violations": 0
  }
}