{
  "mode": "rl",
  "seed": 24,
  "spawn_rate": 1.0,
  "duration_s": 300.00059999995244,
  "fixed_dt_s": 0.0166667,
  "rl": {
    "model_path": "models/rl_budget_3m.json",
    "training": true,
    "epsilon": 0.16555823842600692,
    "updates": 73
  },
  "neural": {
    "model_path": "models/neural_greedy.pt",
    "collect_data": false,
    "data_path": "data/neural/greedy_data.csv",
    "teacher_policy": "greedy"
  },
  "intersections": [
    {
      "avg_wait": 41.30037758583226,
      "avg_wait_right": 48.03104844283005,
      "avg_wait_down": 12.750642785182349,
      "avg_wait_left": 56.72154201428671,
      "avg_wait_up": 43.35549211619647,
      "p95_wait": 115.41689750001254,
      "max_wait": 146.4669596000116,
      "throughput": 17.79996440007402,
      "avg_queue": 14.013333333333334,
      "max_queue": 31,
      "queues": [
        3,
        4,
        0,
        17
      ],
      "crossed": 89,
      "spawned": 113,
      "external_spawned": 70,
      "transferred_in": 43,
      "exited_world": 57,
      "red_light_violations": 0,
      "fairness": 0.4585987261146497,
      "iid": 0
    },
    {
      "avg_wait": 40.44157024467649,
      "avg_wait_right": 53.28121767330424,
      "avg_wait_down": 28.67759358695446,
      "avg_wait_left": 17.21090398695272,
      "avg_wait_up": 58.99557253636853,
      "p95_wait": 125.83358500001367,
      "max_wait": 148.56696380001614,
      "throughput": 15.799968400065707,
      "avg_queue": 12.886666666666667,
      "max_queue": 24,
      "queues": [
        8,
        5,
        1,
        1
      ],
      "crossed": 79,
      "spawned": 94,
      "external_spawned": 74,
      "transferred_in": 20,
      "exited_world": 39,
      "red_light_violations": 0,
      "fairness": 0.6181318681318682,
      "iid": 1
    },
    {
      "avg_wait": 33.98584778806669,
      "avg_wait_right": 36.5587687695623,
      "avg_wait_down": 28.796882990468937,
      "avg_wait_left": 42.47109943477434,
      "avg_wait_up": 32.25244545713484,
      "p95_wait": 95.46685760001037,
      "max_wait": 139.53361239995377,
      "throughput": 17.39996520007236,
      "avg_queue": 12.581666666666667,
      "max_queue": 25,
      "queues": [
        7,
        7,
        8,
        0
      ],
      "crossed": 87,
      "spawned": 109,
      "external_spawned": 81,
      "transferred_in": 28,
      "exited_world": 50,
      "red_light_violations": 0,
      "fairness": 0.7469135802469136,
      "iid": 2
    },
    {
      "avg_wait": 34.463677489904946,
      "avg_wait_right": 44.90052839737114,
      "avg_wait_down": 25.869254636951702,
      "avg_wait_left": 56.15011229996853,
      "avg_wait_up": 24.184362094118214,
      "p95_wait": 98.66686400000918,
      "max_wait": 139.53361239995377,
      "throughput": 19.599960800081508,
      "avg_queue": 10.168333333333333,
      "max_queue": 28,
      "queues": [
        4,
        6,
        0,
        1
      ],
      "crossed": 98,
      "spawned": 109,
      "external_spawned": 75,
      "transferred_in": 34,
      "exited_world": 74,
      "red_light_violations": 0,
      "fairness": 0.5707547169811321,
      "iid": 3
    }
  ],
  "overall": {
    "avg_wait": 37.547868277120095,
    "avg_wait_right": 45.692890820766934,
    "avg_wait_down": 24.023593499889362,
    "avg_wait_left": 43.13841443399557,
    "avg_wait_up": 39.69696805095451,
    "p95_wait": 108.84605102501143,
    "throughput": 70.59985880029359,
    "avg_queue": 12.4125,
    "fairness": 0.5985997228686408,
    "crossed": 353,
    "spawned": 425,
    "external_spawned": 300,
    "transferred_in": 125,
    "exited_world": 220,
    "red_light_violations": 0
  }
}