{
  "mode": "rl",
  "seed": 41,
  "spawn_rate": 2.0,
  "duration_s": 300.00059999995244,
  "fixed_dt_s": 0.0166667,
  "rl": {
    "model_path": "models/studies/final_final_results_train10/shared_qtable.json",
    "training": true,
    "epsilon": 0.0659924373027212,
    "updates": 220,
    "state_profile": "fine",
    "state_table_size": 9216
  },
  "neural": {
    "model_path": "models/neural_hybrid.pt",
    "collect_data": false,
    "data_path": "data/neural/greedy_data.csv",
    "teacher_policy": "greedy"
  },
  "intersections": [
    {
      "avg_wait": 18.44384641142597,
      "avg_wait_right": 12.328972026309954,
      "avg_wait_down": 12.828230784612268,
      "avg_wait_left": 17.391246903635558,
      "avg_wait_up": 24.972913193587708,
      "p95_wait": 51.00010200000554,
      "max_wait": 82.56683180000897,
      "throughput": 36.399927200151375,
      "avg_queue": 14.53,
      "max_queue": 30,
      "queues": [
        8,
        8,
        3,
        9
      ],
      "crossed": 182,
      "spawned": 210,
      "external_spawned": 149,
      "transferred_in": 61,
      "exited_world": 119,
      "red_light_violations": 0,
      "fairness": 0.8990825688073395,
      "iid": 0
    },
    {
      "avg_wait": 18.415881375781886,
      "avg_wait_right": 20.436238789057874,
      "avg_wait_down": 13.988185871050435,
      "avg_wait_left": 17.772257766666037,
      "avg_wait_up": 19.056082068129218,
      "p95_wait": 44.68342269999633,
      "max_wait": 68.0668028000074,
      "throughput": 40.9999180001705,
      "avg_queue": 15.508333333333333,
      "max_queue": 28,
      "queues": [
        0,
        6,
        5,
        7
      ],
      "crossed": 205,
      "spawned": 223,
      "external_spawned": 144,
      "transferred_in": 79,
      "exited_world": 140,
      "red_light_violations": 0,
      "fairness": 0.7363636363636363,
      "iid": 1
    },
    {
      "avg_wait": 16.678056231862058,
      "avg_wait_right": 9.48010026097401,
      "avg_wait_down": 21.37516712835888,
      "avg_wait_left": 17.20653158813441,
      "avg_wait_up": 15.305886467566227,
      "p95_wait": 45.083423500002,
      "max_wait": 108.86688440001183,
      "throughput": 38.99992200016218,
      "avg_queue": 13.791666666666666,
      "max_queue": 26,
      "queues": [
        2,
        2,
        4,
        1
      ],
      "crossed": 195,
      "spawned": 204,
      "external_spawned": 153,
      "transferred_in": 51,
      "exited_world": 117,
      "red_light_violations": 0,
      "fairness": 0.81,
      "iid": 2
    },
    {
      "avg_wait": 15.682698031997504,
      "avg_wait_right": 14.118250458662175,
      "avg_wait_down": 19.194241286956235,
      "avg_wait_left": 19.610705887999686,
      "avg_wait_up": 11.697642442853622,
      "p95_wait": 38.26674320000416,
      "max_wait": 97.96686260001064,
      "throughput": 40.399919200168,
      "avg_queue": 14.806666666666667,
      "max_queue": 30,
      "queues": [
        8,
        3,
        5,
        7
      ],
      "crossed": 202,
      "spawned": 225,
      "external_spawned": 154,
      "transferred_in": 71,
      "exited_world": 127,
      "red_light_violations": 0,
      "fairness": 0.8996598639455783,
      "iid": 3
    }
  ],
  "overall": {
    "avg_wait": 17.305120512766855,
    "avg_wait_right": 14.090890383751002,
    "avg_wait_down": 16.846456267744454,
    "avg_wait_left": 17.995185536608922,
    "avg_wait_up": 17.758131043034194,
    "p95_wait": 44.758422850002006,
    "throughput": 156.79968640065206,
    "avg_queue": 14.659166666666666,
    "fairness": 0.8362765172791385,
    "crossed": 784,
    "spawned": 862,
    "external_spawned": 600,
    "transferred_in": 262,
    "exited_world": 503,
    "red_light_violations": 0
  }
}