{
  "mode": "fixed",
  "seed": 53,
  "spawn_rate": 3.0,
  "duration_s": 180.00036000001444,
  "fixed_dt_s": 0.0166667,
  "rl": {
    "model_path": "models/rl_qtable.json",
    "training": false,
    "epsilon": null,
    "updates": 0
  },
  "neural": {
    "model_path": "models/neural_hybrid.pt",
    "collect_data": false,
    "data_path": "data/neural/greedy_data.csv",
    "teacher_policy": "greedy"
  },
  "intersections": [
    {
      "avg_wait": 19.028416435136943,
      "avg_wait_right": 8.594858459524502,
      "avg_wait_down": 8.070218160606737,
      "avg_wait_left": 28.95374007790979,
      "avg_wait_up": 18.147304054100132,
      "p95_wait": 49.15009830000534,
      "max_wait": 78.65015730000854,
      "throughput": 55.33322266688356,
      "avg_queue": 28.65277777777778,
      "max_queue": 56,
      "queues": [
        6,
        2,
        33,
        15
      ],
      "crossed": 166,
      "spawned": 222,
      "external_spawned": 159,
      "transferred_in": 63,
      "exited_world": 99,
      "red_light_violations": 0,
      "fairness": 0.5790251107828656,
      "iid": 0
    },
    {
      "avg_wait": 15.952659163055614,
      "avg_wait_right": 16.53597057187661,
      "avg_wait_down": 11.084744391667504,
      "avg_wait_left": 10.990021980000959,
      "avg_wait_up": 22.18079148793299,
      "p95_wait": 32.783398900002325,
      "max_wait": 46.9500939000051,
      "throughput": 57.99988400022735,
      "avg_queue": 22.475,
      "max_queue": 35,
      "queues": [
        16,
        1,
        5,
        7
      ],
      "crossed": 174,
      "spawned": 203,
      "external_spawned": 137,
      "transferred_in": 66,
      "exited_world": 99,
      "red_light_violations": 0,
      "fairness": 0.6351963746223565,
      "iid": 1
    },
    {
      "avg_wait": 14.593977600596645,
      "avg_wait_right": 9.528865211539216,
      "avg_wait_down": 18.02542066615561,
      "avg_wait_left": 15.946698560001648,
      "avg_wait_up": 8.705572966667397,
      "p95_wait": 32.233397800000496,
      "max_wait": 40.733414800004425,
      "throughput": 46.66657333351626,
      "avg_queue": 16.852777777777778,
      "max_queue": 30,
      "queues": [
        4,
        11,
        9,
        4
      ],
      "crossed": 140,
      "spawned": 168,
      "external_spawned": 114,
      "transferred_in": 54,
      "exited_world": 92,
      "red_light_violations": 0,
      "fairness": 0.8376068376068376,
      "iid": 2
    },
    {
      "avg_wait": 16.948073111766288,
      "avg_wait_right": 19.68394741379509,
      "avg_wait_down": 22.739019836925113,
      "avg_wait_left": 7.411125933334125,
      "avg_wait_up": 9.445514386487224,
      "p95_wait": 41.916750500004554,
      "max_wait": 62.11679090000675,
      "throughput": 51.666563333535855,
      "avg_queue": 21.055555555555557,
      "max_queue": 32,
      "queues": [
        13,
        8,
        4,
        7
      ],
      "crossed": 155,
      "spawned": 187,
      "external_spawned": 130,
      "transferred_in": 57,
      "exited_world": 101,
      "red_light_violations": 0,
      "fairness": 0.8590604026845637,
      "iid": 3
    }
  ],
  "overall": {
    "avg_wait": 16.63078157763887,
    "avg_wait_right": 13.585910414183854,
    "avg_wait_down": 14.97985076383874,
    "avg_wait_left": 15.82539663781163,
    "avg_wait_up": 14.619795723796935,
    "p95_wait": 39.02091137500318,
    "throughput": 211.66624333416303,
    "avg_queue": 22.259027777777778,
    "fairness": 0.7277221814241559,
    "crossed": 635,
    "spawned": 780,
    "external_spawned": 540,
    "transferred_in": 240,
    "exited_world": 391,
    "red_light_violations": 0
  }
}