{
  "mode": "rl",
  "seed": 47,
  "spawn_rate": 2.0,
  "duration_s": 300.00059999995244,
  "fixed_dt_s": 0.0166667,
  "rl": {
    "model_path": "models/studies/final_final_results_train10/shared_qtable.json",
    "training": true,
    "epsilon": 0.02,
    "updates": 215,
    "state_profile": "fine",
    "state_table_size": 9216
  },
  "neural": {
    "model_path": "models/neural_hybrid.pt",
    "collect_data": false,
    "data_path": "data/neural/greedy_data.csv",
    "teacher_policy": "greedy"
  },
  "intersections": [
    {
      "avg_wait": 15.893993140576214,
      "avg_wait_right": 12.677340169443749,
      "avg_wait_down": 12.513913916665349,
      "avg_wait_left": 16.254342853446488,
      "avg_wait_up": 18.25907266264391,
      "p95_wait": 38.85007770000422,
      "max_wait": 51.68343669994738,
      "throughput": 36.99992600015386,
      "avg_queue": 13.275,
      "max_queue": 25,
      "queues": [
        5,
        2,
        8,
        7
      ],
      "crossed": 185,
      "spawned": 207,
      "external_spawned": 145,
      "transferred_in": 62,
      "exited_world": 123,
      "red_light_violations": 0,
      "fairness": 0.852112676056338,
      "iid": 0
    },
    {
      "avg_wait": 21.32326669016214,
      "avg_wait_right": 19.48106460307619,
      "avg_wait_down": 15.282173421426586,
      "avg_wait_left": 11.970162829164353,
      "avg_wait_up": 29.10157335454287,
      "p95_wait": 56.466779600006134,
      "max_wait": 76.73348680000834,
      "throughput": 34.79993040014472,
      "avg_queue": 13.531666666666666,
      "max_queue": 26,
      "queues": [
        4,
        0,
        3,
        2
      ],
      "crossed": 174,
      "spawned": 183,
      "external_spawned": 120,
      "transferred_in": 63,
      "exited_world": 125,
      "red_light_violations": 0,
      "fairness": 0.6982758620689655,
      "iid": 1
    },
    {
      "avg_wait": 15.79433714416172,
      "avg_wait_right": 14.265631368084767,
      "avg_wait_down": 16.244904284609486,
      "avg_wait_left": 17.967129951278345,
      "avg_wait_up": 13.256026511990028,
      "p95_wait": 41.20008239993885,
      "max_wait": 63.750127500006926,
      "throughput": 41.39991720017216,
      "avg_queue": 16.39666666666667,
      "max_queue": 38,
      "queues": [
        6,
        12,
        6,
        9
      ],
      "crossed": 207,
      "spawned": 240,
      "external_spawned": 178,
      "transferred_in": 62,
      "exited_world": 118,
      "red_light_violations": 0,
      "fairness": 0.9166666666666666,
      "iid": 2
    },
    {
      "avg_wait": 17.68688141255301,
      "avg_wait_right": 18.032575747616693,
      "avg_wait_down": 16.485605110444876,
      "avg_wait_left": 15.799555408567942,
      "avg_wait_up": 20.86265433783337,
      "p95_wait": 43.46675360000472,
      "max_wait": 55.58344450000453,
      "throughput": 41.19991760017133,
      "avg_queue": 15.508333333333333,
      "max_queue": 30,
      "queues": [
        12,
        4,
        1,
        0
      ],
      "crossed": 206,
      "spawned": 223,
      "external_spawned": 157,
      "transferred_in": 66,
      "exited_world": 135,
      "red_light_violations": 0,
      "fairness": 0.44875776397515527,
      "iid": 3
    }
  ],
  "overall": {
    "avg_wait": 17.67461959686327,
    "avg_wait_right": 16.11415297205535,
    "avg_wait_down": 15.131649183286575,
    "avg_wait_left": 15.497797760614283,
    "avg_wait_up": 20.369831716752543,
    "p95_wait": 44.99592332498848,
    "throughput": 154.39969120064208,
    "avg_queue": 14.677916666666667,
    "fairness": 0.7289532421917814,
    "crossed": 772,
    "spawned": 853,
    "external_spawned": 600,
    "transferred_in": 253,
    "exited_world": 501,
    "red_light_violations": 0
  }
}