{
  "mode": "rl",
  "seed": 48,
  "spawn_rate": 2.0,
  "duration_s": 180.00036000001444,
  "fixed_dt_s": 0.0166667,
  "rl": {
    "model_path": "models\\epoch_snapshots\\pres2_sw020_ws12_20260313\\epoch_003.json",
    "training": false,
    "epsilon": 0.04598320288615461,
    "updates": 0
  },
  "neural": {
    "model_path": "models/neural_hybrid.pt",
    "collect_data": false,
    "data_path": "data/neural/greedy_data.csv",
    "teacher_policy": "greedy"
  },
  "intersections": [
    {
      "avg_wait": 12.069089794698128,
      "avg_wait_right": 10.832597422728444,
      "avg_wait_down": 13.745482036364825,
      "avg_wait_left": 11.68335670000101,
      "avg_wait_up": 12.19966978936297,
      "p95_wait": 30.833395000002845,
      "max_wait": 54.03344140000587,
      "throughput": 39.66658733348882,
      "avg_queue": 11.016666666666667,
      "max_queue": 21,
      "queues": [
        2,
        2,
        1,
        8
      ],
      "crossed": 119,
      "spawned": 132,
      "external_spawned": 94,
      "transferred_in": 38,
      "exited_world": 73,
      "red_light_violations": 0,
      "fairness": 0.5787671232876712,
      "iid": 0
    },
    {
      "avg_wait": 13.49920732623085,
      "avg_wait_right": 11.436844579070954,
      "avg_wait_down": 14.809678742106703,
      "avg_wait_left": 8.230572016667553,
      "avg_wait_up": 18.783370900001778,
      "p95_wait": 35.31673730000384,
      "max_wait": 53.08343950000133,
      "throughput": 37.99992400014895,
      "avg_queue": 9.744444444444444,
      "max_queue": 19,
      "queues": [
        3,
        4,
        1,
        0
      ],
      "crossed": 114,
      "spawned": 122,
      "external_spawned": 83,
      "transferred_in": 39,
      "exited_world": 76,
      "red_light_violations": 0,
      "fairness": 0.6153846153846154,
      "iid": 1
    },
    {
      "avg_wait": 11.875150012879866,
      "avg_wait_right": 12.976877805556606,
      "avg_wait_down": 13.471344772094263,
      "avg_wait_left": 10.286252456522636,
      "avg_wait_up": 11.260022520001153,
      "p95_wait": 31.10006220000338,
      "max_wait": 56.666780000006156,
      "throughput": 40.99991800016071,
      "avg_queue": 10.447222222222223,
      "max_queue": 20,
      "queues": [
        0,
        2,
        6,
        1
      ],
      "crossed": 123,
      "spawned": 132,
      "external_spawned": 93,
      "transferred_in": 39,
      "exited_world": 81,
      "red_light_violations": 0,
      "fairness": 0.49390243902439024,
      "iid": 2
    },
    {
      "avg_wait": 12.66628549512314,
      "avg_wait_right": 10.304492153659409,
      "avg_wait_down": 12.889840594445738,
      "avg_wait_left": 10.472243166667587,
      "avg_wait_up": 18.060702788001773,
      "p95_wait": 32.98339930000358,
      "max_wait": 50.63343460000107,
      "throughput": 34.99993000013719,
      "avg_queue": 10.491666666666667,
      "max_queue": 21,
      "queues": [
        5,
        5,
        2,
        6
      ],
      "crossed": 105,
      "spawned": 123,
      "external_spawned": 90,
      "transferred_in": 33,
      "exited_world": 62,
      "red_light_violations": 0,
      "fairness": 0.9,
      "iid": 3
    }
  ],
  "overall": {
    "avg_wait": 12.527433157232995,
    "avg_wait_right": 11.387702990253853,
    "avg_wait_down": 13.729086536252883,
    "avg_wait_left": 10.168106084964696,
    "avg_wait_up": 15.07594149934192,
    "p95_wait": 32.55839845000341,
    "throughput": 153.66635933393567,
    "avg_queue": 10.425,
    "fairness": 0.6470135444241693,
    "crossed": 461,
    "spawned": 509,
    "external_spawned": 360,
    "transferred_in": 149,
    "exited_world": 292,
    "red_light_violations": 0
  }
}