{
  "mode": "rl",
  "seed": 41,
  "spawn_rate": 2.0,
  "duration_s": 300.00059999995244,
  "fixed_dt_s": 0.0166667,
  "rl": {
    "model_path": "models/studies/pres2_sw015_ws12_20260313/shared_qtable.json",
    "training": true,
    "epsilon": 0.07284247090793897,
    "updates": 208
  },
  "neural": {
    "model_path": "models/neural_hybrid.pt",
    "collect_data": false,
    "data_path": "data/neural/greedy_data.csv",
    "teacher_policy": "greedy"
  },
  "intersections": [
    {
      "avg_wait": 13.057920852630206,
      "avg_wait_right": 14.451591403123084,
      "avg_wait_down": 11.003175159457813,
      "avg_wait_left": 13.045480636362756,
      "avg_wait_up": 13.452872434144844,
      "p95_wait": 32.533398400003534,
      "max_wait": 46.716760100005075,
      "throughput": 42.199915600175494,
      "avg_queue": 13.215,
      "max_queue": 24,
      "queues": [
        1,
        4,
        9,
        3
      ],
      "crossed": 211,
      "spawned": 228,
      "external_spawned": 161,
      "transferred_in": 67,
      "exited_world": 145,
      "red_light_violations": 0,
      "fairness": 0.6752336448598131,
      "iid": 0
    },
    {
      "avg_wait": 12.565715822069603,
      "avg_wait_right": 14.22617787758398,
      "avg_wait_down": 8.283697122915251,
      "avg_wait_left": 11.038310364863158,
      "avg_wait_up": 14.663742407591293,
      "p95_wait": 30.13339359997525,
      "max_wait": 49.21676510000535,
      "throughput": 40.59991880016883,
      "avg_queue": 11.09,
      "max_queue": 21,
      "queues": [
        5,
        5,
        5,
        4
      ],
      "crossed": 203,
      "spawned": 222,
      "external_spawned": 143,
      "transferred_in": 79,
      "exited_world": 122,
      "red_light_violations": 0,
      "fairness": 0.9917582417582418,
      "iid": 1
    },
    {
      "avg_wait": 13.46858194531825,
      "avg_wait_right": 12.957664804165729,
      "avg_wait_down": 14.13848981538276,
      "avg_wait_left": 13.859261952700434,
      "avg_wait_up": 11.963773927497895,
      "p95_wait": 32.816732300003565,
      "max_wait": 47.05009410000511,
      "throughput": 38.399923200159684,
      "avg_queue": 11.36,
      "max_queue": 20,
      "queues": [
        0,
        0,
        6,
        5
      ],
      "crossed": 192,
      "spawned": 203,
      "external_spawned": 135,
      "transferred_in": 68,
      "exited_world": 126,
      "red_light_violations": 0,
      "fairness": 0.4959016393442623,
      "iid": 2
    },
    {
      "avg_wait": 12.489206264909722,
      "avg_wait_right": 13.506209808063032,
      "avg_wait_down": 14.202731108105498,
      "avg_wait_left": 10.183750526187756,
      "avg_wait_up": 10.628687923996322,
      "p95_wait": 29.65005929997423,
      "max_wait": 39.633412600004306,
      "throughput": 41.79991640017383,
      "avg_queue": 13.066666666666666,
      "max_queue": 24,
      "queues": [
        7,
        7,
        3,
        2
      ],
      "crossed": 209,
      "spawned": 228,
      "external_spawned": 161,
      "transferred_in": 67,
      "exited_world": 122,
      "red_light_violations": 0,
      "fairness": 0.8130630630630631,
      "iid": 3
    }
  ],
  "overall": {
    "avg_wait": 12.895356221231946,
    "avg_wait_right": 13.785410973233956,
    "avg_wait_down": 11.90702330146533,
    "avg_wait_left": 12.031700870028526,
    "avg_wait_up": 12.67726917330759,
    "p95_wait": 31.283395899989145,
    "throughput": 162.99967400067783,
    "avg_queue": 12.182916666666667,
    "fairness": 0.743989147256345,
    "crossed": 815,
    "spawned": 881,
    "external_spawned": 600,
    "transferred_in": 281,
    "exited_world": 515,
    "red_light_violations": 0
  }
}