{
  "mode": "rl",
  "seed": 47,
  "spawn_rate": 2.0,
  "duration_s": 300.00059999995244,
  "fixed_dt_s": 0.0166667,
  "rl": {
    "model_path": "models/studies/pres2_sw010_ws12_20260313/shared_qtable.json",
    "training": true,
    "epsilon": 0.03,
    "updates": 217
  },
  "neural": {
    "model_path": "models/neural_hybrid.pt",
    "collect_data": false,
    "data_path": "data/neural/greedy_data.csv",
    "teacher_policy": "greedy"
  },
  "intersections": [
    {
      "avg_wait": 14.592875456619641,
      "avg_wait_right": 14.985301288370664,
      "avg_wait_down": 15.12465146136015,
      "avg_wait_left": 11.72526854852936,
      "avg_wait_up": 17.010450687498746,
      "p95_wait": 37.150074300004036,
      "max_wait": 54.96677660000597,
      "throughput": 41.59991680017299,
      "avg_queue": 14.066666666666666,
      "max_queue": 32,
      "queues": [
        3,
        1,
        2,
        5
      ],
      "crossed": 208,
      "spawned": 219,
      "external_spawned": 162,
      "transferred_in": 57,
      "exited_world": 125,
      "red_light_violations": 0,
      "fairness": 0.7756410256410257,
      "iid": 0
    },
    {
      "avg_wait": 15.0103903810789,
      "avg_wait_right": 15.838126914283725,
      "avg_wait_down": 13.108359549996642,
      "avg_wait_left": 13.055940090322112,
      "avg_wait_up": 15.91998798026067,
      "p95_wait": 34.53340240000375,
      "max_wait": 59.66678600000452,
      "throughput": 41.39991720017216,
      "avg_queue": 13.053333333333333,
      "max_queue": 25,
      "queues": [
        4,
        6,
        3,
        2
      ],
      "crossed": 207,
      "spawned": 222,
      "external_spawned": 144,
      "transferred_in": 78,
      "exited_world": 141,
      "red_light_violations": 0,
      "fairness": 0.8653846153846154,
      "iid": 1
    },
    {
      "avg_wait": 12.974950192270112,
      "avg_wait_right": 9.699067017139976,
      "avg_wait_down": 14.939160313041942,
      "avg_wait_left": 12.340353898761972,
      "avg_wait_up": 13.847170551426062,
      "p95_wait": 31.83339700000346,
      "max_wait": 53.983441300005865,
      "throughput": 37.19992560015469,
      "avg_queue": 11.245,
      "max_queue": 34,
      "queues": [
        8,
        4,
        16,
        6
      ],
      "crossed": 186,
      "spawned": 220,
      "external_spawned": 146,
      "transferred_in": 74,
      "exited_world": 130,
      "red_light_violations": 0,
      "fairness": 0.7768817204301075,
      "iid": 2
    },
    {
      "avg_wait": 11.065239521737453,
      "avg_wait_right": 12.17172245660235,
      "avg_wait_down": 12.796739208450402,
      "avg_wait_left": 9.671564058532558,
      "avg_wait_up": 8.102397157140825,
      "p95_wait": 28.416723500003087,
      "max_wait": 65.33346399997762,
      "throughput": 39.199921600163016,
      "avg_queue": 10.878333333333334,
      "max_queue": 20,
      "queues": [
        1,
        1,
        5,
        4
      ],
      "crossed": 196,
      "spawned": 207,
      "external_spawned": 148,
      "transferred_in": 59,
      "exited_world": 119,
      "red_light_violations": 0,
      "fairness": 0.7034883720930233,
      "iid": 3
    }
  ],
  "overall": {
    "avg_wait": 13.410863887926526,
    "avg_wait_right": 13.17355441909918,
    "avg_wait_down": 13.992227633212284,
    "avg_wait_left": 11.6982816490365,
    "avg_wait_up": 13.720001594081577,
    "p95_wait": 32.98339930000358,
    "throughput": 159.39968120066285,
    "avg_queue": 12.310833333333333,
    "fairness": 0.7803489333871929,
    "crossed": 797,
    "spawned": 868,
    "external_spawned": 600,
    "transferred_in": 268,
    "exited_world": 515,
    "red_light_violations": 0
  }
}