{
  "mode": "rl",
  "seed": 46,
  "spawn_rate": 2.0,
  "duration_s": 300.00059999995244,
  "fixed_dt_s": 0.0166667,
  "rl": {
    "model_path": "models/studies/final_final_results_train10/shared_qtable.json",
    "training": true,
    "epsilon": 0.02,
    "updates": 219,
    "state_profile": "fine",
    "state_table_size": 9216
  },
  "neural": {
    "model_path": "models/neural_hybrid.pt",
    "collect_data": false,
    "data_path": "data/neural/greedy_data.csv",
    "teacher_policy": "greedy"
  },
  "intersections": [
    {
      "avg_wait": 19.98470978065715,
      "avg_wait_right": 10.368909626665078,
      "avg_wait_down": 23.395880124999085,
      "avg_wait_left": 19.353675070901843,
      "avg_wait_up": 24.58153064444197,
      "p95_wait": 54.21677509999736,
      "max_wait": 69.9334732000076,
      "throughput": 39.199921600163016,
      "avg_queue": 14.595,
      "max_queue": 28,
      "queues": [
        4,
        1,
        10,
        1
      ],
      "crossed": 196,
      "spawned": 212,
      "external_spawned": 152,
      "transferred_in": 60,
      "exited_world": 113,
      "red_light_violations": 0,
      "fairness": 0.5423728813559322,
      "iid": 0
    },
    {
      "avg_wait": 19.533685389667603,
      "avg_wait_right": 19.457933652628554,
      "avg_wait_down": 22.335828985294647,
      "avg_wait_left": 17.13681588274934,
      "avg_wait_up": 19.263326814860545,
      "p95_wait": 54.366775400005906,
      "max_wait": 69.11680490000751,
      "throughput": 38.199923600158854,
      "avg_queue": 15.9,
      "max_queue": 28,
      "queues": [
        4,
        5,
        6,
        7
      ],
      "crossed": 191,
      "spawned": 213,
      "external_spawned": 140,
      "transferred_in": 73,
      "exited_world": 132,
      "red_light_violations": 0,
      "fairness": 0.9603174603174603,
      "iid": 1
    },
    {
      "avg_wait": 18.988459805750143,
      "avg_wait_right": 9.796531220925857,
      "avg_wait_down": 18.78716837594831,
      "avg_wait_left": 20.696152503332755,
      "avg_wait_up": 26.004218674996334,
      "p95_wait": 50.81676830000552,
      "max_wait": 78.83349100000856,
      "throughput": 41.59991680017299,
      "avg_queue": 15.605,
      "max_queue": 29,
      "queues": [
        5,
        4,
        2,
        7
      ],
      "crossed": 208,
      "spawned": 226,
      "external_spawned": 158,
      "transferred_in": 68,
      "exited_world": 133,
      "red_light_violations": 0,
      "fairness": 0.8617021276595744,
      "iid": 2
    },
    {
      "avg_wait": 15.83398805420387,
      "avg_wait_right": 15.307768710712182,
      "avg_wait_down": 19.915912847616212,
      "avg_wait_left": 12.57894672646952,
      "avg_wait_up": 12.73436890303089,
      "p95_wait": 50.23343380000546,
      "max_wait": 79.71682609998479,
      "throughput": 39.399921200163845,
      "avg_queue": 13.14,
      "max_queue": 26,
      "queues": [
        9,
        5,
        2,
        1
      ],
      "crossed": 197,
      "spawned": 214,
      "external_spawned": 150,
      "transferred_in": 64,
      "exited_world": 133,
      "red_light_violations": 0,
      "fairness": 0.6509009009009009,
      "iid": 3
    }
  ],
  "overall": {
    "avg_wait": 18.58521075756969,
    "avg_wait_right": 13.732785802732918,
    "avg_wait_down": 21.10869758346456,
    "avg_wait_left": 17.441397545863364,
    "avg_wait_up": 20.645861259332435,
    "p95_wait": 52.40843815000356,
    "throughput": 158.3996832006587,
    "avg_queue": 14.81,
    "fairness": 0.753823342558467,
    "crossed": 792,
    "spawned": 865,
    "external_spawned": 600,
    "transferred_in": 265,
    "exited_world": 511,
    "red_light_violations": 0
  }
}