{
  "mode": "rl",
  "seed": 23,
  "spawn_rate": 1.0,
  "duration_s": 600.0166666664496,
  "fixed_dt_s": 0.016666666666666666,
  "rl": {
    "model_path": "models/rl_boost_epoch.json",
    "training": true,
    "epsilon": 0.05034868499721274,
    "updates": 121
  },
  "neural": {
    "model_path": "models/neural_greedy.pt",
    "collect_data": false,
    "data_path": "data/neural/greedy_data.csv"
  },
  "intersections": [
    {
      "avg_wait": 40.29166666665019,
      "avg_wait_right": 27.251801801799704,
      "avg_wait_down": 41.57187499998109,
      "avg_wait_left": 37.64088541664901,
      "avg_wait_up": 49.992592592570084,
      "p95_wait": 117.63333333342177,
      "max_wait": 176.26666666650635,
      "throughput": 18.4994861253921,
      "avg_queue": 11.725236864771748,
      "max_queue": 29,
      "queues": [
        5,
        3,
        3,
        0
      ],
      "crossed": 185,
      "spawned": 196,
      "external_spawned": 145,
      "transferred_in": 51,
      "exited_world": 124,
      "red_light_violations": 0,
      "fairness": 0.7034883720930233,
      "iid": 0
    },
    {
      "avg_wait": 40.1307755775409,
      "avg_wait_right": 30.18068783068523,
      "avg_wait_down": 40.58481481478906,
      "avg_wait_left": 32.66323529410437,
      "avg_wait_up": 54.46944444441726,
      "p95_wait": 138.86666666654037,
      "max_wait": 196.06666666659336,
      "throughput": 19.29946390378743,
      "avg_queue": 12.703703703703704,
      "max_queue": 28,
      "queues": [
        3,
        0,
        5,
        1
      ],
      "crossed": 193,
      "spawned": 202,
      "external_spawned": 146,
      "transferred_in": 56,
      "exited_world": 113,
      "red_light_violations": 0,
      "fairness": 0.5785714285714286,
      "iid": 1
    },
    {
      "avg_wait": 46.81921296294104,
      "avg_wait_right": 36.81851851850112,
      "avg_wait_down": 44.696568627435056,
      "avg_wait_left": 43.76234567898907,
      "avg_wait_up": 71.07634408598472,
      "p95_wait": 127.0999999998844,
      "max_wait": 170.98333333317782,
      "throughput": 19.99944445988335,
      "avg_queue": 14.440137812230835,
      "max_queue": 34,
      "queues": [
        0,
        2,
        5,
        9
      ],
      "crossed": 200,
      "spawned": 216,
      "external_spawned": 151,
      "transferred_in": 65,
      "exited_world": 142,
      "red_light_violations": 0,
      "fairness": 0.5818181818181818,
      "iid": 2
    },
    {
      "avg_wait": 45.25414908577189,
      "avg_wait_right": 34.67088888887522,
      "avg_wait_down": 50.63253968251794,
      "avg_wait_left": 46.14393939391343,
      "avg_wait_up": 54.16029411760584,
      "p95_wait": 136.41666666656545,
      "max_wait": 198.2833333331593,
      "throughput": 20.79942223827868,
      "avg_queue": 15.527131782945736,
      "max_queue": 30,
      "queues": [
        9,
        2,
        8,
        10
      ],
      "crossed": 208,
      "spawned": 237,
      "external_spawned": 158,
      "transferred_in": 79,
      "exited_world": 148,
      "red_light_violations": 0,
      "fairness": 0.8443775100401606,
      "iid": 3
    }
  ],
  "overall": {
    "avg_wait": 43.123951073226,
    "avg_wait_right": 32.23047425996532,
    "avg_wait_down": 44.37144953118079,
    "avg_wait_left": 40.05260144591397,
    "avg_wait_up": 57.424668810144475,
    "p95_wait": 130.004166666603,
    "throughput": 78.59781672734155,
    "avg_queue": 13.599052540913005,
    "fairness": 0.6770638731306986,
    "crossed": 786,
    "spawned": 851,
    "external_spawned": 600,
    "transferred_in": 251,
    "exited_world": 527,
    "red_light_violations": 0
  }
}