{
  "mode": "rl",
  "seed": 48,
  "spawn_rate": 2.0,
  "duration_s": 180.00036000001444,
  "fixed_dt_s": 0.0166667,
  "rl": {
    "model_path": "models\\epoch_snapshots\\final_final_results_train10\\epoch_003.json",
    "training": false,
    "epsilon": 0.02,
    "updates": 0,
    "state_profile": "fine",
    "state_table_size": 9216
  },
  "neural": {
    "model_path": "models/neural_hybrid.pt",
    "collect_data": false,
    "data_path": "data/neural/greedy_data.csv",
    "teacher_policy": "greedy"
  },
  "intersections": [
    {
      "avg_wait": 13.080538981539659,
      "avg_wait_right": 21.770678461906716,
      "avg_wait_down": 15.27040091111253,
      "avg_wait_left": 9.948570621740078,
      "avg_wait_up": 11.350763442223233,
      "p95_wait": 36.65007330000398,
      "max_wait": 60.28345390000655,
      "throughput": 37.99992400014895,
      "avg_queue": 11.561111111111112,
      "max_queue": 21,
      "queues": [
        5,
        5,
        3,
        3
      ],
      "crossed": 114,
      "spawned": 130,
      "external_spawned": 93,
      "transferred_in": 37,
      "exited_world": 81,
      "red_light_violations": 0,
      "fairness": 0.9411764705882353,
      "iid": 0
    },
    {
      "avg_wait": 13.455784487273899,
      "avg_wait_right": 19.16625454865043,
      "avg_wait_down": 9.504404973684865,
      "avg_wait_left": 10.42809103158002,
      "avg_wait_up": 11.207641462858005,
      "p95_wait": 40.100080200004356,
      "max_wait": 60.28345390000655,
      "throughput": 33.33326666679732,
      "avg_queue": 9.244444444444444,
      "max_queue": 18,
      "queues": [
        2,
        4,
        4,
        0
      ],
      "crossed": 100,
      "spawned": 110,
      "external_spawned": 84,
      "transferred_in": 26,
      "exited_world": 70,
      "red_light_violations": 0,
      "fairness": 0.6944444444444444,
      "iid": 1
    },
    {
      "avg_wait": 12.506819885385788,
      "avg_wait_right": 11.872751018182969,
      "avg_wait_down": 12.484747191667886,
      "avg_wait_left": 11.696451964286794,
      "avg_wait_up": 14.132806043334599,
      "p95_wait": 34.0667348000037,
      "max_wait": 50.46676760000548,
      "throughput": 35.99992800014111,
      "avg_queue": 11.641666666666667,
      "max_queue": 26,
      "queues": [
        2,
        2,
        10,
        8
      ],
      "crossed": 108,
      "spawned": 130,
      "external_spawned": 102,
      "transferred_in": 28,
      "exited_world": 66,
      "red_light_violations": 0,
      "fairness": 0.7034883720930233,
      "iid": 2
    },
    {
      "avg_wait": 13.196781555753363,
      "avg_wait_right": 11.517544402565246,
      "avg_wait_down": 14.07252814500113,
      "avg_wait_left": 8.859821641177383,
      "avg_wait_up": 19.325528847060273,
      "p95_wait": 34.666736000003766,
      "max_wait": 54.56677580000593,
      "throughput": 32.66660133346138,
      "avg_queue": 9.747222222222222,
      "max_queue": 18,
      "queues": [
        2,
        5,
        1,
        7
      ],
      "crossed": 98,
      "spawned": 113,
      "external_spawned": 81,
      "transferred_in": 32,
      "exited_world": 72,
      "red_light_violations": 0,
      "fairness": 0.7120253164556962,
      "iid": 3
    }
  ],
  "overall": {
    "avg_wait": 13.059981227488176,
    "avg_wait_right": 16.08180710782634,
    "avg_wait_down": 12.833020305366603,
    "avg_wait_left": 10.233233814696069,
    "avg_wait_up": 14.004184948869028,
    "p95_wait": 36.37090607500395,
    "throughput": 139.99972000054876,
    "avg_queue": 10.54861111111111,
    "fairness": 0.7627836508953498,
    "crossed": 420,
    "spawned": 483,
    "external_spawned": 360,
    "transferred_in": 123,
    "exited_world": 289,
    "red_light_violations": 0
  }
}