{
  "mode": "fixed",
  "seed": 51,
  "spawn_rate": 2.0,
  "duration_s": 180.00036000001444,
  "fixed_dt_s": 0.0166667,
  "rl": {
    "model_path": "models/rl_qtable.json",
    "training": false,
    "epsilon": null,
    "updates": 0,
    "state_profile": "default",
    "state_table_size": 4096
  },
  "neural": {
    "model_path": "models/neural_hybrid.pt",
    "collect_data": false,
    "data_path": "data/neural/greedy_data.csv",
    "teacher_policy": "greedy"
  },
  "intersections": [
    {
      "avg_wait": 14.119110363769355,
      "avg_wait_right": 9.08176419523874,
      "avg_wait_down": 7.630879459259637,
      "avg_wait_left": 15.204681572094518,
      "avg_wait_up": 19.10393891702304,
      "p95_wait": 31.266729200003397,
      "max_wait": 36.11673890000041,
      "throughput": 39.99992000015679,
      "avg_queue": 12.719444444444445,
      "max_queue": 19,
      "queues": [
        3,
        4,
        7,
        4
      ],
      "crossed": 120,
      "spawned": 138,
      "external_spawned": 92,
      "transferred_in": 46,
      "exited_world": 79,
      "red_light_violations": 0,
      "fairness": 0.9,
      "iid": 0
    },
    {
      "avg_wait": 14.161637518621975,
      "avg_wait_right": 14.800804795350277,
      "avg_wait_down": 8.39862790833393,
      "avg_wait_left": 10.483909856667607,
      "avg_wait_up": 18.769134760418368,
      "p95_wait": 32.70006540000355,
      "max_wait": 38.40007680000417,
      "throughput": 39.66658733348882,
      "avg_queue": 14.052777777777777,
      "max_queue": 26,
      "queues": [
        5,
        1,
        11,
        9
      ],
      "crossed": 119,
      "spawned": 145,
      "external_spawned": 103,
      "transferred_in": 42,
      "exited_world": 77,
      "red_light_violations": 0,
      "fairness": 0.7412280701754386,
      "iid": 1
    },
    {
      "avg_wait": 13.774282291058087,
      "avg_wait_right": 6.996092423530128,
      "avg_wait_down": 18.970651976317246,
      "avg_wait_left": 16.213545940542005,
      "avg_wait_up": 8.210231474194295,
      "p95_wait": 33.95006790000369,
      "max_wait": 39.616745900004304,
      "throughput": 35.33326266680517,
      "avg_queue": 11.480555555555556,
      "max_queue": 22,
      "queues": [
        1,
        5,
        7,
        4
      ],
      "crossed": 106,
      "spawned": 123,
      "external_spawned": 88,
      "transferred_in": 35,
      "exited_world": 63,
      "red_light_violations": 0,
      "fairness": 0.7939560439560439,
      "iid": 2
    },
    {
      "avg_wait": 15.75692806551867,
      "avg_wait_right": 13.116075614816127,
      "avg_wait_down": 22.301526084446525,
      "avg_wait_left": 11.46761552777873,
      "avg_wait_up": 10.141686950000746,
      "p95_wait": 36.950073900000376,
      "max_wait": 39.800079600004324,
      "throughput": 34.99993000013719,
      "avg_queue": 11.975,
      "max_queue": 20,
      "queues": [
        2,
        1,
        6,
        2
      ],
      "crossed": 105,
      "spawned": 116,
      "external_spawned": 77,
      "transferred_in": 39,
      "exited_world": 67,
      "red_light_violations": 0,
      "fairness": 0.6722222222222223,
      "iid": 3
    }
  ],
  "overall": {
    "avg_wait": 14.452989559742022,
    "avg_wait_right": 10.998684257233819,
    "avg_wait_down": 14.325421357089335,
    "avg_wait_left": 13.342438224270715,
    "avg_wait_up": 14.056248025409111,
    "p95_wait": 33.71673410000275,
    "throughput": 149.99970000058798,
    "avg_queue": 12.556944444444444,
    "fairness": 0.7768515840884263,
    "crossed": 450,
    "spawned": 522,
    "external_spawned": 360,
    "transferred_in": 162,
    "exited_world": 286,
    "red_light_violations": 0
  }
}