{
  "mode": "rl",
  "seed": 46,
  "spawn_rate": 2.0,
  "duration_s": 300.00059999995244,
  "fixed_dt_s": 0.0166667,
  "rl": {
    "model_path": "models/studies/final_final_results_train10/shared_qtable.json",
    "training": true,
    "epsilon": 0.03812624836582277,
    "updates": 219,
    "state_profile": "fine",
    "state_table_size": 9216
  },
  "neural": {
    "model_path": "models/neural_hybrid.pt",
    "collect_data": false,
    "data_path": "data/neural/greedy_data.csv",
    "teacher_policy": "greedy"
  },
  "intersections": [
    {
      "avg_wait": 15.025212000870631,
      "avg_wait_right": 12.444590106517733,
      "avg_wait_down": 16.95003389999914,
      "avg_wait_left": 13.316008367119714,
      "avg_wait_up": 17.362372387011007,
      "p95_wait": 44.800089600001456,
      "max_wait": 93.0001860000101,
      "throughput": 40.9999180001705,
      "avg_queue": 14.335,
      "max_queue": 28,
      "queues": [
        4,
        6,
        5,
        9
      ],
      "crossed": 205,
      "spawned": 229,
      "external_spawned": 161,
      "transferred_in": 68,
      "exited_world": 130,
      "red_light_violations": 0,
      "fairness": 0.9113924050632911,
      "iid": 0
    },
    {
      "avg_wait": 24.20459386363162,
      "avg_wait_right": 32.95006589999248,
      "avg_wait_down": 26.247878582607147,
      "avg_wait_left": 9.145388661109028,
      "avg_wait_up": 22.806897465551117,
      "p95_wait": 56.63344660000615,
      "max_wait": 64.20012839997253,
      "throughput": 38.399923200159684,
      "avg_queue": 18.81,
      "max_queue": 38,
      "queues": [
        11,
        1,
        4,
        12
      ],
      "crossed": 192,
      "spawned": 220,
      "external_spawned": 135,
      "transferred_in": 85,
      "exited_world": 138,
      "red_light_violations": 0,
      "fairness": 0.6950354609929078,
      "iid": 1
    },
    {
      "avg_wait": 16.400927110729928,
      "avg_wait_right": 8.123164394440478,
      "avg_wait_down": 20.335789463766062,
      "avg_wait_left": 17.495087073436018,
      "avg_wait_up": 15.191697050000414,
      "p95_wait": 41.016748700001045,
      "max_wait": 106.91688050001162,
      "throughput": 38.59992280016052,
      "avg_queue": 13.298333333333334,
      "max_queue": 23,
      "queues": [
        7,
        3,
        2,
        0
      ],
      "crossed": 193,
      "spawned": 205,
      "external_spawned": 147,
      "transferred_in": 58,
      "exited_world": 126,
      "red_light_violations": 0,
      "fairness": 0.5806451612903226,
      "iid": 2
    },
    {
      "avg_wait": 16.516859956729043,
      "avg_wait_right": 14.200273498527368,
      "avg_wait_down": 24.157358256140473,
      "avg_wait_left": 13.314168042423653,
      "avg_wait_up": 13.071026141995853,
      "p95_wait": 47.266761200005135,
      "max_wait": 68.1501363000074,
      "throughput": 38.199923600158854,
      "avg_queue": 14.435,
      "max_queue": 25,
      "queues": [
        4,
        4,
        2,
        7
      ],
      "crossed": 191,
      "spawned": 208,
      "external_spawned": 157,
      "transferred_in": 51,
      "exited_world": 111,
      "red_light_violations": 0,
      "fairness": 0.85,
      "iid": 3
    }
  ],
  "overall": {
    "avg_wait": 18.036898232990303,
    "avg_wait_right": 16.929523474869516,
    "avg_wait_down": 21.922765050628207,
    "avg_wait_left": 13.317663036022104,
    "avg_wait_up": 17.1079982611396,
    "p95_wait": 47.42926152500345,
    "throughput": 156.19968760064955,
    "avg_queue": 15.219583333333333,
    "fairness": 0.7592682568366304,
    "crossed": 781,
    "spawned": 862,
    "external_spawned": 600,
    "transferred_in": 262,
    "exited_world": 505,
    "red_light_violations": 0
  }
}