{
  "mode": "rl",
  "seed": 41,
  "spawn_rate": 2.0,
  "duration_s": 300.00059999995244,
  "fixed_dt_s": 0.0166667,
  "rl": {
    "model_path": "models/studies/pres2_sw010_ws12_20260313/shared_qtable.json",
    "training": true,
    "epsilon": 0.03,
    "updates": 208
  },
  "neural": {
    "model_path": "models/neural_hybrid.pt",
    "collect_data": false,
    "data_path": "data/neural/greedy_data.csv",
    "teacher_policy": "greedy"
  },
  "intersections": [
    {
      "avg_wait": 14.896494439389485,
      "avg_wait_right": 16.5171382973601,
      "avg_wait_down": 14.793619330767346,
      "avg_wait_left": 15.756528688131105,
      "avg_wait_up": 13.434471313329972,
      "p95_wait": 40.20008039997026,
      "max_wait": 52.10010420000566,
      "throughput": 36.599926800152204,
      "avg_queue": 12.553333333333333,
      "max_queue": 27,
      "queues": [
        4,
        3,
        6,
        2
      ],
      "crossed": 183,
      "spawned": 198,
      "external_spawned": 138,
      "transferred_in": 60,
      "exited_world": 114,
      "red_light_violations": 0,
      "fairness": 0.8653846153846154,
      "iid": 0
    },
    {
      "avg_wait": 13.738100870639231,
      "avg_wait_right": 16.47503294999403,
      "avg_wait_down": 9.647134678844145,
      "avg_wait_left": 10.370710396549033,
      "avg_wait_up": 15.41642427540965,
      "p95_wait": 38.20007640000415,
      "max_wait": 59.2834518999598,
      "throughput": 39.59992080016468,
      "avg_queue": 12.286666666666667,
      "max_queue": 22,
      "queues": [
        8,
        7,
        1,
        4
      ],
      "crossed": 198,
      "spawned": 218,
      "external_spawned": 155,
      "transferred_in": 63,
      "exited_world": 117,
      "red_light_violations": 0,
      "fairness": 0.7692307692307693,
      "iid": 1
    },
    {
      "avg_wait": 11.905089169606748,
      "avg_wait_right": 7.659681985998394,
      "avg_wait_down": 12.79946062711792,
      "avg_wait_left": 15.274041847457605,
      "avg_wait_up": 10.814373480552812,
      "p95_wait": 35.25007050000383,
      "max_wait": 57.083447500002514,
      "throughput": 37.799924400157195,
      "avg_queue": 11.025,
      "max_queue": 23,
      "queues": [
        5,
        3,
        3,
        4
      ],
      "crossed": 189,
      "spawned": 204,
      "external_spawned": 156,
      "transferred_in": 48,
      "exited_world": 112,
      "red_light_violations": 0,
      "fairness": 0.9533898305084746,
      "iid": 2
    },
    {
      "avg_wait": 14.000719564313016,
      "avg_wait_right": 12.064098202220801,
      "avg_wait_down": 13.886774761443231,
      "avg_wait_left": 20.79893048666331,
      "avg_wait_up": 13.469325184207293,
      "p95_wait": 31.900063799949066,
      "max_wait": 50.016766699935516,
      "throughput": 44.39991120018464,
      "avg_queue": 14.466666666666667,
      "max_queue": 22,
      "queues": [
        2,
        6,
        2,
        9
      ],
      "crossed": 222,
      "spawned": 241,
      "external_spawned": 151,
      "transferred_in": 90,
      "exited_world": 161,
      "red_light_violations": 0,
      "fairness": 0.722,
      "iid": 3
    }
  ],
  "overall": {
    "avg_wait": 13.635101010987121,
    "avg_wait_right": 13.178987858893331,
    "avg_wait_down": 12.78174734954316,
    "avg_wait_left": 15.550052854700263,
    "avg_wait_up": 13.283648563374932,
    "p95_wait": 36.38757277498183,
    "throughput": 158.39968320065873,
    "avg_queue": 12.582916666666666,
    "fairness": 0.8275013037809649,
    "crossed": 792,
    "spawned": 861,
    "external_spawned": 600,
    "transferred_in": 261,
    "exited_world": 504,
    "red_light_violations": 0
  }
}