{
  "mode": "neural",
  "seed": 52,
  "spawn_rate": 2.0,
  "duration_s": 180.00036000001444,
  "fixed_dt_s": 0.0166667,
  "rl": {
    "model_path": "models/rl_qtable.json",
    "training": false,
    "epsilon": null,
    "updates": 0,
    "state_profile": "default",
    "state_table_size": 4096
  },
  "neural": {
    "model_path": "models/neural_hybrid.pt",
    "collect_data": false,
    "data_path": "data/neural/greedy_data.csv",
    "teacher_policy": "greedy"
  },
  "intersections": [
    {
      "avg_wait": 11.767060571112182,
      "avg_wait_right": 11.300022600001181,
      "avg_wait_down": 9.904367634783556,
      "avg_wait_left": 10.356327018919707,
      "avg_wait_up": 13.801309653847435,
      "p95_wait": 27.466721600002984,
      "max_wait": 36.73340680000399,
      "throughput": 39.33325466682084,
      "avg_queue": 10.052777777777777,
      "max_queue": 22,
      "queues": [
        1,
        5,
        4,
        7
      ],
      "crossed": 118,
      "spawned": 135,
      "external_spawned": 88,
      "transferred_in": 47,
      "exited_world": 78,
      "red_light_violations": 0,
      "fairness": 0.7939560439560439,
      "iid": 0
    },
    {
      "avg_wait": 10.335067399066379,
      "avg_wait_right": 8.953258647223056,
      "avg_wait_down": 9.385983684211418,
      "avg_wait_left": 10.560206305556315,
      "avg_wait_up": 12.209338144118883,
      "p95_wait": 24.8500497000027,
      "max_wait": 36.73340680000399,
      "throughput": 31.999936000125434,
      "avg_queue": 6.841666666666667,
      "max_queue": 16,
      "queues": [
        2,
        5,
        3,
        1
      ],
      "crossed": 96,
      "spawned": 107,
      "external_spawned": 69,
      "transferred_in": 38,
      "exited_world": 62,
      "red_light_violations": 0,
      "fairness": 0.7756410256410257,
      "iid": 1
    },
    {
      "avg_wait": 12.372319116884215,
      "avg_wait_right": 12.24950366562621,
      "avg_wait_down": 13.620758948781647,
      "avg_wait_left": 12.28584017446918,
      "avg_wait_up": 11.101982988236214,
      "p95_wait": 27.266721200002962,
      "max_wait": 39.250078500004264,
      "throughput": 47.99990400018815,
      "avg_queue": 13.511111111111111,
      "max_queue": 25,
      "queues": [
        5,
        0,
        3,
        2
      ],
      "crossed": 144,
      "spawned": 154,
      "external_spawned": 112,
      "transferred_in": 42,
      "exited_world": 84,
      "red_light_violations": 0,
      "fairness": 0.6578947368421053,
      "iid": 2
    },
    {
      "avg_wait": 11.342194401516242,
      "avg_wait_right": 12.709116327274,
      "avg_wait_down": 12.107246436667744,
      "avg_wait_left": 9.368247903125896,
      "avg_wait_up": 10.575662176924105,
      "p95_wait": 25.8500517000024,
      "max_wait": 33.366733400003625,
      "throughput": 40.99991800016071,
      "avg_queue": 10.291666666666666,
      "max_queue": 20,
      "queues": [
        1,
        1,
        3,
        4
      ],
      "crossed": 123,
      "spawned": 132,
      "external_spawned": 91,
      "transferred_in": 41,
      "exited_world": 72,
      "red_light_violations": 0,
      "fairness": 0.75,
      "iid": 3
    }
  ],
  "overall": {
    "avg_wait": 11.454160372144754,
    "avg_wait_right": 11.302975310031112,
    "avg_wait_down": 11.254589176111091,
    "avg_wait_left": 10.642655350517774,
    "avg_wait_up": 11.922073240781659,
    "p95_wait": 26.35838605000276,
    "throughput": 160.33301266729515,
    "avg_queue": 10.174305555555556,
    "fairness": 0.7443729516097937,
    "crossed": 481,
    "spawned": 528,
    "external_spawned": 360,
    "transferred_in": 168,
    "exited_world": 296,
    "red_light_violations": 0
  }
}