{
  "mode": "rl",
  "seed": 42,
  "spawn_rate": 2.0,
  "duration_s": 300.00059999995244,
  "fixed_dt_s": 0.0166667,
  "rl": {
    "model_path": "models/studies/final_final_results_train10/shared_qtable.json",
    "training": true,
    "epsilon": 0.02,
    "updates": 217,
    "state_profile": "fine",
    "state_table_size": 9216
  },
  "neural": {
    "model_path": "models/neural_hybrid.pt",
    "collect_data": false,
    "data_path": "data/neural/greedy_data.csv",
    "teacher_policy": "greedy"
  },
  "intersections": [
    {
      "avg_wait": 14.702275781300889,
      "avg_wait_right": 11.959806528257744,
      "avg_wait_down": 11.68065399189068,
      "avg_wait_left": 17.551933837969575,
      "avg_wait_up": 14.890961154408771,
      "p95_wait": 33.816734300003674,
      "max_wait": 60.233453799936626,
      "throughput": 42.59991480017715,
      "avg_queue": 14.85,
      "max_queue": 27,
      "queues": [
        6,
        4,
        5,
        2
      ],
      "crossed": 213,
      "spawned": 230,
      "external_spawned": 158,
      "transferred_in": 72,
      "exited_world": 132,
      "red_light_violations": 0,
      "fairness": 0.8919753086419753,
      "iid": 0
    },
    {
      "avg_wait": 16.552097324308622,
      "avg_wait_right": 17.93758861771746,
      "avg_wait_down": 18.830704327998696,
      "avg_wait_left": 9.8029825688868,
      "avg_wait_up": 18.54182452318445,
      "p95_wait": 40.71674810000442,
      "max_wait": 59.816786299992856,
      "throughput": 38.59992280016052,
      "avg_queue": 13.918333333333333,
      "max_queue": 27,
      "queues": [
        9,
        3,
        4,
        9
      ],
      "crossed": 193,
      "spawned": 218,
      "external_spawned": 140,
      "transferred_in": 78,
      "exited_world": 130,
      "red_light_violations": 0,
      "fairness": 0.8355614973262032,
      "iid": 1
    },
    {
      "avg_wait": 14.541656990230702,
      "avg_wait_right": 15.80644186923049,
      "avg_wait_down": 14.923807625331841,
      "avg_wait_left": 15.503283039021348,
      "avg_wait_up": 10.154186974999059,
      "p95_wait": 36.783406900003996,
      "max_wait": 55.050110099946295,
      "throughput": 40.79991840016967,
      "avg_queue": 12.873333333333333,
      "max_queue": 26,
      "queues": [
        2,
        4,
        4,
        1
      ],
      "crossed": 204,
      "spawned": 215,
      "external_spawned": 144,
      "transferred_in": 71,
      "exited_world": 145,
      "red_light_violations": 0,
      "fairness": 0.8175675675675675,
      "iid": 2
    },
    {
      "avg_wait": 16.207660939300727,
      "avg_wait_right": 19.78670623999995,
      "avg_wait_down": 20.235575062260292,
      "avg_wait_left": 11.496122282971871,
      "avg_wait_up": 11.16424997073111,
      "p95_wait": 51.98343730000565,
      "max_wait": 83.7335008000091,
      "throughput": 37.39992520015553,
      "avg_queue": 13.676666666666666,
      "max_queue": 27,
      "queues": [
        4,
        5,
        5,
        0
      ],
      "crossed": 187,
      "spawned": 201,
      "external_spawned": 158,
      "transferred_in": 43,
      "exited_world": 104,
      "red_light_violations": 0,
      "fairness": 0.7424242424242424,
      "iid": 3
    }
  ],
  "overall": {
    "avg_wait": 15.500922758785235,
    "avg_wait_right": 16.37263581380141,
    "avg_wait_down": 16.417685251870378,
    "avg_wait_left": 13.5885804322124,
    "avg_wait_up": 13.687805655830847,
    "p95_wait": 40.825081650004435,
    "throughput": 159.39968120066288,
    "avg_queue": 13.829583333333332,
    "fairness": 0.8218821539899971,
    "crossed": 797,
    "spawned": 864,
    "external_spawned": 600,
    "transferred_in": 264,
    "exited_world": 511,
    "red_light_violations": 0
  }
}